cdr3_aa	read_count	cluster_id	is_medoid
CARSSPPNWNDGQDFDYW	1	-1	false
CAIRGAGSGRRSVRIRNWFDPW	1	-1	false
CARDLGYSSSSESYYYYYGMDVW	1	-1	false
CARGGGRLPTSHFDYW	1	-1	false
CARGVGVYYDSSGYENPPWYFDYW	1	-1	false
CAREGAYDSSTDIW	1	-1	false
CARDRYYDSSRRGMDVW	1	-1	false
CARRRIMITFGGVIVYYFDYW	1	3	false
CARPARTTGTNAGWFDPW	1	-1	false
CARGSLSSGWYQDSWFDPW	1	-1	false
CVRGSGGLGVW	1	-1	false
CAKDTVAAALDYYYYGMDVW	1	-1	false
CARSRAKRWEYCSSTSCYLYNWFDPW	1	-1	false
CASGQIAAAGYYYYYMDVW	1	-1	false
CARGVVPAAKVYCDYW	1	-1	false
CARGTGSPLNWFDPW	1	-1	false
CARVEATCSSTSCYYYYYYGMDVW	1	-1	false
CARDLTVTTYGMDVW	1	-1	false
CARGNSDYGDYNVWFDPW	1	-1	false
CARARESPGVYYYYYGMDVW	1	-1	false
CARVYGDPTFGFFDYW	1	-1	false
CARSHYHSSSPWGYW	1	-1	false
CARDRMVEAVAGTYHLIDYW	1	-1	false
CARSLWVQYYFDYW	1	-1	false
CALIRSDSGRPALNDYYYYGMDVW	1	-1	false
CASDYGGKDYW	1	-1	false
CARHRDYGDYADYYYMDVW	1	-1	false
CARHKESYQLLSAFDIW	1	-1	false
CARLRYVEAVAGLRAQDFDYW	1	-1	false
CARQTYTGYSYGYYYFDYW	1	-1	false
CARDSSGWYEVHWYFDLW	3	-1	false
CARPNHWYFDLW	2	-1	false
CAREGGCSSTSCWRLSVGWFDPW	1	-1	false
CARGGCSSTSCYTSWVWWQQQLKDANAFDIW	1	-1	false
CARLRGYCSPVNSPQLVPFCAFDIW	1	-1	false
CARGAAGHTWRRVYFDYW	1	-1	false
CARGIVVVPAAIHNYYYGMDVW	1	-1	false
CARPSNAATIAQFDYW	1	-1	false
CATAGYSSRFISYW	2	-1	false
CARDVSGYDFDPW	1	-1	false
CAKAGEVIPGVVPAATYYFDYW	1	-1	false
CAREGSWYSGFGGFDYW	1	-1	false
CARPPWEWEGAGKGSYYGMDVW	1	-1	false
CASLNTGKNRDYW	1	-1	false
CARVAQGPRNYDILTGYFRYYGMDVW	1	-1	false
CARDPSPNSGSPFDYW	1	-1	false
CARDQFSNLSGGMDVW	1	-1	false
CASGVVVTASRSDAFDIW	1	-1	false
CARSLTSCYVGGYDCNNWFDPW	1	-1	false
CARDHRLDNWFDPW	1	-1	false
CARAGPKGVIITAGGRGPDYYYYYMDVW	1	-1	false
CARAGSYYMDVW	1	-1	false
CAREEQGPYPAMVLNYYYYYMDVW	1	-1	false
CARDEMGITIFGVASGWFDPW	1	-1	false
CAKDYYDSSGYHPFDYW	1	-1	false
CAKGRAAADPYSDAFDIW	1	-1	false
CARDGPLWYDILTGYSPSSYYYYGMDVW	1	-1	false
CARDLTQRSGYGGNIGDYYYYGMDVW	1	-1	false
CARDYDSSGYYYVYAFDIW	1	-1	false
CARAHPKYYDFWSGNYW	1	-1	false
CATVQRDYYYYYMDVW	1	-1	false
CATSRYYDFWSGYLNWFDPW	1	-1	false
CARILKVGAYPGDYW	4	-1	false
CARQQLVLGFDYW	1	-1	false
CARFLGAQYYFDYW	2	-1	false
CAKDGPGDYYGSGRGTYGMDVW	3	-1	false
CAKIWLQFYYYYGMDVW	1	-1	false
CARGIDIVVVVAATEFDYW	1	-1	false
CARFSVVGATDGVYFDYW	1	-1	false
CASNTDIVVVPAAMPIRGSYYYYYGMDVW	2	-1	false
CARGLSRFDPW	1	-1	false
CARDGPGYCSSTSCQDRAIYGMDVW	1	-1	false
CARDTVTGQWLVGGMDYW	1	-1	false
CARGVSIAADFDYW	1	-1	false
CARGYCSSTSCYSSRGGNDYW	1	-1	false
CARVGIVVVVW	1	-1	false
CARVASRDWSIAARVYYYGMDVW	1	-1	false
CARVYITIFGVVPDYW	2	-1	false
CAREDGYYYGMDVW	2	-1	false
CARGRVLINSSCDPFDYW	1	-1	false
CARGGGLGYCSSTSCYGAFDIW	1	-1	false
CAREVGRRAPFDIW	1	-1	false
CAAGDNFDYW	1	-1	false
CARDMGSRLSSSSFGDAERGPIFDYW	1	-1	false
CARRTNIAVAPLDYW	1	-1	false
CARGWMDCSSTSCYHALDKLMDVW	1	-1	false
CARGTSHGPSRMTTVTTFSVW	1	-1	false
CARVPGSKFDYW	1	-1	false
CARWAATPGFVMDVW	1	-1	false
CARLFFGGRYDFWSGYRLHYFDYW	1	-1	false
CASVYGDYLDYYFDYW	1	-1	false
CARTYRWLVSNYYYGMDVW	1	-1	false
CATRSGSYYNDVYYYYGMDVW	1	-1	false
CARIAGWDDNDYW	1	-1	false
CARWNDYW	1	-1	false
CARLMVQGVSNYMDVW	1	-1	false
CTFLGVVIGFSW	1	-1	false
CAHRLSIAARLGWWFDPW	1	-1	false
CAHSSYTIFGVVNDIGGAWFDPW	2	-1	false
CAHSGITMVQGVIWPGGVFDYW	1	-1	false
CARDYDIVVVPAANLDYW	1	-1	false
CAREQRGYSGYGVEYYYYYYMDVW	1	-1	false
CARISVSYEIVVVPAAINAFDIW	1	-1	false
CAHFVVVVAARNDYFDYW	2	-1	false
CARPRSSSFDGGRYYYYYGMDVW	1	-1	false
CARHYYSVGFGESNYYYGMDVW	1	-1	false
CARTCDWDIVLMVYAVFDYW	1	-1	false
CARTTGPEVHDAFDIW	2	-1	false
CARHRLGSSSGWDYW	1	-1	false
CARQGEWLADYW	1	-1	false
CARVRYYDSSGYYYESYW	1	-1	false
CARVNGDRSVLRLSVYYYYYMDVW	1	-1	false
CARADSSGYFVTGDYFDYW	1	-1	false
CARARGPTYYYDSSGFGGYFDYW	1	-1	false
CARAQGYCSSTSCPDYYYYMDVW	1	-1	false
CARLSVPAARSFDWFDPW	1	-1	false
CARRPAAMSDAFDIW	1	-1	false
CARPSYDSPIRW	1	-1	false
CARHTGQLAGGFDYW	1	-1	false
CARWGLGPSPDVW	1	-1	false
CARFGSPW	1	-1	false
CARVPGGGQQLINFDYW	1	-1	false
CARAGYSSMGQDYW	1	-1	false
CARLLVPAAAFDYW	1	-1	false
CASAPKIPFWSGYYTLDPDVW	1	-1	false
CAGGWERWLQFEDYW	1	-1	false
CARGGYCSSTSCSRGGYYYMDVW	1	-1	false
CARDGGGGVGSSFDYW	1	-1	false
CARVWYPW	1	-1	false
CARDSSSPWEDYYYGMDVW	2	-1	false
CARDMTMLRFLEWLYYFDYW	1	-1	false
CARDKIGYCSGGSCRETNYYYYGMDVW	1	-1	false
CARDQGRGDYGDYGYYYYGMDVW	1	-1	false
CARLGYCSSTSCYRSRTFEGFNYYYYMDVW	1	-1	false
CARGVQKAYCSSTSCYTGWFDPW	2	-1	false
CAKGGFLEWYSDYW	1	-1	false
CAKDHSSGWLLYFDYW	1	-1	false
CAKDKWLRLFDAFDIW	1	-1	false
CAKDVQYPITMIPKSFDPW	1	-1	false
CAKVAANIWFGEALFDYW	1	-1	false
CAKVGYSGYSTYYYGMDVW	1	-1	false
CAKGGPDYDFWSGYFVFDYW	1	-1	false
CAKGSGVQRRTLDYW	1	-1	false
CAKAEGGGIQLWLGFPTADAFDIW	1	-1	false
CAKAPVDTAMVGYYYYGMDVW	2	-1	false
CAKYTSPGGTTPGAFDYW	1	-1	false
CAKSAGYNPIPGYYW	1	-1	false
CAKRGYKAIFGVSRGPGHMDVW	1	-1	false
CAKANIVVVPAATKGYVGGYFDYW	2	-1	false
CANPPLLGYYYGMDVW	1	-1	false
CAKGARIQLWFWAYW	2	-1	false
CAKGRTMVRGVIIKGDYYYYGMDVW	1	-1	false
CAKDTIWFGELPVGGDYW	1	-1	false
CAKDYGCTSTSCYRGMVGDAFDVW	1	-1	false
CAKDQTTHTNPRGQWLVRGHYGMDVW	1	-1	false
CAKVEGDPPDYDFWSGYYFYW	1	-1	false
CAKAPLANYGSGSCPYFDYW	2	-1	false
CAKDLREEALHTISGDGSFWDYW	1	-1	false
CANLGAADTAMIFDYW	1	-1	false
CAESGGSGWSPSDYW	1	-1	false
CAKDVTGYCSSTSCYHYYYYYMDVW	1	-1	false
CAKDSLIYPPYDGYDYW	1	-1	false
CAKDTATIPGLDNGQVRGYW	2	-1	false
CARVPLRGYYSSSSRYNWFDPW	1	-1	false
CARVRYYYGSGSYWGTPDRSKKHGFDPW	1	-1	false
CARVLYYYGSGSYYNYDYW	1	-1	false
CARVRQIVGATRGFDYW	1	-1	false
CARVGVDTAMVRGYYFDYW	1	-1	false
CARAVGYSNYIDYYYYMDVW	1	-1	false
CARAAGRYCSSTSCYFARYYYGMDVW	1	-1	false
CARALGYCSSTSCYKSPYYYYYGMDVW	1	-1	false
CARAHRGVLVVPAAMIDYW	1	-1	false
CARAITGYSSSWYRGGYYYYYYMDVW	1	-1	false
CARAHRYRSGEAYPDYW	1	-1	false
CARAARGRGRIAAAGTRPTRWGFDYW	1	-1	false
CARAGYSSGWYFLGVGGYFDYW	1	-1	false
CARATGRYYYYYYMDVW	1	16	false
CARAPNYDFWSGRTHYYYYYYMDVW	1	-1	false
CAREGKLGYCSSTSCYGRGYYFDYW	1	-1	false
CAREGGIYYGSGSYHKHNWFDPW	2	-1	false
CAREGLDGESGHMRGDSVYW	1	-1	false
CAREIYDFWSGWEIDYW	2	-1	false
CARESIAARPVVYYYGMDVW	1	-1	false
CAREPSSSQYQLLSNYYYMDVW	1	-1	false
CARRYYDFWSGLFGVNYFDYW	1	-1	false
CARRGYCSSTSCSRVGVRGAFDYW	2	-1	false
CARRGSSSSWYLRGSVSWFDPW	1	-1	false
CARRRLVIIRGFDYW	1	-1	false
CARRPITMIVVVKYFDYW	1	-1	false
CARLSTRRLFGVVNHHYYYYYMDVW	1	-1	false
CARSLSGRTMVRSRAFDIW	1	-1	false
CARSLIVVVPAAMTGNWFDPW	1	-1	false
CARSQFYSYGGVYYFDYW	1	-1	false
CARLIPFWSGYYRGAAIYGMDVW	1	-1	false
CARFELASDCSSTSCYAGGDYW	1	-1	false
CARCNPGGGSSTSCYWGHFDYW	2	-1	false
CARWAGLRPSGDYGMDVW	1	-1	false
CARRENSKTDFWSGYYKYYFDYW	1	-1	false
CARRVQLEWVHLAENWFDPW	1	-1	false
CARAHYDFWSGYYTAKRGSGVDYW	1	-1	false
CARSQCSSTSCYAGTRPSSSVYFDYW	1	-1	false
CARPSSTSCFDYW	1	-1	false
CARGVAGNFDYW	1	-1	false
CASLPPYFRGSGFDVPW	1	-1	false
CASAAALFGVVSYYYYYMDVW	1	-1	false
CASGPAVADNW	1	-1	false
CATYPDWYDLPLDYW	1	-1	false
CASQLYLDYW	1	-1	false
CARDKDFWSGYTNFDYW	1	-1	false
CARGVVPAAIGYYYMDVW	1	-1	false
CARESSGSCSSTSCNRGGFDYW	1	-1	false
CAKDLRGAFYYYYYYGMDVW	1	-1	false
CAKDRAAGRRHYGMDVW	1	-1	false
CAKPYSSGWYAQMTPDYW	1	-1	false
CARSSGYSYVPTLLAGFYFDYW	1	-1	false
CARPVGMLEVVPAANSYFDYW	1	-1	false
CARDLQATVTTNYFDYW	1	-1	false
CAKDLASTGQPLDYW	1	-1	false
CAKRVAGTNNWFDPW	1	-1	false
CARPKNYDFWSGYFERYYFDYW	1	-1	false
CAKGAGYSSSHYFDYW	1	-1	false
CARKPLYRLGWAAAPGDYYYYYGMDVW	1	-1	false
CARGGGYCSSTSCYAFLYYYYYYMDVW	1	16	false
CARVEDSRGYYYYGMDVW	1	-1	false
CAKGRLEMATIKEGGFDYW	1	-1	false
CARDLLGPRYFDLW	1	-1	false
CAINMYSSSAYVW	1	-1	false
CAALTGPPPGGQYQLLFMDPGDYYMDVW	1	-1	false
CATEYYYEGMDVW	1	-1	false
CARGSAQWLVHDWYFDLW	1	-1	false
CARERGLFLEWVATNYYYYMDVW	1	-1	false
CARDASGWLDPPDIVEGRLVYYYYMDVW	2	-1	false
CARGYDSPPNGAFDIW	2	-1	false
CARGMRDILTGYLRTYPGYFDYW	1	-1	false
CARTTTVTIPFDYW	1	-1	false
CASVDYDFWSGYYXYW	1	-1	false
CARGGGYCSGGSCKKARPFDYW	1	-1	false
CARELVRTGYYYYGMDVW	1	-1	false
CAREGRQDTAMVSRFDYW	1	-1	false
CARAMTTVTYFDYW	2	-1	false
CARVAGYCSSTSCPGGWSWFDPW	1	-1	false
CARSEDIVVVPAAILEGMIAFDIW	1	-1	false
CASNYGGEYFQHW	1	-1	false
CASAPGYTVTEESAGFDYW	1	-1	false
CARGHVGGVPAAFNWFDPW	1	-1	false
CARGKTYYYDSSGSYYYYYMDVW	1	-1	false
CARGPLSGGYQLLVGWFDPW	1	-1	false
CARHRGYCSGGSCYHFDYW	1	-1	false
CARRVVVAATLVRGAFDIW	1	-1	false
CARRSIAVAGTPSYFDYW	1	-1	false
CARLVIAARRFSWFDPW	1	-1	false
CARLSRFRDFWSGYPGGTFDIW	2	-1	false
CARLTSAEYFQHW	1	-1	false
CARLRTYCSSTSCHPSYFDYW	1	-1	false
CARLLLAARAMDVW	1	-1	false
CARLKDSSGYFDYW	2	-1	false
CARLLRGILTGYERGGLVDYW	1	-1	false
CARLWSTAMSDW	1	-1	false
CARPPNGIRGVIWVPKW	1	-1	false
CARPGEWLRFLEHDAFDIW	1	-1	false
CARPESIAVAGPHWFDPW	2	-1	false
CARGQWGGGYIGYW	1	-1	false
CARDSELLDRRVSETYNWFDPW	1	-1	false
CARAGYFDWLFHRDYFDYW	1	-1	false
CARYFVVPAAPDMHFDYW	1	-1	false
CARLQWLGWGPRVYYFDYW	1	-1	false
CARLRFLEWLGNYYYYGMDVW	2	11	false
CARSHAYSSSLYYYYYYMDVW	1	-1	false
CASFLLPFWSGYRLPSGWFDPW	1	-1	false
CARDSYSSGWPRYDWGYYYYYMDVW	1	-1	false
CARVGPIYCSSTSCYYYYYYYMDVW	1	16	false
CASRYSSSWYTGGSIDYW	1	-1	false
CATPNREPTENYYYYYMDVW	1	-1	false
CASLKHRSNTNYYYYGMDVW	1	-1	false
CARVGYGDYSLGYW	1	-1	false
CAKGIILGELSLLTLFDYW	1	-1	false
CTRDPRGYSYWYFDLW	1	-1	false
CTGTYYYGSGSYGVDPW	2	-1	false
CTRDLRPAAPEPYFDYW	1	-1	false
CTRDLERYYYDSSGYFAVDYW	1	-1	false
CTRGGWGQLLRKDWFDPW	1	-1	false
CTRGGADTTHVLRFLPLHFDYW	1	-1	false
CTRQIVLMVYASYGMDVW	1	-1	false
CTSRPCEDCSSTSCYCFVLPFDPW	1	-1	false
CTRVQPRDLGTYYYDSSGYYFLDSW	1	-1	false
CTRDLSYYDFWSGYLPHYYFDYW	1	-1	false
CTTDAADYGDLDYW	1	-1	false
CTTFSPYGPYYYYYMDVW	1	-1	false
CTTDLGYVWGSYPAANLDYW	1	-1	false
CTTGYAGLVVHSSIVVVPAAMVYW	1	-1	false
CTTARFHIIRFLEWPLDYW	2	-1	false
CTTEILPDYYYGSGSYYNSTVQYYYYYMDVW	1	-1	false
CTTETETMQYW	1	-1	false
CTTTGPVDSSSSGTTYSTS	1	-1	false
CTSSIWYGALLYFDYW	1	-1	false
CTIHGGDIDLAQYRDW	1	-1	false
CTTDDGGGYCSSTSCQTFDYW	1	-1	false
CTTDGVEEQWLNDAFDIW	1	-1	false
CTTDPQIQWELFWWRGMDVW	2	-1	false
CTTDRISFSWYYGMDVW	1	-1	false
CTTDRYSSGWYDFDYW	1	-1	false
CTTDLYERITIFGVVIFDYW	1	-1	false
CTTDSVPRYSSSSRAFDYW	1	-1	false
CTTDRQWLASYDYW	1	-1	false
CTTDTDRTDYDYVWGSYRYYPDAFDIW	1	-1	false
CTTEFDYW	2	-1	false
CTTETIVVVPAAFYW	1	-1	false
CTTEGYCSSTSCYDGFDPW	1	-1	false
CTTDPYDFWSGYLDYW	1	-1	false
CTTDTNFGELISGVDPW	1	-1	false
CTTVDDFWSGYYSEPRDYW	2	-1	false
CTTVSHDYGLYNWFDPW	1	-1	false
CTTGGDFWSGYKTQYYYYYGMDVW	1	-1	false
CTTGPRAYTVTAPLLWW	2	-1	false
CTTGRPTGNYYYYYMDVW	1	-1	false
CTTGRGTFGGGREDYW	1	-1	false
CTTGSPADIVVVPAAIYDAFDIW	1	-1	false
CTTATPLYSGYDSDDAFDIW	1	-1	false
CTTARRGYYYDSSGYYFFRWDAFDIW	1	-1	false
CTTEYYDFWSGYFDAFDIW	1	-1	false
CTTEEWLVYLGDW	1	-1	false
CTTSLVVVPAAMSNYYYYMDVW	1	-1	false
CTTSSVDSGISGMDVW	1	-1	false
CRKEDSSGYYYDEYW	2	-1	false
CSGRGPWFRELTLFRGKPRMDVW	1	-1	false
CARGESDIVVVPAAMGLGVFDYW	2	-1	false
CATGYCSSTSCSNWFDPW	1	-1	false
CAREKTQDHTGPWSW	1	-1	false
CARDAPDIVVVPAAVQTKASIYYYYYYGMDVW	1	-1	false
CARPYCSSTSCYRPADYYYYGMDVW	1	-1	false
CARTLYTYYDILTGGGPLGGTSGAFDIW	1	-1	false
CARDRCSSTSCAVDYW	1	-1	false
CARADDLGDCSGGSCRSFPDYW	1	-1	false
CARDSRLYGSGTFDYW	2	-1	false
CAREGCGGECIDYW	2	-1	false
CARVVHCSSTSCSIGDGWNWFDPW	1	-1	false
CARALLSGEDIVVVPRLDPW	1	-1	false
CTTGLCWSESYDSSGYGIFDYW	1	-1	false
CAATDCSSTSCYYYYYMDVW	1	-1	false
CARERADYYYMDVW	1	-1	false
CARDMGSMVRGVIYYYYGMDVW	1	-1	false
CARDQGGRGFDYW	1	-1	false
CARDPAIDTENYYYYYGMDVW	1	-1	false
CARSVGDIVVVPAAMQDAFDIW	1	-1	false
CASSYGSGSYYNGYAEYFQHW	1	-1	false
CARDHHGYSYGFNYYYYMDVW	1	-1	false
CVLPAAFKQPDYYYYMDVW	1	-1	false
CARDLSGLRYFDWLSSDYGMDVW	1	-1	false
CARDLKTTVTTRDYW	1	-1	false
CARDTLQIG	1	-1	false
CARDTTPDYGDHWYFDLW	1	-1	false
CARDATYCSSTSCERGAFDIW	1	-1	false
CARGRSYGYYYYYYMDVW	1	16	false
CARGVYDFSWFDPW	1	-1	false
CARGQYSSGWYDYYYYYGMDVW	1	-1	false
CARVKVDTAKGLYGMDVW	1	-1	false
CANPYGGEDYW	1	-1	false
CAKDHGSYSSWYYYYYGMDVW	2	-1	false
CAKVPFGMVIMNVFFEYW	1	-1	false
CAKLWFGELLTRGGIDYW	2	-1	false
CAKVFKVDDFWSGYMDYW	1	-1	false
CMRGWSAW	1	-1	false
CAKGHVGGGNSIYFDFW	1	-1	false
CAKVVVVPAANHMDVW	1	-1	false
CARSMGAGYSYAKLGGDAFDIW	1	-1	false
CVTGGIHQW	1	-1	false
CTTGPDYYDNKW	1	-1	false
CAKDGVDYDFWSGSGAKWDDYW	1	-1	false
CARERGNWNDYYYYGMDVW	1	-1	false
CARGGLVPAALARGAVRSHWFDPW	1	-1	false
CARDSVGDFWSGYFDYW	1	-1	false
CARDRTTIGGGLGYCSSTSCYAPILSGYMDVW	1	-1	false
CARDGGYPNYYYYYGMDVW	1	-1	false
CARDNAIRRGYSGYDPHYYYYYMDVW	1	-1	false
CARRPYYYDSSGSYPNYYYYYGMDVW	1	-1	false
CAKGSLGYDSSGPFGYW	1	-1	false
CAKDMGPGYSSSWYGLRSYYYGMDVW	1	-1	false
CAKGNYYDSSGYADYW	1	-1	false
CAKDSSGNWNYVSNYGMDVW	1	-1	false
CAKVPVPNYYYGMDVW	1	-1	false
CAKDSADYIVHPVFDYW	1	-1	false
CAKDIGSGYFSFDYW	1	-1	false
CGRAHYYYYYMDVW	1	-1	false
CAKDSAPHCSSTSCSYYYYMDVW	1	-1	false
CAKDIVRRHCSSTSCRYGGAFDIW	1	-1	false
CAKDIGCSSTSCSPGAFDIW	1	-1	false
CAKDPTLKKDTAMVYYFDYW	1	-1	false
CARKGHSSGRWYFDLW	1	-1	false
CARTRYGDYAVSSESDAFDIW	2	-1	false
CARGQLERRFGVLVNYYYYYMDVW	1	-1	false
CARGINYYFNRPWFDPW	1	-1	false
CARGRYCSSTSCPYYFDYW	1	-1	false
CASHPQALVVPAAIQDAFDIW	1	-1	false
CASRGAGIAAAEPFDYW	1	-1	false
CATNYCSSTSCYTGPLGYW	1	-1	false
CATQSGVVPAAPGAYYYYYMDVW	1	-1	false
CATLFRRADYYGMDVW	1	-1	false
CAGVGYYYYMDVW	2	-1	false
CAGRAFWSGSPLSHSDYW	1	-1	false
CLGRRGYYYYGMDVW	1	-1	false
CARGANTVNSKGWFDPW	1	-1	false
CARSSLEGRRYCSGGSCYRLYYYYGMDVW	1	-1	false
CARGVSVPDPVATAAGNYFDYW	2	-1	false
CARGRYSGYDYFDYW	1	-1	false
CARGGGSYGYVTRVSHYYGMDVW	1	-1	false
CARGSIVVVPAAIKYKNWFDPW	1	-1	false
CARGGFCSSTSCYGYGPDKTRGDWFDPW	1	-1	false
CARLRRRSSSSTRYYYYYYMDVW	1	-1	false
CARGSRKLTMVRGFNWFDPW	2	-1	false
CARGPYDYVWGSYRSPSPFDYW	1	12	false
CARVSIIVVVPAAIFNCYFDYW	1	-1	false
CARDPYSSSWYPEDVW	1	-1	false
CARPYCSSTSCYIDYW	1	-1	false
CARDRNYYYYMDVW	1	-1	false
CARGDYSHWYFDLW	1	-1	false
CARDIFRVVPAAGLPPDAFDIW	1	-1	false
CARDRTYYYDSSGYYYYGMDVW	1	16	false
CARDNTGDLLDYW	1	-1	false
CARDYAGGRAYYYYMDVW	1	-1	false
CARDPQSTVLRFLEWSGDWYFDLW	1	-1	false
CAREDTVVVITKGPAAFDIW	1	-1	false
CAREPYYDFWSGYQWYGMDVW	1	-1	false
CARDGYCSGGSCSYYYYYMDVW	1	16	false
CARDGSYDSSGYDWDYW	1	-1	false
CARGPEYSSSWLSYYYGMDVW	1	-1	false
CARGEVRFLEWSPYYYGMDVW	1	-1	false
CARGKYSSGPYYYYYGMDVW	1	-1	false
CARGRFAVDYW	1	-1	false
CARGQQHTTIFGVVTNAFDIW	1	-1	false
CARGYCSSTSCYYVSAYYMDVW	1	-1	false
CARALTWSYYDILTGYYRPTYWYFDLW	1	-1	false
CARASLLVRGVVRPSDVW	1	-1	false
CARVAWQLGFFDYW	1	-1	false
CARVFPPVILTDFWSGYYTGAPDYW	1	-1	false
CARVTEADSSGWYTLVHYYYYYMDVW	1	-1	false
CARFPVAAADYYYYYYYMDVW	1	-1	false
CARRGYSYDDIDYW	1	-1	false
CARARNYYDSSGYSHDYW	1	-1	false
CARGFLHYDFWSGLPNW	1	-1	false
CARLVGWNDKQNWFDPW	1	-1	false
CASKTTVGRLGFDPW	1	-1	false
CAKYGSGSYNPFTSW	1	-1	false
CAREPKLELQAFDIW	1	-1	false
CASYYGDYVDYW	1	-1	false
CADYGDYGLQYW	1	-1	false
CARLVVPAATAISWFDPW	2	-1	false
CARDCSVTIFGVVIYGWFDPW	1	-1	false
CARDICGGSCYSGDW	1	-1	false
CARGYGDTAASYFDYW	1	-1	false
CARANIVATDYYYYYYMDVW	1	-1	false
CASTHYGDYSEGIW	1	-1	false
CARQYCSGGSCYPHTPW	2	-1	false
CARDSYYDFWSGYYSNYYGMDVW	1	-1	false
CARAERYYDFWSGYQTNNWFDPW	1	-1	false
CARVTGTPLWGFDYW	2	-1	false
CARGGPSYGGAAAGTTRNWFDPW	1	-1	false
CARDRGLLTAFDIW	1	-1	false
CARDLPGAFDPW	1	-1	false
CARGRRDGYNPQGYFDYW	2	-1	false
CARGPLYCSGGSCIYYYYYMDVW	1	-1	false
CARGGRSGYYHFDYW	1	-1	false
CARGSSVGYSSGWYIWFDGMDVW	1	-1	false
CARGTSDYGGNTYYFDYW	1	-1	false
CARDRLPNGVAGPPGFDYW	1	-1	false
CARDLLPSRFDPW	1	-1	false
CAFSRGVDYYYYYMDVW	1	-1	false
CARSQEIENYDFWDYYMDVW	1	-1	false
CAGSNRGALDAFDIW	1	-1	false
CASLYYGSGSYYAYFDNW	1	-1	false
CMGERIAAAGLAFDIW	1	-1	false
CARGSHYYDSSGYYDHYYYYGMDVW	1	-1	false
CARGGITLWFGGGTDAFDIW	1	-1	false
CARALVLVMDVW	1	-1	false
CARARVGDSSGYYFDYW	1	-1	false
CARFIVVVPAALDAFDIW	1	-1	false
CARSGVGDSSGCLDYW	1	-1	false
CARPIPGPDAFDIW	1	-1	false
CARDVKISAAAGTGFSHYYYGMDVW	1	-1	false
CARGTRLSYYYYMDVW	2	-1	false
CASRHRRRRYYFDYW	1	-1	false
CAAVLFSQLLSDYYYYMDVW	1	-1	false
CAASLYCSSTSCYFGTDYYYYYGMDVW	1	-1	false
CARDGWFRELDYYYYYYMDVW	1	-1	false
CARDPADFWSGFDYW	1	-1	false
CARDQRDIVVVPAAMPMHYYYGMDVW	1	-1	false
CAKILKSGDYPDYW	1	-1	false
CASFYRTIAARDPKYYYYGMDVW	1	-1	false
CTRLVAPNDYW	1	-1	false
CARVGRFGNIVATLAYYYYGMDVW	1	-1	false
CAKDLDGYYNVGSFDYW	2	-1	false
CAKDIGDCSSTSCYGRTNYYYYMDVW	1	-1	false
CARDQSHSGRVDYYGMDVW	1	-1	false
CAAYYYDSSALPGDAFDIW	1	-1	false
CSVGWSVAGTGRAYYYYYMDVW	1	-1	false
CTTEYDFWSGTPGYW	1	-1	false
CTTDQRDIVVVPAAMCPHVW	1	-1	false
CTTDLSSPVYSSGYYYYFDYW	1	-1	false
CTTGGVYCSSTSCYAHSQYFQHW	1	-1	false
CTAETSYDSSGYYYVNFDYW	1	-1	false
CARQQQLPSWFDPW	1	-1	false
CARIYVAAAVVEGIDYW	1	-1	false
CARYGGYYYYYGMDVW	2	16	false
CTRNYDFWSGYYTPLGFDYW	1	-1	false
CTRRVVGGDYYYGMDVW	1	-1	false
CTRQFLYYYDSSGYYEDDYW	1	-1	false
CTRLYSPGYSSSWSDYW	1	-1	false
CTRLNYYYYGMDVW	1	-1	false
CARSPTHIAAAGYNWFDPW	1	-1	false
CAKPQWDRGVWVVPATDYAFDIW	1	-1	false
CARERIYCSSTSCYPWYFDLW	1	-1	false
CARDGCSGGSCVPGYYYGMDVW	1	-1	false
CARDRSGYYYYRGMDFDLW	1	-1	false
CARDPALDFWSGNFDYW	1	-1	false
CARDPGITIFGVVYPKPPDVW	1	-1	false
CAREPRQARPMAFDIW	1	-1	false
CARGGSSSGSYYSLVWAFDIW	1	-1	false
CARAIVGAAGYW	1	-1	false
CARAVSVVVPAAKGGYYYYYMDVW	1	-1	false
CARGGRYCTGGVCYADYW	1	-1	false
CARDHLGVVTPDRCDYW	1	-1	false
CARHSGEQWLDYW	1	-1	false
CARHSITIFGVVSGDDAFDIW	2	-1	false
CARLWDRSGRYSNYYYMDVW	2	-1	false
CARHRGYCSGGSCYSVDYW	1	-1	false
CARQEVRAYYDFWSGYYSIEGRWFDPW	1	-1	false
CAKDAACSSTSCYLGYYYYYMDVW	1	-1	false
CAKDLDTRQTCSSTSCYYYYYGMDVW	1	-1	false
CAKDMVRGVARNDAFDIW	1	-1	false
CAKGNWNYGGMDVW	1	-1	false
CAKDARPFGGYDYRAFDIW	1	-1	false
CAKIYCSSTSCYYDAFDIW	2	-1	false
CAKDWRRNPGYYFDYW	1	-1	false
CAKDLTPGAVTDAFDIW	1	-1	false
CAKDIELKSDIVLVGPDYW	1	-1	false
CAKDIGAWWQGYDSSGLNWFDPW	1	-1	false
CAKDIGYDFWSGYYYYYGMDVW	3	-1	false
CAKDIVAAAGTSLDYW	2	-1	false
CAKDIYDFWSGYYSVGYYYYMDVW	1	-1	false
CAKDINPPIDYGDFDYYYYGMDVW	1	-1	false
CAKDMVGHYYYYMDVW	1	-1	false
CAKDMGERGYNWFDPW	1	-1	false
CAKDMGAAGQNYYGMDVW	1	-1	false
CAKDMRFLEWSTGFDYW	1	-1	false
CAKDIKYQLLLGGRGYAFDIW	1	-1	false
CAKDIGYCSGGSCQGGWFDPW	3	-1	false
CAKDIREAYSYGPAPDYYYYGMDVW	1	-1	false
CAKDNTDDFSGDNWFDPW	1	-1	false
CAKDNQPYPNEIGYW	1	-1	false
CAKDNLRGFGVVSGPFDYW	1	-1	false
CAKDKGFTVTTGLSLDYW	1	-1	false
CAKDSGYGETFDYW	1	-1	false
CARGSRGGEDYW	1	-1	false
CARARASYYDFWSGLSPW	1	-1	false
CARGFGRRYSYGYLDYW	2	-1	false
CAKGGNIVVVPAALDYW	2	-1	false
CARGMSSGWYSFDYW	1	-1	false
CARELPVYQVLSPEFGFYYYGMDVW	1	-1	false
CAREGPYYDFWSGYSHWFDPW	2	-1	false
CARVSWEWSFDYW	1	-1	false
CASRGSRGWFDPW	1	-1	false
CARDSQPQLFSPNFDYW	1	-1	false
CVFTTDGGRTAAQVAEYFQHW	1	-1	false
CARDLSLVAGSLDYYYGMDVW	1	-1	false
CARDLEDYGDPYAFDIW	1	-1	false
CARDQALMVYAIRVYYYYGMDVW	1	-1	false
CARDRGDYGDPTSDFDYW	1	-1	false
CARDRRRGRVYYGMDVW	1	-1	false
CARDRYLPNSSSWYVSGHGDWYFDLW	1	-1	false
CARDRAWIQLWFDWYFDLW	3	-1	false
CARDRGTVTTPRVYYYGMDVW	1	-1	false
CARDRGFQDHW	1	-1	false
CARDRGVGATTENYYYGMDVW	1	-1	false
CARDPDIVVVVAATGAGYYMDVW	1	-1	false
CARDPYNFDPGDEKKDPYGMDVW	1	-1	false
CARDEDPIVVVPAATPDFDYW	1	-1	false
CARDERGFWSGYYYYYMDVW	1	-1	false
CARDGWIQLWFIEYW	1	-1	false
CARDGPKFDYW	2	-1	false
CARDGTVATIEYYYYYMDVW	1	-1	false
CARDRRGTIFGVVTWFDPW	1	-1	false
CARDNRASGYYYGWFDPW	1	-1	false
CARDMTVVGSSGYLTPW	1	-1	false
CARDFVAGYESGGYGMDVW	1	-1	false
CARDFVVSEYCSGGSCYGLDYYYYGMDVW	1	-1	false
CARDLAYSLGELSLYYYYGMDVW	1	-1	false
CARDYRQWLVPYYYMDVW	1	-1	false
CARDQDGSGSYWLW	1	-1	false
CARDQGGWFDPW	2	-1	false
CARGGYCSSTSCYRDAHYYYYGMDVW	1	-1	false
CARFVAVQGVIITFDYYYYMDVW	1	-1	false
CASHRDSGWSPLDYW	1	-1	false
CARVNLYYYYYYMDVW	1	-1	false
CARDGLKRYQLLYERGGLSYNWFDPW	1	-1	false
CARDYGELRFLEWLSYYYYYYYMDVW	1	11	false
CARDALSIAARYGIAEYFQHW	1	-1	false
CASRPPYYDNTTYGMDVW	1	-1	false
CARDPMVRGPEGASGVYYYGMDVW	1	-1	false
CARDLYYDSSGPESLHYYYYYGMDVW	1	-1	false
CARDNFRSSGWERGPYYYYYGMDVW	1	-1	false
CARDSAYCGGDCPYYW	1	-1	false
CARDHCTNGVCYPYYYYYGMDVW	1	-1	false
CARDHRGGSSGWSHFDYW	1	-1	false
CARDQPLAVAGTTRVYTEDYYYGMDVW	1	-1	false
CARDQYDFWTPEQYYGMDVW	1	-1	false
CARDRSSSTPAGVYYYYGMDVW	1	-1	false
CARDPNSSSSVSTYEENTNYGMDVW	1	-1	false
CARDGYNLRDFDYW	1	-1	false
CARDGGIRGFDYW	2	-1	false
CARDEVAASWFDPW	1	-1	false
CARDSKKRLIVVVPAAIPNWFDPW	1	-1	false
CARDPNYYDSSGYSGWFDPW	1	-1	false
CAREVEDYYDSSGTSTFYYWFDPW	1	-1	false
CAREDGHGSGSYDAFDIW	1	-1	false
CAREDTAMVINYYYGMDVW	1	-1	false
CARGGTRVPAATPGTYYYYGMDVW	1	-1	false
CARERYYSSSAERFVWFDPW	1	-1	false
CARVPTGPYCSSTSCYASTSIYYYYYMDVW	1	-1	false
CARVGGTDWFDPW	1	-1	false
CARVKYCSSTSCYLNNWFDPW	1	-1	false
CARVEGKYSSSSLFGFIWFDPW	2	-1	false
CARVPVVVVISGRSFAFDIW	1	-1	false
CARVGEYDFWSGSFDPW	1	-1	false
CARAVRRVTNTGPRGWFDPW	1	-1	false
CARLPGRVRGTSLLYYMDVW	1	-1	false
CARITPPWSDFSATGMDVW	2	-1	false
CARTPYDYVWGSYLDYW	2	-1	false
CARLREEYSSSSSWFDPW	1	-1	false
CARGPDCSSTSCYAGVAPYYYYYMDVW	2	-1	false
CARGYYDSSGWGTGWFDPW	1	-1	false
CATTLSGYDWGSFDYW	1	-1	false
CARMGGGIAVAGTSDYW	1	-1	false
CAARGGFLEYSDYYYYGMDVW	2	-1	false
CAIRGYGDYAIDDYW	1	-1	false
CARGNLRYDYVWGSQYYFDYW	1	-1	false
CARTDCSSTSCYVDYW	1	-1	false
CARDGGGGDCCSSLNFDYW	1	-1	false
CARGLGTTVTTSKYYYGMDVW	1	-1	false
CAREAVTQLSSPGGDYYYYYYMDVW	1	-1	false
CARSRSVVVPAAVLPNWFDPW	1	-1	false
CTTDLARYGYW	1	-1	false
CARDGLIPFDIYYFDYW	1	-1	false
CAREYYYDSSGYYRFDPW	1	-1	false
CARVPPPSREARYCSGGSCPYYYYYYMDVW	1	-1	false
CARDPVVSEDYPTLPDYW	1	-1	false
CARSVHQLHPRGGRGYYYYYYMDVW	1	-1	false
CARIRSYGDYVDLW	1	-1	false
CARAGRFYSIVGATTVAFDIW	1	-1	false
CARALWGGSGSYHWHADYW	1	-1	false
CARGPTQYYDFWSAQPSPYYMDVW	1	-1	false
CARDWGYYDSSGYYDLIDYW	1	-1	false
CAREAGLWAMTTGLYPTLRGVVWFDPW	1	-1	false
CARDPRPLEYSSSPSQDYGMDVW	1	-1	false
CARDQHLYYYGSGSLGYYYYGMDVW	2	-1	false
CATVTTKRGAWGWLDPX	1	-1	false
CARPLSSGYGYW	1	-1	false
CAKDETSGYNSGHVDYW	1	-1	false
CARPVLVSDDYGDYVNLGYYMDVW	2	-1	false
CARRFSGNYGKKNWFDPW	1	-1	false
CARGVRYCSSTSCQAFDIW	1	-1	false
CLSLTYWNEYYYYYMDVW	1	-1	false
CAKDQVAVADAEDYW	1	-1	false
CARESAQQTDCSGGSCYFRYIRPVPFDIW	1	-1	false
CASSTAMVYYGMDVW	1	-1	false
CAKIPGVGWDVVVPAATLEFYYGMDVW	1	-1	false
CARDIVVVPAAILYYYGMDVW	2	-1	false
CAKEGDACGGDCRYYYYYYGMDVW	1	-1	false
CAKGVHYDPTSDAFDIW	1	-1	false
CTTDQLGIGDYW	1	-1	false
CARVHYDFWSGYEGDYFDYW	1	-1	false
CARAVPIYCSGGSCYYHGMDVW	1	-1	false
CASQRREPREWLLCGALDYW	1	-1	false
CARDHRINWNYYDYW	1	-1	false
CARGNGNGFDYW	2	-1	false
CARAGIEYDFWSGYWGDYYYMDVW	1	-1	false
CARSSGSFDYW	1	-1	false
CARLDIVVVPAAPYYYGMDVW	1	-1	false
CARDLYVEMATTSFGWFDPW	1	-1	false
CARDLPYSGSYEDDYW	1	-1	false
CARDRGLKYCSSTSCYNYYGMDVW	1	-1	false
CARDGINYDILTGYYVGGYFDYW	1	-1	false
CARDYPSEYTAKNSGSYPFDYW	1	-1	false
CARDHDAFDIW	1	-1	false
CAREGCSSTSCSREAAFDIW	1	-1	false
CAREGITGTTPESYGMDVW	1	-1	false
CARENPFYYGSGSYYDRDYW	1	-1	false
CARGKRWELPGVVDYW	1	-1	false
CARGGQQLVWWGNWFDPW	2	-1	false
CARAIPFNYVWGSYRDYW	1	-1	false
CARLRMDGYNSDNYW	1	-1	false
CAIRGYSYGVAYFDYW	1	-1	false
CASAQFDYW	1	-1	false
CARDQYDFWSGYTDYW	1	-1	false
CARDAKGIVPAAWARIYYFDYW	1	-1	false
CARDRQGSVRLIKQWLAPARGNYFDYW	1	-1	false
CARAFIGQIWPPFYYMDVW	2	-1	false
CARGLSERPGDYYDFWSGDDENFDYW	1	-1	false
CARGPSIWTAIVVVPAVPQEDYW	2	-1	false
CARGHIVVVPAAMTDYYYMDVW	1	-1	false
CARPSSIAARPPSDYYYGMDVW	1	-1	false
CARLSSGYYSTIQRWFDPW	1	-1	false
CARDHLPDYYDSSDSFDYW	1	-1	false
CAADYDYVWGSSGHW	1	-1	false
CARRWRDIVVVPAAPDAFDIW	1	-1	false
CARRGIVLVVGEYAFDIW	1	-1	false
CARRRDTIRNAFDIW	1	-1	false
CARLNSDFWSGYSPRSETYYYYYMDVW	1	-1	false
CARLWVAGLDLW	1	-1	false
CARYRASGRLIAAAGTVDYW	1	-1	false
CARFRRGVVPAAMYWFDPW	1	-1	false
CARGTPIDYW	1	-1	false
CARIADYSNYGTPSDYYYYYMDVW	1	-1	false
CARKDGLWDIVVVPADPYVSGPNDAFDIW	1	-1	false
CARQYCSSTSCYLADAFDIW	1	-1	false
CARREVYSTNWDRRNWFDPW	1	-1	false
CARRSLDGSGSYYWFDPW	1	-1	false
CARLRTMIVVVFDAFDIW	1	-1	false
CARQDRYDYNGVGAHFDYW	1	-1	false
CARSPTGPERYCSGGSCYPIW	1	-1	false
CAGGRGGYCGGDCYYDFYFDYW	1	-1	false
CARIAEDIVVVPAAVDYW	1	-1	false
CARRATAIRGGWGYW	1	-1	false
CARRGPEGYCSGGSCYSGSLDYW	1	-1	false
CARRGYCSSTSCPEYGYYYYGMDVW	1	-1	false
CARHLIQVATTPSDDAFDIW	1	-1	false
CARHGGYCSGGSCPNRGYYYYGMDVW	1	-1	false
CARHAPDTAMVLYYYYGMDVW	2	-1	false
CARLRLIGVVTNQFDYW	1	-1	false
CARLGYSYGYVWFDPW	1	-1	false
CARPLNYGSGSGYFDYW	1	-1	false
CASSGAYGDYFDYW	1	-1	false
CASGSNRYYYYYGMDVW	1	-1	false
CARRMRGENYYYYGMDVW	1	-1	false
CATYRGYCSSTSCPPFDYW	1	-1	false
CARMHGACSGGSCYSYFDYW	1	-1	false
CARQLIGDDYSNYWYFDLW	1	-1	false
CAKHQTTQRGYSYGPLLRYW	1	-1	false
CAKGGRRWLHNTHCDYW	1	-1	false
CAKQGSHDSSGYYYYYFDYW	1	-1	false
CAKDWHYDSSGYYYW	1	-1	false
CANRGRVATAKDYW	1	-1	false
CAQSYKTTTGYW	1	-1	false
CAKDMVTDTAMVFDYW	1	-1	false
CAKGDSMVRDPTSPYYGLDVW	1	-1	false
CAKDTSGIVVVPAAFDYW	1	-1	false
CAKDGARGYDFWSGYYYYYYMDVW	1	16	false
CAKDGRRGIAAAGNYYGMDVW	1	-1	false
CAKDGKRATTLLWFGELANW	1	-1	false
CAKDPYYYDSSGYFDYW	2	-1	false
CAKDRGRYYDFWSGDYW	1	-1	false
CAKDQTGYSSGWFDYW	1	-1	false
CAKDLQYNWNYDYW	1	-1	false
CAKDGCSGGSCYYYMDVW	1	-1	false
CAKDVGYCSSTSCLTFDYW	1	-1	false
CAKDVLSIAARLTNYYYYGMDVW	1	-1	false
CAKDKNILGSSSTPLDYW	1	-1	false
CAKEPTTVTTRYFDYW	2	-1	false
CAKGSPRGYYGMDVW	1	-1	false
CAKGSLVTTVAPFDYW	1	-1	false
CAKGMTYYYDSSGYYGAFDIW	1	-1	false
CAKGGSGVVPAATDYW	1	-1	false
CAKVSSLDIVVVPAAMGYFDYW	2	-1	false
CAKVEYCSSTSCYAGAFDIW	2	-1	false
CAKVASYYYGSGIDYW	1	-1	false
CAKAYYYDSSGLLDDAFDIW	1	-1	false
CAKAGEVLMVYAGFDYW	1	-1	false
CAKATIPLPYYYYMDVW	2	-1	false
CAKALGDGSKPTAGFDIW	1	-1	false
CAKAPYCSSTSCPLQVYFDYW	1	-1	false
CAKATTTGAYYYYGMDVW	1	-1	false
CAKAYCSSTSCPWVDVW	2	-1	false
CAKAYDILTGYYPSDAFDIW	1	-1	false
CAKSLGYCSSTSCWSAFDIW	1	-1	false
CAKSSACSGGSCYSVGWYFDLW	2	-1	false
CAKMRGYCGGDCYDAFDIW	1	2	false
CAKGVSYWSGYPDYW	1	-1	false
CARDYGFKAAAGNCFDYW	1	-1	false
CARDNILAAAGSNWFDPW	1	-1	false
CARDPGDWGLDYW	1	-1	false
CARDPEPVNYDFWSGFGYW	1	-1	false
CARDPTYYYDSSGYYGGYW	1	-1	false
CARDHYDILTGSEYYYYGMDVW	1	-1	false
CARDRVTTSYYYYMDVW	2	-1	false
CAREAQGWSDLTPPYYYYGMDVW	1	-1	false
CAREVLGWLHAQGAFDIW	1	-1	false
CAREPPGATVTEYYFDYW	1	-1	false
CAREPKLYSSSNYYYYGMDVW	1	-1	false
CARERYYYDSSGYYSAGWFDPW	1	-1	false
CARETLYSCSGCPFGSYYYYYMDVW	1	-1	false
CARELMITFGGVIGPPYYYGMDVW	1	-1	false
CARAAGRAIPVDYW	1	-1	false
CARARGIAVADYGMDVW	1	-1	false
CARALDRDVGPFDYW	1	-1	false
CARAYYGSGRGYYFDYW	1	-1	false
CARAQRREYCSSTSCLIPINW	1	-1	false
CARAILWFGETWGPDYW	2	-1	false
CARAGGLATHPDYW	1	-1	false
CARGGGYCSSTSCYGMRWYYYYMDVW	1	-1	false
CARGGPVVVPAAISDW	1	-1	false
CARGNRWLLSLYYYYYMDVW	1	-1	false
CARGRPRTIFGVVKAFDYW	1	-1	false
CARVSRYEASLGAFDIW	2	-1	false
CARVPYDILTGNYYYGMDVW	1	-1	false
CARVRVDRIYYYYGMDVW	1	-1	false
CARVALCSTSCYYFDYW	1	-1	false
CARSGGTQLWFLSRYYYGMDVW	1	-1	false
CARKLSDGRYCSSTSCPVDAFDIW	1	-1	false
CARSASMVQGVIWDQYNWFDPW	1	-1	false
CASTNNWNILDYW	1	-1	false
CAKGGANVPKILKDYYYYGMDVW	2	-1	false
CAGSLVAKWGFRFGEGRFVDGMDVW	1	-1	false
CARGEMATIINW	1	-1	false
CARVRRAAAPPRDAFDIW	1	-1	false
CARVSYSGYDWGRREYYYYYGMDVW	1	-1	false
CARAGGGWNEYFQHW	1	-1	false
CARFSLRYSSSWYRGWFDPW	1	-1	false
CARSFGGVYSNRYPRIFDYW	3	-1	false
CARSPPGYSSGWYLDYW	1	-1	false
CARGPAQMATDYW	1	-1	false
CARGLEYSSSSPEWFDPW	1	-1	false
CARVGGNFPYW	1	-1	false
CASNYRFIVAAFDYW	1	-1	false
CASIYGSAAYPAYYYGMDVW	1	-1	false
CASSSSGYSGYDDYW	1	-1	false
CATSYRGLVVTAGTTYFDYW	1	-1	false
CAMRAPEVTTDWYYYYGMDVW	1	-1	false
CASLRGGVVEYYYYYGMDVW	1	-1	false
CASHIGATPGGAFDIW	1	-1	false
CARSCSSTSCFSNWFDPW	1	-1	false
CARTPVPAAISTNWFDPW	1	-1	false
CARVSDYYDSSGPW	1	-1	false
CARVTAPGIAAVSNAFDIW	1	-1	false
CARDRRGNSSSWYHWFDPW	1	-1	false
CARDLGSSEPYCSGGSCNDYW	1	-1	false
CARDFFW	1	-1	false
CARDYLDMVRGVIAYW	1	-1	false
CARDWAVAAAGRGLDYW	2	-1	false
CARDWGIAAAGTLWFDPW	1	-1	false
CARDWEFWEYTHYYGMDVW	1	-1	false
CARDCVAGTGYFDYW	1	-1	false
CARALWDRGYSYGRPTKTSYYGMDVW	2	-1	false
CARALPTYYYDSSGYTFFDYW	1	-1	false
CARSFTQYQLLSAPKFDYW	1	-1	false
CARRGYCSGGSCYSFVPEENWFDPW	1	-1	false
CARSGGDQLEPKSADYYYYYGMDVW	1	-1	false
CASGFCSSTSCYTESYYYGMDVW	1	-1	false
CARRGGITGSRDAFDIW	1	-1	false
CARGPRIVVVPAAMFYYYYYMDVW	2	-1	false
CARDLGTSCYECYYYYYMDVW	1	-1	false
CARDRSIMVAGLGLVDYW	2	-1	false
CARDQEVPAATPDYW	1	-1	false
CARDHCSSTSCYTNFDYW	1	-1	false
CARDGGYCSSTSCYAYYFDYW	1	16	false
CARELEGGFFNGGSKVNWFDPW	1	-1	false
CAREGCSSTSCSEFDYW	3	-1	false
CARAGYCSSTSCTLDNWFDPW	1	-1	false
CARAEYYDYVWGSYRFDYW	1	12	false
CARGQCSSTSCFFAMLLGLDYW	2	-1	false
CARGRQWLEIDYW	1	-1	false
CARVTTTRSPWGIDYW	1	-1	false
CARSYCSSTSCYSYYFDYW	2	-1	false
CASGGITIFGVVTMIQHW	1	-1	false
CARSKVVPAAMPENYYYYMDVW	1	-1	false
CASLLGGGYCSGGSCYSLDYW	1	-1	false
CAREGDFWSGPTPMYYYMDVW	1	-1	false
CAREPQRYCSSTSCYYPRYYYYMDVW	1	-1	false
CARPYNWNDGGFDPW	1	-1	false
CARSFMTTGNVYYEDYYYYYMDVW	1	-1	false
CARGRNTRDYYYYYYMDVW	1	-1	false
CARARAVTPYYYYYMDVW	1	-1	false
CARYTNDYSNYAPAFDPW	1	-1	false
CARSRITIFGVGMEPYYYMDVW	1	-1	false
CASLGYCSSTSCHQLPEYYYYYYMDVW	1	-1	false
CATEGICSSTSCYQYNAFDIW	1	-1	false
CATVAVSCSSTSCFDFDYW	1	-1	false
CATDLICSSTSCPVDYW	3	-1	false
CATGPPVAGTRYYYYGMDVW	1	-1	false
CATGVVALGNYYYGMDVW	1	-1	false
CARSSVVVAATSWYFDLW	1	-1	false
CTTDLFGFGSSSTFDYW	1	-1	false
CARDPQRYDILTGYSTYNWFDPW	1	-1	false
CARAEFLTGTTGTTGFDYW	1	1	false
CAKGGYCSSTSCPPIKAMPMNWFDPW	2	-1	false
CAKGTRRAYSLISRYYYGMDVW	1	-1	false
CARVGDDFYMDVW	1	-1	false
CARNTGPYCSSTSCYYYYYYMDVW	1	-1	false
CARDGGATLRFLEWPRFDYW	1	-1	false
CARAKNYGDYVEVRGMDVW	1	-1	false
CARAQPSSSSSPYYYYYGMDVW	1	-1	false
CARGGYYYYMDVW	1	16	false
CARGALKYYYDSSGYQGLDYW	1	-1	false
CARGVGASSSVFDYW	1	-1	false
CARGQFGGYYDILTGYRYYYYYGMDVW	2	-1	false
CARRRSSGYGDYYFDYW	1	-1	false
CARTKRRGYAFDIW	1	-1	false
CARGIVVVPAADDYSNYVDAFDIW	1	-1	false
CTRDVAVVVPAAMPDIDAFDIW	1	-1	false
CTRDEYCSSTSCYSLNAFDIW	1	-1	false
CTRDGGGLWLRYMDVW	1	-1	false
CTREPHGSGSYALDYW	1	-1	false
CTREPVPAAGGFDYW	1	-1	false
CTRDHHSSGWYGFYYYYYMDVW	1	-1	false
CTRALSCSSTSCYLVDEGAW	1	-1	false
CTRGPPQGGYQLLYGGGDIW	1	-1	false
CTRGGQAHYDFWSGYQYAFDIW	1	-1	false
CTREDIVVVPAAQFYEENYYYYMDVW	1	-1	false
CTTPKDTAMPKGYFQHW	1	-1	false
CARDVLRFYNWFDPW	1	-1	false
CARGKAAYYDFWSGYYYYYYMDVW	1	16	false
CARVIVVVPAAIRPGNYYYYGMDVW	1	-1	false
CARDFEYQLLRDDAFDIW	1	-1	false
CAREPTTQITMIVVVESYFDLW	1	-1	false
CARDGDIVVVGWDGEDYGDYGAQFDYW	1	-1	false
CARVDFWSGCHFDYW	1	-1	false
CVGGYSSSWGLDYW	1	-1	false
CHMVATYTKFDYW	1	-1	false
CASLGDIVVVPAAADAFDIW	1	-1	false
CARDQGTKYYDFWSGYPNYFDYW	1	-1	false
CARDQFTGVVTYRGRWFDPW	1	-1	false
CAKDTVQLERPFYFDYW	1	-1	false
CAKVTLTIFGVMKFDPW	1	-1	false
CAKVVLVPAATATPEYFQHW	1	-1	false
CAKVTIFGVVIRGRYFDYW	1	-1	false
CAKVVIVVVPAANDAFDIW	1	-1	false
CAKVFDPW	1	-1	false
CAKVFPIAAAGTTPRAFDIW	1	-1	false
CAKVDLDNWNDVRPVGLDYW	1	-1	false
CAKVRHLDYYDSSGYYYVPYYFDYW	1	-1	false
CAKALWFGELLVAYYYYYYGMDVW	1	-1	false
CAKAWVAVAGDYFDYW	1	-1	false
CAKALSGESW	2	-1	false
CAKAKTGETDYW	1	-1	false
CAKADIVVVPAAIDLNYGMDVW	1	-1	false
CAKALYGDYADYW	2	-1	false
CAKAGTAATVVSRFDPW	1	-1	false
CAKASSVVVVTGSIDYW	2	-1	false
CAKEDPAIVGATGFDYW	1	-1	false
CAKEPDIVVVPAAMYNYW	1	-1	false
CAKDLRGYSYGLMDLW	1	-1	false
CAKDLIAAMVPDYYYYYYMDVW	1	-1	false
CAKDLKAVVVPAASIPLKPTDADVW	1	-1	false
CAKDLAPYPYSSGWHFDYW	1	-1	false
CAKDLTHYDFWSGYYTNVGGDFDYW	1	-1	false
CAKDLGGLGYCSSTSCYAGNYW	1	-1	false
CARSTSSSWSVAADYW	1	-1	false
CARPQCRSTSCYGAFDIW	1	-1	false
CATSPAGKLGRTDYW	2	-1	false
CAAMGVGSSTSCYHYW	1	-1	false
CAKDLLAAAAGPKYYYYGMDVW	1	-1	false
CAKGRIAVAATPFDYW	1	-1	false
CAKDPQPQLGQWLMGFDLW	1	-1	false
CARVRCSTLTCYAVDYW	1	-1	false
CAKPAVSGGADTAMVTYYDYW	1	-1	false
CAKENTAMVRARSYGMDVW	1	-1	false
CAKDRTRYSSGWGDAFDIW	1	-1	false
CAKDYSSGWEYFDYW	1	-1	false
CAKDILPTVTTRAEYYFDYW	1	-1	false
CAKDGLRYCSSTSCYGVSWFDPW	2	-1	false
CAKDGSYYLASRGMDVW	1	-1	false
CAKGSYRFGVVIPFDYW	1	-1	false
CAKDNGYGDYVHEFEYFQHW	1	-1	false
CAKDDGIVGATNPPVW	1	-1	false
CAKSLGIDYYYGMDVW	1	-1	false
CAKDIGPGYCSSTSCYTGAFDIW	1	-1	false
CARGRGVMIRM	1	-1	false
CARGAHLYYYYGMDVW	1	-1	false
CARVGSGIDYW	1	-1	false
CARGGCSGTSCSRTFDYW	2	-1	false
CARALIKITMIVVVNKQNAFDIW	1	-1	false
CARGLSIGVNWNYFW	1	-1	false
CAGSNGYCSSTSCYADPYFDYW	1	-1	false
CARHYADTAMVIVAPDEPDYW	1	-1	false
CASSPAGNVDTAMVRGEWYFDLW	1	-1	false
CARRGDYYDSSGYNYW	1	-1	false
CTRCRGGRLRFLEWLPYYFDYW	1	-1	false
CARDGSDCSSTSCAPSPYYYYYYMDVW	1	-1	false
CARGRGMIFGVVIIRPLFDYW	2	-1	false
CARDEPAVVPANDAFDIW	1	-1	false
CARSYCSSTSCYGPPRNYGMDVW	1	-1	false
CARDASIVVVPAAFYYYYYYMDVW	1	-1	false
CARDRLRYCSSTSCLLFDYW	1	-1	false
CARSDVRPAMVRGVITNDAFDIW	1	-1	false
CAREDIVVVPAATHYYYYGMDVW	1	-1	false
CARDLVEYSSFSGMDVW	1	-1	false
CARDLRFGDTALDYW	1	-1	false
CARDRGQQLVQVDYW	1	-1	false
CARDYEERGSDLYYYYYMDVW	1	-1	false
CARVIGYCSSTSCYGMDVW	1	-1	false
CARVVRRQFGEGAFDIW	1	-1	false
CARGWAYYGDYGSVDYW	1	-1	false
CVRSIAARFYYYYGMDVW	1	-1	false
CARGIGVYYGSGSYYASFDYW	1	-1	false
CARDRRSIDYW	1	-1	false
CARDYRSGRRGHGRSVGRFDYW	1	-1	false
CARAQQRGVYYFDYW	1	-1	false
CARELGATTPLQKQTFNYYYYGMDVW	1	-1	false
CARSGADDDSSGYYPFYTPPAFYYYYGMDVW	1	-1	false
CARDGYCSSTSCYSPGQYYYYYYGMDVW	1	-1	false
CARDNPAGITMVRETGVYGMDVW	2	-1	false
CARGPVPAAGYYYYYYMDVW	1	16	false
CARRGFGYYYDSSGYYAPYYYYYGMDVW	1	-1	false
CARDRPNSWLRFGGFDYW	1	-1	false
CARDRREGEEDSGSLDYW	1	-1	false
CARDIIGYCSGGSCDPPWLGVRSYYYYGMDVW	1	-1	false
CARDSSTYYYGSGSYSHW	1	-1	false
CAKDRPGGSSWNAFDIW	1	-1	false
CARTITMVQGVIDYW	1	-1	false
CAKDLFSRVDQRYSSGWYEHEWAKWFDPW	1	-1	false
CAGLGAAAGTVWGYYYYGMDVW	1	-1	false
CAKDTMPYQHVPYNWFDPW	1	-1	false
CAKFFPSIAARLDAFDIW	1	-1	false
CAKLESSSNRTDDAFDIW	1	-1	false
CARELGGDVPAAPGYYYYYGMDVW	1	-1	false
CASSGTTYYDFWSGYYGFDYW	2	-1	false
CARGRVVPAAMFAFDIW	1	-1	false
CARGYYYYMDVW	2	16	false
CARGPSSTSSATWENWFDPW	1	-1	false
CARDPESAFDIW	1	-1	false
CARDRVTIFGVVLHPGPGDRPKDAFDIW	1	-1	false
CARDGEDTAMAKVYFDYW	1	-1	false
CARDPPYCSSTSCYAFAFDYW	1	-1	false
CAREGDIVVVPAAIGANWFDPW	1	-1	false
CARVFPGGYSYGYW	1	-1	false
CARDFHQYDFWSGYTGNWFDPW	2	-1	false
CATGSNYDSSGTGYW	1	-1	false
CARTRMTTVTYGMDVW	1	-1	false
CARDLPIAAAGFDPW	1	-1	false
CARDLGEQWLENWFDPW	1	-1	false
CARDLGVVIIRGYYGMDVW	1	-1	false
CARDPRMPLYCSGGSCYYFRNYYGMDVW	1	-1	false
CARDNCSSTSCLGGWFDPW	1	-1	false
CARDKVDSSSWYRPYDYW	1	-1	false
CARDKVPPPYDSSGYYYIDYW	1	-1	false
CARDSGAAGTNYW	1	-1	false
CARDRVPAAISGWFDPW	1	-1	false
CARDSEISGYSYGTDYW	1	-1	false
CARDLPYDSSGYYGLWYFDYW	2	-1	false
CARDGGTSSGWYSSNFGDYW	1	-1	false
CAREYIVVVPAAIGEGSYYYYGMDVW	1	-1	false
CAREGQWTFSRIQPTQNYGMDVW	1	-1	false
CARAFNDYGDYEDFDYW	1	-1	false
CATVGGWSSGYYFGAFDIW	1	-1	false
CATVFDWNPDRGDYW	1	-1	false
CATATQYCSSTSCLHHPPRYYYYMDVW	1	-1	false
CATARSVPVIIFVDGYYYMDVW	1	-1	false
CATSRFLEWLPLDYW	3	-1	false
CATADTLNPDDAFDIW	2	-1	false
CATPTGKGDAFDIW	1	-1	false
CALLKGSGFMITFGGVIFDPW	1	-1	false
CARIGGLFGQGLYFQHW	1	-1	false
CARIASGGFYDFWSGYTSRGYYFDYW	1	-1	false
CAQIYGDYGDPDAFDIW	2	-1	false
CARIAIAAAGPTSTRPFDYW	1	-1	false
CARISIVGAFDIW	2	-1	false
CARLISGTHYYDSSGYYIDYW	1	-1	false
CARARGGSVSITFDYW	1	-1	false
CARMRGNYDILTGYYADYW	1	-1	false
CARIRRQYYDILTGYYTPYYYGMDVW	1	-1	false
CAREGYCSGGSSLPCYYYYGMDVW	1	-1	false
CARDDYARVDYYYMDVW	1	-1	false
CARLYSSSSSWVYYYYYYYMDVW	1	16	false
CAREGSGQGSEPLALWFRGLTDYYMDVW	1	-1	false
CARLYSNYYYYMDVW	2	-1	false
CARGAGTIFGVVIIFREYYMDVW	1	-1	false
CARGTGLRRTDLAFDIW	1	-1	false
CARDGYYDILTGHTAYYYYGMDVW	1	-1	false
CARDRSPGYYDFWSGREIPFDYW	1	-1	false
CARDPMVRGTIYYYYGMDVW	1	-1	false
CARDLIQQAPTYGGFDYW	1	-1	false
CARDKVAAAGYFDYW	1	-1	false
CARDRFFGWDDSSKDDYW	1	-1	false
CARDLGVVAATPPFWFDPW	1	-1	false
CARDRVVATPAFDYW	1	-1	false
CARDRTYYYDSSGYSFDYW	1	-1	false
CARDPYCSSTSCYIGDSGFDYW	1	-1	false
CARDGPPIVVVPAAENPVDYYGMDVW	2	-1	false
CARDGGCSSTSCYTDAFDIW	1	-1	false
CARDFHDFWSGPYSW	1	-1	false
CARDIVVVPAANYYYYYMDVW	1	16	false
CARDIGASSWGVYYGMDVW	1	-1	false
CARDSIWSDIYYYYGMDVW	1	-1	false
CAREVYCTNGVCYTLNWFDPW	1	8	false
CARDLGWDYYMDVW	1	-1	false
CARGYYDFWSGYYPELFDYW	1	-1	false
CARGYYDFWSGYYKMVHFDYW	1	-1	false
CARGGGAYCSGGSCYFMHYW	1	-1	false
CARGGVDTPKRWGNYYYGMDVW	2	-1	false
CARGNHLLQPLLSVYDYW	2	-1	false
CARVGSVLRFLEWLTRGNDAFDIW	1	-1	false
CARVGADFWSGPEGFYFDYW	1	-1	false
CARVPSWGSGPYYYYYGMDVW	1	-1	false
CARAPLAQWLVHDAFDIW	1	-1	false
CARYGDFWSGYKSSMDVW	1	-1	false
CARPYWSNYGAYMDVW	1	-1	false
CARLYGGNLYHFDYW	1	-1	false
CASGQLVLTDKDHDAFDIW	1	-1	false
CASLIVVVITNDYW	2	-1	false
CARIFTPPGVVVPAAIIWQGYFDYW	1	-1	false
CARESGGSEAVAGFDYW	1	-1	false
CARVEELVPAAMAPRVFYFDYW	1	-1	false
CARAGYCSSTSCLDYW	1	-1	false
CATSKGKGLTGTSPDWYFDLW	1	-1	false
CAASSIAAFDAFDIW	1	-1	false
CARDSPCQFDPW	1	-1	false
CASHSRYCSSTSCYGGGAFDIW	1	-1	false
CARDGPSEEWCMLPRNKCYEYLPPPTKFDPW	1	-1	false
CARGEGYCSGGSCYVSAFDIW	1	-1	false
CARGSSGSYYNGGPDYW	2	-1	false
CARDRVPAARRFGYYFDYW	1	-1	false
CARDFWSGFTAFDIW	1	-1	false
CAKDRLGSVYW	1	-1	false
CAKDPGGYSNQKEGSDAFDIW	1	-1	false
CAKDPPRYSSGWVPSGAFDIW	1	-1	false
CAKDPRGLRSSPDKSNYGMDVW	1	-1	false
CAKDPPLRATWVYW	1	-1	false
CAKDALVVVPAAIAVFGYFDYW	1	-1	false
CAKDADRSIAAAGTFDYW	1	-1	false
CAKDARKVRFLEWSKRPNYYYYYMDVW	1	-1	false
CAKDGGDFDYW	1	-1	false
CAKDGGYCSGGSCYRDYW	1	-1	false
CAKDGGTTGRRKQNNWFDPW	1	-1	false
CAKDGTIFGVVTGWPYYMDVW	2	-1	false
CAKDGHIFGNWFDPW	1	-1	false
CAKDVKYGYYYGSGSYYNESPFDYW	1	-1	false
CAKDVMLDGIPYYYYGMDVW	1	-1	false
CAKDIQSLTIFGVVYYYSGMDVW	1	-1	false
CAKDRFAFGGVIRIFDYW	1	-1	false
CAKDRRSSGYYYEVPFVYW	1	-1	false
CAKDRGCSSTSCYRSPFRTGYYFDYW	1	-1	false
CAKDNSGSYYVYW	1	-1	false
CAKDCGGDCYVDYYYYYGMDVW	1	-1	false
CAKDWSVPAAIYYW	1	-1	false
CAKDSEIDYGDYVSVEERRTHKKDAFDIW	1	-1	false
CAKDSLPSRRQYQLLDYYGMDVW	1	-1	false
CAKDYDFWSGYTPLGYW	1	-1	false
CAKDLDIVVVPVEYYYYYGMDVW	1	-1	false
CAKDLLKDDYGDIYYYYGMDVW	1	-1	false
CARDGEGVAAASGFDYW	1	-1	false
CARLGAFTGYSSGWYEVAVEFDYW	1	-1	false
CARDVTDIVVVVAATGDYYYYGMDVW	1	9	false
CARARQTRYYYGSGSPYYYGMDVW	1	-1	false
CARVKGCSSTSCYGPRLYYYYYYYMDVW	4	-1	false
CARVPYYYGSGSYWVDYW	1	-1	false
CARETIFGAAFDIW	1	-1	false
CTRYTGLGFSYYYYYMDVW	1	-1	false
CTRAGVRGVTAYYYYYGMDVW	1	-1	false
CARHVGDFWSGYCFDYW	2	-1	false
CARPYPAARHYYYYYMDVW	1	-1	false
CARDGHYDFWSGYYTGGMYNWFDPW	2	-1	false
CARGRKTARITSSRPDYW	1	-1	false
CARAGYCSSTSCYAFDYW	1	-1	false
CARGPSVIVVPAAMIEAFDYFDYW	1	-1	false
CARNPGIAGPFGYYYGMDVW	1	-1	false
CARGFSSSWFRVYYYYGMDVW	2	-1	false
CARGQDDDFWSGYYSKDDYW	3	-1	false
CARSRFGVTGYSIGRDDYYYYYGMDVW	1	-1	false
CARGVPYSIAAAGTGIMDVW	1	-1	false
CARQHPDYDFWSGPQYFQHW	1	-1	false
CARDRSRDGYNYLDYW	1	-1	false
CARSPFIAAAGFDYW	1	-1	false
CAKALTIFGVVEAW	1	-1	false
CAKDHTERYYYDSSGNGHAFDIW	1	-1	false
CAKDRYSSSAALIEYW	1	-1	false
CASTRHQWLGSAFDIW	1	-1	false
CARGYCSGTSCYDPRYYYYYMDVW	1	-1	false
CARGHRQQLVVLRYYFDYW	1	-1	false
CAKGDPSDGIWLLAPDYW	1	-1	false
CAKWWGDYGDYLRPTYGMDVW	2	-1	false
CAKDGKNVRSIFGVGCLDYW	1	-1	false
CAKDGAAPGDYW	1	-1	false
CAKDVPWLGHGDYYFDYW	1	-1	false
CAKDVVVPAMAGGYYYYGMDVW	1	-1	false
CAKDRRYCSSTSCYHGSYYYYYYGMDVW	1	-1	false
CAKDLRKICTNGVCAFDYW	1	-1	false
CAKDHIVVVPAAIYYYGMDVW	1	-1	false
CAKDHDFVVVVAAGIDYW	1	-1	false
CAKDNRVLLWFGGNAFDYW	2	-1	false
CAKEAPISYGSGSYYKTYYFDYW	1	-1	false
CAKEGLVVYSYGYVYFDYW	1	-1	false
CAKECGVVVPAAICGYFDYW	2	-1	false
CAKESSYYDSSGYPSWFDPW	1	-1	false
CAKDLEWFGELRDYYYGMDVW	1	-1	false
CAKDRKPEHRGYIGYW	1	-1	false
CAKARYPLSMDYGMDVW	1	-1	false
CAKAPTHAGGYYYVDYW	1	-1	false
CAKARSIAARYYGMDVW	1	-1	false
CAKARIRYCSSTSCYLSPW	1	-1	false
CAKGIAAAGFLTDYW	2	-1	false
CAKGTSKVDTAMGNPAPFDPW	1	-1	false
CAKGLMDGSGRWGAFDIW	1	-1	false
CAKGRGIVGAWDPRDYW	1	-1	false
CAKGGVPAAYDYYGMDVW	1	-1	false
CAKGHSSGWYLDYW	1	-1	false
CAKVSGRCSGGSCSGGFDPW	1	-1	false
CAKVVVPAVDRYYYGMDVW	1	-1	false
CAKVGVSGAPPDYW	1	-1	false
CAKSERDVVVITAIDYW	1	-1	false
CAKNPLGGSSTSCRACGTYYYGMDVW	1	-1	false
CAKNLGPYAAAANFDYW	1	-1	false
CAKLEVGSSSGWTGTVDYW	1	-1	false
CAKPPRIGQWLEGFDYW	1	-1	false
CAKLLIGVKYYYDSSGTFDYW	1	-1	false
CAKESSNLYYYYYGMDVW	1	-1	false
CARGDSYSSGWDYFDYW	1	-1	false
CARVIHDFWSGYYTGLVCMDVW	1	-1	false
CARVPHRSDYDFWSGYSRDYGMDVW	1	-1	false
CARGPRPGIAAAGYVDYW	1	-1	false
CARGMGDFWSGSGRGFWFDPW	1	-1	false
CARGRIVVVAAATPTSDAFDIW	1	-1	false
CARLSVIPFDYW	1	-1	false
CASSTQWELLRYW	1	-1	false
CASLGSSDFLDYW	1	-1	false
CARGTSVPDYYDITPINYW	1	-1	false
CARDGNWNRPFDPW	1	-1	false
CASLGDWNYVGNYW	1	-1	false
CACQYSSGEVDYW	1	-1	false
CARGSPHGGLRYFDWLSESGYYMDVW	1	-1	false
CARGDVGYCSSTSCLDAFDIW	1	-1	false
CAREIRGCSSTSCPLDIW	1	-1	false
CARAGSLNIAVAGSAFDIW	1	-1	false
CARSRYCSSTSCYIWFDPW	1	-1	false
CARHGSLGLGYYYMDVW	1	-1	false
CARDWDYDSSGGNAFDIW	1	-1	false
CARSGMTALRFRELFPDYW	1	-1	false
CARGTGWVPSWLTYYYYGMDVW	1	-1	false
CARDHGYDFWSGYYTFYYYGMDVW	1	-1	false
CARTPRRTRGVDYW	1	-1	false
CARGSGGYSGYDYYFDYW	1	-1	false
CASSSGWYVVYYGMDVW	1	-1	false
CARGPDYGDPIPYYYGMDVW	1	-1	false
CARGTGAVPVYYDFWSGFAQTDNWFDPW	1	-1	false
CARGVVVPAAILGPDDANWFDPW	1	-1	false
CARGSAIRRAFDIW	1	-1	false
CARGQVREYYDFWSGYSSPWYMDVW	2	-1	false
CARGPRSYGYLLGEGYYYYGMDVW	1	-1	false
CARGPYYDFWSGFIYPHNWFDPW	1	-1	false
CARGLWGGAFDIW	1	-1	false
CARGLSRFSVTTYGYW	1	-1	false
CARGVSVRWAAAGTPRKQGGRYYYYYGMDVW	1	-1	false
CARGEGTAMVYGGYW	2	-1	false
CARDRVTTVEYNWFDPW	1	-1	false
CARDGGPVAARPGLWFDPW	1	-1	false
CARDGDCSSTSCYSAWFDPW	1	-1	false
CARDYFMYSPNPPDWFDPW	1	-1	false
CAREGLYNWNLCDYW	1	-1	false
CAREYYYDGVDYYYYGMDVW	1	-1	false
CARGGYYDFWSGFSDTLTKYYYYMDVW	1	-1	false
CARGWVTQIDYW	1	-1	false
CARGYCSSTSCYEDDYW	1	-1	false
CARGYCSSTSCYYNWFDPW	1	-1	false
CARVQYYDILTGYYNVNWFDPW	1	-1	false
CARVALRLLEWLPNQNFDYW	1	-1	false
CARVGAFGIVGATDNYW	1	-1	false
CARAPMASYDILTGFYYYYYGMDVW	1	-1	false
CARWVRGYGEDW	1	-1	false
CARWVWEMGTYYYGSGGFDPW	1	-1	false
CARSDREDIVVVPAAVAFDIW	1	-1	false
CARLFSGFWSGYYSDYYYYMDVW	1	-1	false
CARGGDIVVVPAAALGNW	1	-1	false
CAREVGRITIFGVVHSPGYW	1	-1	false
CARAHGDYDAFDIW	1	-1	false
CARGYSGYDWNYYYYMDVW	1	-1	false
CARGGYSNYYFYYYYMDVW	1	-1	false
CATLYSGSYLFRAEYFQHW	1	-1	false
CTRPTYCSSTSCPGVW	1	-1	false
CASIYGAYYDFWSGYRKHMDVW	1	-1	false
CARGGGYSGYDGLYYFDYW	1	-1	false
CASGLFSYYFDYW	1	-1	false
CARALEWLGAFDIW	1	-1	false
CARGSDYDFWSGYYYYMDVW	2	16	false
CTTDSGGYDRGYFDYW	1	-1	false
CARVLEWPENYYYYYYMDVW	1	-1	false
CARSITIFGVVEGAFDIW	1	5	false
CARVEAYCGGDCYLSGKSDYW	1	2	false
CARIDITLNYFDYW	1	-1	false
CARDDHPNTVTKFATW	1	-1	false
CSPRDIVVVPADGRSDYYYMDVW	1	-1	false
CARDRIAVFGVALYYYYGMDVW	1	-1	false
CARDRGLAPYYYYGMDVW	1	-1	false
CARDRRNSRYCSSTSCYGPADYW	1	-1	false
CARDREEVIPFIVLMVYDHYGMDVW	1	-1	false
CARDRCTNGVCEETFDYW	1	-1	false
CARDPSGKAHSSSWEDRIAVAGTLVGGMDVW	1	-1	false
CARDPGDVLRFLEWLSYRYYFDYW	1	-1	false
CARDPPSYDILTGHW	1	-1	false
CARDPDIVGATPYYYYGMDVW	1	-1	false
CARDLQSGYYYTGVDYW	1	-1	false
CARDLGGSGSYLHSTYDYW	1	-1	false
CAKDHTMVRGVIEYW	1	-1	false
CAKDVPGIAVAGYFDYW	1	-1	false
CAKDDTLGGYSYGFDYW	1	-1	false
CAKEGGGGYDWAGAYYYGMDVW	1	-1	false
CAKENYYYDSSGYYTRRYFDYW	2	-1	false
CAKGGGNSDGYFDYW	1	-1	false
CAKGSAGGSGSYIDYW	1	-1	false
CAKGSWNYVLNYPSFDYW	1	-1	false
CAKGPLGCGRSGSCNDYW	1	-1	false
CAKGPMVVVPAAMAEPEGWFDPW	1	-1	false
CAKGSYHYYFDYW	1	-1	false
CAKGVSQQWLIPYYFDYW	1	-1	false
CAKGLNHIDLLNHKIVGATSDAFDIW	1	-1	false
CAKGLGYCSSTSCIERSVIDAFDIW	1	-1	false
CAKGRFGYSSSSVTKYYYYYGMDVW	1	-1	false
CAKPGEGWFDPW	1	-1	false
CAKPGYSGSRPVWFDPW	1	-1	false
CAKPGFGGVIVTYFDYW	1	-1	false
CAKPLRGDRTSLRYYGMDVW	1	-1	false
CAKPNQKLAAAGLRVLFGFDPW	1	-1	false
CAKSITMVRGVITREYYYYYGMDVW	1	0	true
CAKRGGGLVWGIAAAGTYFDYW	1	-1	false
CAKSLTAPPITIFGVVIRNYGMDVW	2	-1	false
CAKMERYYYYGMDVW	1	-1	false
CAKILTTVIHGGRGEKDYW	2	-1	false
CAKIKARGPWFGELSPRHLDYW	1	-1	false
CAKKGYSYGSTPTFDYW	1	-1	false
CAKTYGPGGAYYDFWSGYYDGYYFDYW	1	-1	false
CARGTSYSGYDYFYYYYYMDVW	1	-1	false
CARVVPGARNYDFWSGYYTTYYYYMDVW	2	-1	false
CARGGSGIPILWFREMKFDYW	1	-1	false
CARGCWGFYYGSARHSYGMDVW	1	-1	false
CARGRVVYRPWNHSYYYYMDVW	1	-1	false
CARGYCSSTSCYARFLDYW	2	-1	false
CARGFGVALKPFYYYYYMDVW	1	-1	false
CARGRDDILTGYVPQTEGDSDYW	1	-1	false
CARGRVFRW	1	-1	false
CARGRVVSATKNKIFGVPSLDYW	1	-1	false
CARGRGLRRFLEWLPPRPYYYYYMDVW	1	-1	false
CARGRGYCSSTSCYAWFDPW	1	-1	false
CARGRIAARPYYYYGMDVW	1	-1	false
CARGRQDLGLRYLWVPAGMDVW	1	-1	false
CARGRIVVVPGTGFDYW	1	-1	false
CARGRRGYCSSTSCYGDYYYYMDVW	1	16	false
CARGPGYGDYFLGYFDYW	1	-1	false
CARGPLLYGDKAETSTDYFDYW	1	-1	false
CARGPYRGYVSYW	1	-1	false
CARGPIERLEWLLYDTYYYYYGMDVW	1	-1	false
CARGLKNYDFWSGYRKDYDYW	1	-1	false
CARGLYEDFYCSSTSCHYYFDYW	1	-1	false
CARGLEDRW	1	-1	false
CARGLEGFMGALRLNWFDPW	1	-1	false
CARGDTVTTKRGSHGDYW	2	-1	false
CARGVPYYYGSGSPNWFDPW	1	-1	false
CARGVPRYCSSTSCYHAPRSYYYYYMDVW	1	-1	false
CARGGVFWRGAPYYFDYW	2	-1	false
CARGGRGFGVVKGVDYW	1	-1	false
CAKDHRYCSSTSCLAADYYGSGRTDYW	1	-1	false
CAKDQSITIDWFDPW	1	-1	false
CAKVIGYYYDSSGDYW	1	-1	false
CAKGGDGDRADYFDYW	1	-1	false
CAKDLGVRFLEWLQRYNWFDPW	1	-1	false
CARAHFPGYYYYMDVW	1	-1	false
CAREMGARFDYW	1	-1	false
CARGNWGSLDDYW	1	-1	false
CARGLGGSDEVRAFDIW	1	-1	false
CARGPSSLVVPAAIDYW	1	-1	false
CARGDLGYCTNGVCYLDAFDIW	1	8	false
CARDRNYIVVVPADYGMDVW	1	-1	false
CARDVGYCSSTSCSSGWFDPW	1	-1	false
CARDLGMAGTGGYW	1	-1	false
CARDLSTLAYCGGDCSGARPLDYW	1	-1	false
CARDQDSSGWYAGQFDYW	1	-1	false
CARDQGIAVAELHYW	1	-1	false
CARDRGTGFLEWSFDYW	1	-1	false
CARDWTIPSYYYDSSGYYDYW	1	-1	false
CARDSSRIYYDSSGYYYANPSLWAFDIW	1	-1	false
CARDYCSSTSCSYGMDVW	1	-1	false
CARDYLRPPNNSGSYPKWFDPW	1	-1	false
CARDKSRHSGWYWYFDLW	1	-1	false
CARESVCSSTSCPWDYYYGMDVW	1	-1	false
CAREWHYYDSSGHREGYFDYW	1	-1	false
CAREPLRWHYFDAFDIW	1	-1	false
CAREDVVVPAAIRGNGMDVW	1	-1	false
CAREGHIVVVTAIQYYFDYW	1	-1	false
CARARRGVYDSSGYYSYFDYW	2	-1	false
CARAEVLLWFGPTNWFDPW	1	-1	false
CARVKRTIQPWCGMDVW	1	-1	false
CARQGGPNCSSTSCYRINYYYYGMDVW	1	-1	false
CARGGYNWNFNAFDIW	1	-1	false
CARGSGWDYGMDVW	1	-1	false
CARGKVDGSGSYYNGYYYYYGMDVW	1	-1	false
CARGIIPDYW	1	-1	false
CARGTRLTPFRRQERYCSSTSCYYYGMDVW	1	-1	false
CARGGYYDSSGYYSGYDYW	3	15	false
CARGLRKRMVQGVIINDYYYYYYMDVW	1	-1	false
CARAGSSSEYYDFWSGYSGYYGMDVW	1	-1	false
CARDPSLDYDFWSGTNWFDPW	1	-1	false
CARVAVVPAATGYYYYYYMDVW	1	-1	false
CARVSFRGVQYNWFDPW	1	-1	false
CARVLRLYCSSTSCRSNYYYYGMDVW	1	-1	false
CARVVGLYCSSTSCYATGAFDIW	1	-1	false
CARVLKDYDFWSGPYYYYYMDVW	1	-1	false
CARSPLYYDFWSGYYSYYYMDVW	1	-1	false
CARLLVGYCSSTSCYSTWDYYYYMDVW	1	-1	false
CARSGPPGVPAAITDYW	1	-1	false
CARRCSGGSCYFRRSFWFDPW	1	-1	false
CARRVLGTDDYW	1	-1	false
CARHTVTSIHYGMDVW	1	-1	false
CARRAAGGSSWYYYYYYMDVW	1	-1	false
CARRREFYLDTIFGVVITKPKNWFDPW	1	-1	false
CAITDCSGGSCYPAYYYYGMDVW	1	-1	false
CAGTPIRSRFLSRTNWFDPW	1	-1	false
CLVLTSTSAAW	1	-1	false
CARVSPWPYFDLW	1	-1	false
CARMYYYGSGTPPLYYYYYYMDVW	1	-1	false
CARNRPYYDSSGYYFAWFDPW	1	-1	false
CASGGGRYYDILTGYLDAFDIW	1	-1	false
CATALAHDYYYGMDVW	1	-1	false
CARVAQAVSFGIVVLRYFDYW	1	-1	false
CARDRGYNWNYLSYYYGMDVW	1	-1	false
CARGGSYQEFDYW	1	-1	false
CARDYEYYDFWRDYHYYMDVW	1	-1	false
CARAFDCGGTSCYFSFW	1	-1	false
CARAVLGTPPANPGTDREQYYDFWSGYYAAAQGILIIDYW	1	-1	false
CASLGYCSSTSCYFSYYMDVW	1	-1	false
CARGRPRGSAQRIRPPFDYW	1	-1	false
CARDPGPLGSNYW	1	-1	false
CAHLRHGDYAYDYW	1	-1	false
CAHRLQGRTGTTFFDYW	1	-1	false
CAHSSTAYYYYGMDVW	1	-1	false
CAHSPRGYYDILTGYELTHNWFDPW	1	-1	false
CAHISPPVSSGTNGKPKIEMATKFALFDYW	1	-1	false
CAHRPLLWFGENWFDPW	2	-1	false
CAHRPGAPDDYGDYWDKNYYYGMDVW	1	-1	false
CAHRPTPRYCSSTSCYNWFDPW	1	-1	false
CAHRPYCSSTSCQGAFDIW	1	-1	false
CAHRQRLRFLEWAPSDAFDIW	1	-1	false
CAHRQHSSSSVGPEYYFDYW	1	-1	false
CAHRRALWPAAREADAFDIW	1	-1	false
CAHRLSGGSCWDYW	1	-1	false
CAHRTGDPPYFDYW	1	-1	false
CAHRMHPSYYDFWSGYYPTTDKTYNWFDPW	1	-1	false
CAHTPNWNDVQAFDIW	1	-1	false
CARDLDIVATISGFDYW	1	-1	false
CARDLRGYCSSTSCYSYYYYGMDVW	1	-1	false
CARDHQATRANDYW	1	-1	false
CARDQVRGSSGYYGLDAFDIW	1	-1	false
CARDFDSLAW	1	-1	false
CARDFARYCSSTSCYGGGDFDYW	1	-1	false
CARDFPYDFWSGYPPYYYYYMDVW	1	-1	false
CARDLAGATLCAFDIW	1	-1	false
CARDSRVHLYCSGGSCRAFDIW	1	-1	false
CARDSGGIAVTEGAFDIW	1	-1	false
CARDCSSTSCYGRAHFDYW	1	-1	false
CARDVDTAMVDHYYYYGMDVW	1	-1	false
CARDGPQWIGDNWFDPW	1	-1	false
CARDDYGSGSYLSYYYYYMDVW	1	-1	false
CARDEKTFRRSGPDYW	1	-1	false
CARDIYGICSSTSCYGGNYYYYGMDVW	1	-1	false
CARDRLRLGAVAGTSEYFQHW	1	-1	false
CARDPLDYW	1	-1	false
CARDEAGSLDYMDVW	1	-1	false
CARDDVSLAVAVKFFDYW	3	-1	false
CARDSAAITVDW	1	-1	false
CARDTHDYYYDFWSGSTSDAFDIW	2	-1	false
CAREAATGDEYYYYYYMDVW	1	-1	false
CAREKSYNYYFDYW	1	-1	false
CAREWGYNFWFDPW	1	-1	false
CARELVVPAAIGYYYYYYMDVW	1	-1	false
CARESKWELLTGTSYYFDYW	2	-1	false
CARGTGIAARPPRGPPDYW	1	-1	false
CARGVGSSGRYWVDYW	1	-1	false
CARGGGQLPQKATDYW	1	-1	false
CARVYDEMATRLDYW	1	-1	false
CARVVHCTGGVCTDYYYYYMDVW	1	-1	false
CARVAHCGGDCYNWYFDLW	1	-1	false
CAKTLMDRRVPAAMRGRWLYYFDYW	1	-1	false
CAKTPYSGSYYAWWIPVMW	1	-1	false
CAKTPYCTNGVCYDSSKLYYFDYW	1	-1	false
CAKSVRPITMIVVVNLPLDYW	1	-1	false
CAKFMVRGVILAEGEYGMDVW	1	-1	false
CAKFTAPIFDYW	1	-1	false
CAKDGAITMIVGWGDW	1	-1	false
CAKDYGSGSYYTLYFDYW	1	-1	false
CAKAGGTAQMTTTYYYYYMDVW	1	-1	false
CAKSFLEWLLRGHYYYYMDVW	1	-1	false
CAKPAVLDVTELRFLEWFWFDPW	1	-1	false
CAKPLHKNKPWGYYMDVW	1	-1	false
CAKYPPGPRVFRNDAFDIW	1	-1	false
CAKLSGSWYYFDYW	1	-1	false
CAKFSTSPPGGFDPW	1	-1	false
CANAVTKRWRSLYGMDVW	1	-1	false
CANLGYYDSSGIYGYAFDIW	1	-1	false
CANSNVVLLWFGELPFTHDYW	1	-1	false
CANGDIVATHPDYW	1	-1	false
CAIPEGSLEDYDPGYYYGMDVW	2	-1	false
CARLASEYCSSTSCYLPRNAFDIW	1	-1	false
CARFWSGYHDTGYYYGMDVW	1	-1	false
CATLTTTGDWFDPW	1	-1	false
CARISSSWKNDYYYMDVW	1	-1	false
CAHPSVDTAMEADYW	1	-1	false
CAHKGIPSSGLLHYYMDVW	1	-1	false
CESSSGYYYYGMDVW	1	-1	false
CAKFGRGLWL	1	-1	false
CARGAYCSSTSCHFDYW	1	-1	false
CARGSTRKNIVVVPAASTYYYYMDVW	2	-1	false
CARGSPMDVW	1	-1	false
CARGSEMGRLFLYFDYW	1	-1	false
CARGFYRFRGLRLGELSGRPLDYW	1	-1	false
CARGFLYNWNDENGWSYAFDIW	1	-1	false
CARGRFWCSSTSCYYGWFDPW	1	-1	false
CARGRGIFGVVITNYFDYW	1	-1	false
CARGSLDSSSWYSYW	1	-1	false
CARGSPGYYYGSGSYYRDYYYYYYMDVW	1	16	false
CARGNFRWYYYGSGSRYYYMDVW	1	-1	false
CARGNVLEWLLYSRYNWFDPW	1	-1	false
CARGNLVGGSGRWVGWFDPW	1	-1	false
CARGRIAAAGTDYW	2	-1	false
CARGIGYCSGGSCRRGYYYYMDVW	1	-1	false
CARGTRSDIVVVPAAIMDFW	1	-1	false
CARGCGMGVVPAAMIGWFDPW	1	-1	false
CARGYCSSTSCYPLRRLVWFDPW	1	-1	false
CARGGYCSSTSCSYLDYYYYYYMDVW	1	16	false
CARGADYYGSGTVSRRLDYW	1	-1	false
CARGVEYYGSGSQRESSGRADDYW	1	-1	false
CARGRIAAVKPVDYW	1	-1	false
CARGHPVGVDTGSLDYW	1	-1	false
CARGYPLEGVPAALNWFDPW	1	-1	false
CARGITSSLGTLPLGLVYYFDYW	1	-1	false
CARGTSDFWSGYYTPRYYYYYMDVW	1	-1	false
CARGRGYCSSTSCYKRANYRSYYYYMDVW	1	-1	false
CARGDCSGGSCYLPNYWYFDLW	1	-1	false
CARGRKLRGYSGYGGVDYW	2	-1	false
CARGSAGLRFPQGYYYYYMDVW	1	-1	false
CARVCSGVPAAIRRDYWYFDLW	1	-1	false
CARVESSSTSPSTDYW	2	-1	false
CARVEIVVVVAAAEYYYYMDVW	3	-1	false
CARVTVVVPAAMWPRDYYYYMDVW	1	-1	false
CARVKDDYVWGSYRYTGRTFDYW	1	-1	false
CARSGNPSPWYSSSWYEKDAFDIW	1	-1	false
CARTQYSSSWYNVGYGSYYYGMDVW	1	-1	false
CASFDFDYGGAFDYW	1	-1	false
CARIRTHGYW	2	-1	false
CAGNPFSCSSTSCYKVRFHGMDVW	1	-1	false
CARGEGQGRIAARPARYW	1	-1	false
CARDRADSSSSVFYYW	1	-1	false
CAREDGIAVAGTDAFDIW	1	-1	false
CARVYSSGAPPGFDYW	1	-1	false
CARGAYYYDSSGYYYRPELDYW	1	-1	false
CARGGVVVITKPLDYW	1	-1	false
CARDGGTGKDYW	1	-1	false
CARDQERIQLPYYMDVW	1	-1	false
CARDPPDLRRYFDYW	1	-1	false
CARDPTVTTGGYFDYW	1	-1	false
CARGQNIFGVVTTYYFDYW	1	-1	false
CASVPGYCSSTSCYDAFDIW	1	-1	false
CARDWVDGNLAVAGSGGYYYYMDVW	1	-1	false
CARDSHRTILGLGSSTSGMMDVW	1	-1	false
CARDFDRYYGSGSYYPTFDYW	1	-1	false
CARDGGSGFDYW	1	-1	false
CARDLGYCSSTSCYGNYFDYW	1	-1	false
CARDRPWIAARPIWYSMDVW	1	-1	false
CARDKWPSHIYYYMDVW	1	-1	false
CARELGREDYFDYW	1	-1	false
CARDQDTAMVDYW	1	-1	false
CARGGHRLRFLEWLPYLGAFDIW	1	-1	false
CARGWYSSSPTESYYYYYGMDVW	1	-1	false
CARAGYSGYDYSFATPDYW	1	-1	false
CARGLEWFSYFDYW	1	-1	false
CARETLGRETYYYGSGIVGSGDAFDIW	1	-1	false
CAATREGSSSWYFLGDYYYYYGMDVW	1	-1	false
CARVGQLDLSFDLW	1	-1	false
CAREVYGDYVSQXTFAYYLPW	1	-1	false
CARGEGYCSSTSCYMRNWFDPW	1	-1	false
CARATVHGYQLLRGGFDPW	1	-1	false
CASYYDFWSGPISYYMDVW	1	-1	false
CARAVLMVQGVPLFDYW	3	-1	false
CARGVVFWSGYYSDYYYYMDVW	1	-1	false
CARQGSYYDFWSGYPIDYW	1	-1	false
CARETDLGAAMVTWYYYYYMDVW	1	-1	false
CARDEGRGWFDPW	1	-1	false
CARDRVAEFDYW	1	-1	false
CARDSELLWFRELVFDYYYYMDVW	1	-1	false
CAREKNYDFWSGYYQEYYYYYMDVW	1	-1	false
CARAPGARQQWLAIDIW	1	-1	false
CARAPTLIYSSGEIDYW	1	-1	false
CARGDPRGIMITFGGVIVGDAFDIW	1	3	false
CARGGIWFREFYFDYW	1	-1	false
CARSLGYCSSTSCHRYGYYYYMDVW	1	-1	false
CASSCISEVTLVPYDDYW	1	-1	false
CASNYYGMYYYYMDVW	1	-1	false
CARNIAVAGRGGGLYYYYMDVW	1	-1	false
CARDGITGTNGDYW	1	-1	false
CAHTPGEGWNYRYYFDYW	1	-1	false
CAQARSRFSIAAASGGGDFDYW	1	-1	false
CARRLSVEYSSSSAKGGFDYW	1	-1	false
CARHLRIDYSNYDSSYYFDYW	1	-1	false
CALVRWYALYFDYW	1	-1	false
CAGVVHYMDVW	1	-1	false
CASLDCSSTSCPPPW	1	-1	false
CARRPILRTIFGVVIMGFDYW	1	-1	false
CARGINFLGQTYFVGSSSCWFDPW	1	-1	false
CARHAPYYYDSSGYRTEFDYW	1	-1	false
CARSCSSTSCYGEKSPLLPKYYYYYYYMDVW	1	-1	false
CARSGSYYDSSGYPTFQHW	1	-1	false
CARHIGSSSNQFDPW	1	-1	false
CARHNSSGHDFWSGYFALRADWFDPW	1	-1	false
CARHRRQWLIRPNPGYDYW	1	-1	false
CARHRSVLWFRELPEGVFDYW	1	-1	false
CARHEVVPAYDAFDIW	1	-1	false
CARHGIYGSIGYW	2	-1	false
CARHGPDPFRFDYW	1	-1	false
CARHGVVITTGHDAFDIW	1	-1	false
CARHALGAGYYDFWSGPHHDAFDIW	1	-1	false
CARHLKGNVPGQLLLPSYYYYGMDVW	1	-1	false
CARHPQWLAPYYYGMDVW	1	-1	false
CARHPLWGGYSSSWYLPPRDPVKFDPW	1	-1	false
CARQDRLYSSSWTLNWFDPW	1	-1	false
CARQSGNGTTRHRLLLPHQSDYW	1	-1	false
CARCGDSSVYYDAFDIW	1	-1	false
CATKRSGAAAGTGWFDPW	1	-1	false
CARRLSITIFGGDAFDIW	1	-1	false
CARPSSGQLANWYFDLW	1	-1	false
CASFPWDPMIVVVITHRPYYYGMDVW	1	-1	false
CASTDYGDYYIVYW	1	-1	false
CASGAYSSSWFGIDPW	1	-1	false
CATSYYDSSGYYYVFRAFDIW	1	-1	false
CASTLGYCSSTSCYAYYFDYW	1	-1	false
CARGFIIQPSDKRGPYYYGMDVW	1	-1	false
CARDRHRIEYSSSRTLWYFDYW	1	-1	false
CARESGRNYDILTGYFQHW	1	-1	false
CARVLFGEQLVQFDYW	1	-1	false
CARVLSATTDIVVVVAATLHYYYYMDVW	1	-1	false
CARPRGGYDYGDYEFDYW	1	-1	false
CASHDIVVVPAAIPFDYW	1	-1	false
CARVQWGESSEYFQHW	1	-1	false
CARRTVITIFGVVTDYYYGMDVW	1	4	false
CARGGHSSSWSHYYYYMDVW	1	-1	false
CARLGVRSSSWYLSNGERLYFQHW	1	-1	false
CARGEGRYDFWSGYSLNAFDIW	1	-1	false
CARARELEPPRFDYW	1	-1	false
CARGVLSSGGRADASRDYW	16	-1	false
CAHRSDGCSSTSCYDYW	2	-1	false
FARDGNCGYCSSTSCLLLSPEYFQHW	1	-1	false
CARDSDCSGGSCYPGWFDPW	1	-1	false
CARHGDFRSYYYYGMDVW	1	-1	false
CAKDIDYDSSGWGPWSYGMDVW	1	-1	false
CARDDKYYYYMDVW	2	-1	false
CARVSGGWYYFDYW	2	-1	false
CAREIPRGDYDFWSGYYTDRAFDIW	1	-1	false
CARGGAGESYDFWSGYLNYYYYYGMDVW	1	-1	false
CARGQAYYDFWSGYSYYFDYW	1	-1	false
CARPPMVAEGLLIYYYYYMDVW	1	-1	false
CARSPRIFGEGGRFDPW	1	-1	false
CAREGSYGLLGVHHCFDYW	1	-1	false
CARPIGRLEWYRLDYW	1	-1	false
CARVSGYSSSYDYW	1	-1	false
CARDRSFRSGFRELSIYW	1	-1	false
CARTVAGGGMYAFDIW	1	-1	false
CAKGNSSSWEIDYW	2	-1	false
CAREAHSGRSSRNPSWFYW	1	-1	false
CASGRCSSTSCEPHGLLWYYYMDVW	2	-1	false
CAIVRFLEWPKGYYYMDVW	1	-1	false
CANHCSSTSCHEGW	1	-1	false
CARVSDSSSSGSGYYYYYGMDVW	1	-1	false
CTTDFRYSGSYYASAFDIW	1	-1	false
CARGGIVVGSNWFDPW	1	-1	false
CAREHNWNNGAFDIW	1	-1	false
CATRVYWYFDLW	2	-1	false
CATLTPPHYLW	1	-1	false
CASYTVDSSGYNRPYW	1	-1	false
CARSLREHFSYDFWSGYYPDTFFDYW	1	-1	false
CAHSIPPDYYDSSGYSPAFDIW	2	-1	false
CARDGEGYMDVW	1	-1	false
CARDRVGLFDFWSGYSNNWFDPW	1	-1	false
CARVVGSLGYCSSTSCYTTDYW	3	-1	false
CARGPYYDFWSGYNYNAFDIW	1	-1	false
CARGFGPSPTKDAYYYGMDVW	2	-1	false
CARDLSWLVSPHGYFDYW	1	-1	false
CARGPTTVVTLFPGQRQRRGDYW	1	-1	false
CARAGIYCSSTSCYENYYYYYYMDVW	1	-1	false
CARRGNFDWLLYRADYYGMDVW	1	-1	false
CASRRNYDFWSGVLNYYYYYGMDVW	1	-1	false
CASGEWELLGSYYYYGMDVW	1	-1	false
CAHSRSSSWSTAAEYYYGMDVW	1	-1	false
CAHVGATITIFGVVINNYFDYW	2	-1	false
CARGWGVNYDFWSGYPYYYYMDVW	1	-1	false
CARPREIDKQQLGYW	1	-1	false
CARVSLITIFGGEFYYYYYMDVW	1	-1	false
CARQPRELSDRYYYYYMDVW	1	-1	false
CELFQDCSSTSCYAHDAFDIW	1	-1	false
CARHTYVKHGYCTNGVCYRKEGNWFDPW	1	-1	false
CARHLGVVVPAAMFYYYYYMDVW	2	-1	false
CAKHGDYGASYYFDYW	1	-1	false
CARVKEVYYYYYGMDVW	1	-1	false
CARVITYYDILTGYFDMYYFDYW	2	-1	false
CARVHYYDSSGLFDYW	1	-1	false
CARVPWGIAAAGTAPYGMDVW	1	-1	false
CARVVPAAMRVFDYW	1	-1	false
CARALENIVGVDYW	1	-1	false
CARASLRW	1	-1	false
CARLEYSNPLPDYW	1	-1	false
CARQLEGYYYGSGSYHSDYW	1	-1	false
CARFYCSSTSCYFGSDYYYYGMDVW	1	-1	false
CARSDSSGWTIDYW	2	-1	false
CARSFRGDIVVVPADPYFDYW	2	-1	false
CARYGMDVW	1	-1	false
CARTMHYDFWSGYNWDPDYW	1	-1	false
CARTLYSYGFPNLDYW	1	-1	false
CARMTGYCSSTSCSSAFDIW	1	-1	false
CARMTTVSVGDYW	1	-1	false
CARIHYYDSSGYYYQSNPHPGPWYW	1	-1	false
CAREVPAAIDAFDIW	2	-1	false
CARDYSNPGYYYYYYMDVW	1	-1	false
CASRTTVTTLFRVGRDYYYYGMDVW	1	-1	false
CATESYGDYDYW	2	-1	false
CATIPTVWSGYWKYYFDYW	1	-1	false
CAAIGPVDYW	1	-1	false
CAGIMVRGVYYYYGMDVW	1	-1	false
CARGGLFYFDYW	1	-1	false
CASPIFGVVMEPQFDYW	3	-1	false
CAREEDTAMEYYMDVW	1	-1	false
CAREEYYYDSSGLFDYW	1	-1	false
CARDALLWFGESTVGAGMDVW	1	-1	false
CAREVSDYDSAPDYW	1	-1	false
CARGLPSGAAARTYYYYYYYMDVW	1	-1	false
CARVIGYDYVWGSYRYEYYYYGMDVW	1	12	false
CARVVGFGVVYFDYW	1	-1	false
CARSPQTNYYYGSGSYFFDYW	1	-1	false
CARGLWDYIPQRVFDPW	1	-1	false
CARETTVVTQGYYYYGMDVW	1	-1	false
CAKAYKRMVRGVIIPDYYYYGMDVW	1	-1	false
CAKGERGLFNVRYFDWLSTPVDYW	1	-1	false
CAKDKKWEPFSFDYW	1	-1	false
CAKKARGGDPGSYW	2	-1	false
CAKDLLRELPHDAFDIW	1	-1	false
CAKDRGYGLQYPNNWFDPW	2	-1	false
CAKDREQWLVPWDFDYW	2	-1	false
CAKDPGVFYYYGMDVW	1	-1	false
CAKDTTYDYVWGSSYYFDYW	1	-1	false
CAKDRWGGIAARGYYFDYW	1	-1	false
CAKGPSDSGYDYPTYFDYW	1	-1	false
CAKALGVPIKYYYYGMDVW	1	-1	false
CAKAQEGRAYYFDYW	1	-1	false
CAKAIYCSSTSCYTDYYYGMDVW	1	-1	false
CAKAILTQGNYGAFDIW	1	-1	false
CAKPTYSGSYWGEGLW	2	-1	false
CAKGIGSGYYSDW	1	-1	false
CANTPGYGISAGWFDPW	1	-1	false
CANAFRGYSYNW	1	-1	false
CARYCSSTSCHDLGDMVNWFDPW	1	-1	false
CASMDPGATGTTIEW	1	-1	false
CAALEYSSSSSEDGW	1	-1	false
CAKSLDNWNQYWYFDLW	1	-1	false
CAKDAKGRRITIFGVVITKIYFDYW	1	-1	false
CAKEVKGEQWLAKNYYFDYW	1	-1	false
CAKDKTVVVPAAMAWGWFDPW	1	-1	false
CAKAFWYYLNAFDIW	1	-1	false
CAKNLYGSGSYYWGLDYYYYYGMDVW	1	-1	false
CAKAKEGGFVVGATIDYYYYGMDVW	1	-1	false
CAKVHRITMIVVVPYYYGMDVW	1	-1	false
CAKYGGQRGSSSPLGYFDLW	1	-1	false
CAKEALGLLWFREPFDYW	1	-1	false
CAKETVYYGSGSNWFDPW	1	-1	false
CAKYQSYDILTGENWFDPW	1	-1	false
CAKGVLSQSDITGTTFGAFDIW	2	-1	false
CARVPGGYCSGGSCYYYGMDVW	1	-1	false
CARVSRGSIAARRTVNYYYGMDVW	1	-1	false
CARVYYDFWSGYYRYMDVW	1	-1	false
CARVGYYDSSGYSQVTPDFW	1	-1	false
CARARTGDPGDFDYW	1	-1	false
CARAYPTYYDFWSGHRTGVDYW	1	-1	false
CARAWMLFDYW	1	-1	false
CARAWIPVVYAIHYFDYW	1	-1	false
CARAGCSSTSCYFWGHDYW	2	-1	false
CARAKYDLRVGWRGGSCYSLDYW	1	-1	false
CARARERWLQLRFFDYW	1	-1	false
CARAAAGTGNFDYW	2	-1	false
CARAYPVGMIVALRGLFDYW	2	-1	false
CARAYLSYGSGSWKSGWFDPW	1	-1	false
CARASKLITIFGVAHYYFDYW	1	-1	false
CARAAALTVTTYDYW	1	-1	false
CARAYFLDSSSSEGNGRFDPW	1	-1	false
CARALRYCSSTSCYVQGPPHRRDNYYYMDVW	1	-1	false
CAREGGLYCSSTSCYPRFAFDPW	1	-1	false
CAREGPAAKGGLFDYW	1	-1	false
CARDGVAATYCSSTSCYLLRGVKIW	1	-1	false
CARRRGYCSSTSCYAGGYYYYMDVW	1	16	false
CARRRSYGALVYW	1	-1	false
CARLGIGSSTRNYYGMDVW	1	-1	false
CARQVPIDAFDYW	2	-1	false
CARQGIAAAGLEKGIIDYW	1	-1	false
CARSPEYDYYAHDFWSGFVPYYFDYW	1	-1	false
CARFILRPYCSSTSCLPASTSFDYW	1	-1	false
CARYCSSTSCYEMDAFDIW	1	-1	false
CARYLWLKAIGYW	2	-1	false
CARCSWSGYYSYYYYMDVW	1	-1	false
CARRRIVVVPAAMKGFDYW	2	-1	false
CARRTCSSTSCYRHNWFDPW	1	-1	false
CARRDMYYDFWSGYYDLGQQRNGFDPW	1	-1	false
CARAPSLADPGERDYW	1	-1	false
CARAYYDFWSGYLYFSGYFDYW	1	-1	false
CARSEEYYYYYYMDVW	1	-1	false
CARPLNCSGGSCYLLEAFDIW	1	-1	false
CARAKYCSSTSCFYYYYYYMDVW	1	-1	false
CARNVQPGTTWEVAMDVW	1	-1	false
CASLLGYCSSTSCTSGDW	1	-1	false
CAVERSEDYW	1	-1	false
CVKNYDILTIYFDYW	1	-1	false
CARTRMDCTGGVCPSRAYYFDYW	1	-1	false
CASLIGTTMGGAGYYYGMDVW	1	-1	false
CARLNIVVVPAAMYLDVDAFDIW	1	-1	false
CAREYLTTQWLVPSHYYYYGMDVW	1	-1	false
CARDQESAAAGTPSVGPYYYYGMDVW	1	-1	false
CARDPGVRFLEWAIDYW	1	-1	false
CARVQKYYDFWSGYRAPKETPYYHYGMDVW	1	-1	false
CARDEDYGDPDGGDYW	1	-1	false
CASLRRSYYFDYW	1	-1	false
CATEPDSSSFDGWDYYYYGMDVW	1	-1	false
CASWRRAARSPRYYGMDVW	1	-1	false
CAREGYGYEFEIDYFDYW	1	-1	false
CAREGMVQGVILYYYMDVW	1	-1	false
CAREVGYFDLW	1	-1	false
CARDTLAALHDYGDYGLAFDIW	1	-1	false
CARVGFDYW	2	-1	false
CARVSAAREADYW	1	-1	false
CARGAEDMITFGGGDYW	1	-1	false
CARTGPVPAAMRAEPSX	1	-1	false
CASIAVAGTGNYFDYW	1	-1	false
CAAIDFWSGYFAAPW	1	-1	false
CARGGGDAIFGGYNWFDPW	1	-1	false
CARGRRGVSSSTGSYYYYMDVW	1	-1	false
CARDRVDTAMGGNYYYYGMDVW	1	-1	false
CARDYAVYDIVVVPAPRGGYYGMDVW	1	-1	false
CAGAGGNWGSFDPW	1	-1	false
CARGHSSSSVATAEYFQHW	1	-1	false
CARERRGVWFGELLPHFDYW	2	-1	false
CARDIVGDKRGTYGMDVW	1	-1	false
CARDHRYCSSTSCWFDPW	1	-1	false
CARDLLLGYGDRRFDPW	1	-1	false
CARDGKYCSSTSCYSWYFDLW	1	-1	false
CARDSMGAFDIW	2	-1	false
CARDRPTRHIVVVTAHPRRYFDLW	1	-1	false
CARDLYCSSTSCYYYYGMDVW	1	16	false
CARDLARYGSGSSNWFDPW	1	-1	false
CARAHVGDIVATIAQFDYW	1	-1	false
CARARRSSGRYWYFDIW	1	-1	false
CARAELVRDQYYYYGMDVW	1	-1	false
CARANTQLEPSYYYYYGMDVW	1	-1	false
CARVYYDSSGYESWFDPW	1	-1	false
CARKQLTKSDIVATIRGAFDIW	1	-1	false
CARNLYYYDSSGYQVFDYW	1	-1	false
CARRYCSSTSCYTGAFDIW	1	-1	false
CARGDGYDIEQRRFDPW	1	-1	false
CARGGGRDLALGNWFDPW	1	-1	false
CARGRSRYCSSTSCYLDYYYYYMDVW	1	16	false
CARAAAIGYCSGGSCYNAFDIW	1	-1	false
CARLYYGSGYAFDIW	1	-1	false
CARVGYYYDSSGPRAFDIW	1	-1	false
CARDQNLYGSGSYYKGGWFDPW	1	-1	false
CARRAVRGTGWFDPW	1	10	false
CARHGEGYCSGGSCYFLSDRERFDYW	1	-1	false
CARRSAMVQGVLDYW	2	-1	false
CARRDPTTVTVDYW	2	-1	false
CARRDPYCSSTSCYTGIFDYW	1	-1	false
CARRSSTDGAFDIW	1	-1	false
CARRFAIRLGRERRYYFDYW	1	-1	false
CARLGLESGSYFDYYYYYGMDVW	1	-1	false
CARLERYSSSSGRDYW	1	-1	false
CARLGYSSGCFDPW	1	-1	false
CARLVAVGCSSTSCYHFGQRGLGVPDYW	1	-1	false
CARLLQLWFREEYNWFDPW	1	-1	false
CARLRTIVVSGWYDWFDPW	1	-1	false
CARGYCSSTSCQLIDYW	1	-1	false
CAREGARVYYFDYW	1	-1	false
CARVIVVVVAATYYFDYW	1	9	false
CARVTRGGYGDYEHW	2	-1	false
CARYLGDLLGRCDQLLFHSGGSCYSNFFDYW	2	-1	false
CASYPIVVVPAAPNDAFDIW	2	-1	false
CASRMAYDFAVDYW	1	-1	false
CARENGYGDYGDYYYYMDVW	1	-1	false
CARGIFTIFGVAEGPGYMDVW	1	-1	false
CARGGVGSGWYGLDYW	1	-1	false
CATVAVAGTGGWFDPW	1	10	false
CATSAYYDFWSGQIDW	1	-1	false
CATNIVVVPAAIFDYW	1	-1	false
CAASHPAMENYYYYYMDVW	1	-1	false
CAGLLRASSGWSFVFYW	1	-1	false
CTRAYYDFWSGYAPHDCW	1	-1	false
CTRDRSVVVVAAIYYYYGMDVW	1	-1	false
CTRDSGTYSSGWYGGYYYYGMDVW	1	-1	false
CTRDFRSRGYSSPYGEIYYGMDVW	1	-1	false
CTTDIVVVRDYW	1	-1	false
CQWFGEYLDFDYW	1	-1	false
CTTDRGSQGYYYDSSGYLGIIQRPFDW	1	-1	false
CTTDLYCSSTSCPFDYW	2	-1	false
CTTLNDCCDYYYYYMDVW	1	-1	false
CTTDPRNPIDIVVVVGYDPW	1	-1	false
CATPPPKYCSGGSCYYYYYGMDVW	1	-1	false
CTACSSTSCYFFDYW	1	-1	false
CTTSGLPDLHWYYGMDVW	1	-1	false
CTTDRDPETMYYFDYW	1	-1	false
CTTDLNYYDSSGRYW	1	-1	false
CTTDLIAVADYW	1	-1	false
CTTDHGVVPAAMSVDYW	1	-1	false
CTTDQYGPREYYFDYW	1	-1	false
CTTDFWSGYLNYYMDVW	1	-1	false
CTTDYAVDTAMEYYYYMDVW	1	-1	false
CTTDSTVSYYDSSGLSLIYYGMDVW	1	-1	false
CTTELRGSGWYSPFDYW	1	-1	false
CTTDYGADW	1	-1	false
CTTDGLIGYCSGGSCYGYW	1	-1	false
CTTVFVVRGVRDYW	1	-1	false
CTTVMYGWGVDYW	1	-1	false
CTTGLDDYGDDDPWNYFDYW	1	-1	false
CTTGGGGWKPGYYYYYGMDVW	1	-1	false
CTTGGIVVVPAAMWRAYW	2	-1	false
CTTGGGYCSSTSCYTYYYGMDVW	1	-1	false
CTTADSSGYYENYYYGMDVW	1	-1	false
CTTAYNWNDVRDYW	1	-1	false
CTTQVSPWWLRDYYFDYW	1	-1	false
CTTGIVVVPAAIPSVDYW	1	-1	false
CTTVGFGVVTPYAFDIW	1	-1	false
CTTVIWFGEPEPYYYYGMDVW	1	-1	false
CTTRFDPW	1	-1	false
CTTWVRDYYYMDVW	1	-1	false
CTTDIVLVVYAILADYW	1	-1	false
CTTTNSILLWFGEPYYFDYW	1	-1	false
CTTTGEMTTVTIEVGYW	1	-1	false
CTPGSYGYW	1	-1	false
CTQTDFWSGPVDYW	1	-1	false
CCSCYSFVYYYGMDVW	2	-1	false
CARLCPCGYSYGYEGPRHLGFDPW	1	-1	false
CARDPSTSDCSSTSCYRNPQLNWFDPW	1	-1	false
CARDPPVVMLTGDHITRYGMDVW	1	-1	false
CARHYYGSGSYYNGFDYW	1	-1	false
CATVPPVGATRGLLYYFDYW	1	-1	false
CARGPFGELLDYYYGMDVW	1	-1	false
CARGFPCTSCYEKELDYW	1	-1	false
CARDLPGPNSNYERFDYW	2	-1	false
CARGFVVVAATHAFDIW	1	-1	false
CAREEVLYYYMDVW	1	-1	false
CARSHGHYDSSGYYYDYYGMDVW	1	-1	false
CARVMVAAAGTRWFDPW	1	-1	false
CACLHSSSVYFDYW	1	-1	false
CARDLSEDKGDYW	1	-1	false
CARDLGSIGWDAFDIW	1	-1	false
CARDRDRRDYFDYW	1	-1	false
CARDKTGHCSSTSCYYYMDVW	1	-1	false
CARATYYYDSSGYYKPGHFDYW	1	-1	false
CARAALEWLLFEAFSYYYMDVW	1	-1	false
CARAIFDYYDSSGYAFDIW	1	-1	false
CARAPGSGVGMHYYYMDVW	1	-1	false
CARARGYCSGGSCYYYYGMDVW	1	17	false
CARARGLEMATIFAFDIW	2	-1	false
CARGEGSGYDYDAYW	1	-1	false
CARGKYSSGWYYFDYW	1	14	false
CARVYSYGLISDYW	1	-1	false
CARVTYSKFDYW	2	-1	false
CATFEVVPAAIGGEDNWFDPW	1	-1	false
CAKGDDFWSGTDAFDIW	1	-1	false
CAKGSWLYFSFFDYW	2	-1	false
CAKAGTVVTSGSSRFNWFDPW	2	-1	false
CAKGLEPGRGKYQLLYFAFDIW	1	-1	false
CAKSTDCDYW	1	-1	false
CAKGRIVVVPAASYGLFDPW	1	-1	false
CAKDLALYNWNYAGVSGNDYW	1	-1	false
CAKEGPGWLNVYFDYW	3	-1	false
CAKDIGNLIIFGVVIGAGDYW	1	-1	false
CAGGYCSSTSCHKFDYW	1	-1	false
CARDTAIYLFDYW	1	-1	false
CVRGLGDHW	1	-1	false
CARGSVASRKYDFW	2	-1	false
CARNIVVVPAASDAFDIW	1	-1	false
CAREHYNFWSGYNNWFDPW	1	-1	false
CAKDIGAVARNWFDPW	1	-1	false
CAKDMGSSGWYYFDYW	1	14	false
CAKDIARLVQYYYYAMDVW	1	-1	false
CAKDIGSSSWYEYYYYGMDVW	1	-1	false
CAKDMEYSSSLWGGAPSGNGYYFDYW	1	-1	false
CAKAGEATGARSGWYDIYLDYW	1	-1	false
CAKAATGTTYWYFDLW	1	-1	false
CAKGAPIAAQRGYYYYGMDVW	1	-1	false
CASLNQRNDFWRGAGTPGHYYFDYW	1	-1	false
CLVEWLRAYW	2	-1	false
CASSLGIRSGLFDYW	3	-1	false
CAKSEGKSIFGVVIFHYW	1	-1	false
CAKDIGFFVFGLDSSGYNDAFDIW	1	-1	false
CAKDIASSSIAARRRGHYFDYW	1	-1	false
CAKDIYQQPSLPTGPADYW	1	-1	false
CAKDPERELLAFDYW	1	-1	false
CARIPNWNYPYYYYYMDVW	1	-1	false
CARIRRYCSSTSCYGYYYYYMDVW	1	-1	false
CARGVNYDFWSGYYTGTLFDYW	1	-1	false
CARGKGYCTNGVCHYYYYGMDVW	1	-1	false
CARRAKLRPTQPQKYYFDYW	2	-1	false
CARSARRRKVVVIGNDAFDIW	1	-1	false
CARYPRGCSGGSCYSYGMDVW	1	-1	false
CASTKRRGYSGYGALPYW	2	-1	false
CASTEQDYYYYGMDVW	2	-1	false
CASPPRRGYCSGGSCYSQSTSVDYW	1	-1	false
CASGRMAWDYW	1	-1	false
CASAAAAAPYYYYGMDVW	1	-1	false
CASLRYFGTGRYFDLW	1	-1	false
CATQSHPGFLDVW	1	-1	false
CAGYYDFWSAPRIDAFDIW	1	-1	false
CAGALDYYYYYMDVW	1	-1	false
CAVPSGYCSGGSCYSYFDYW	1	-1	false
CAGLCSSTSCYARYYFDYW	1	-1	false
CVANYCSSTSCPILFDYW	1	-1	false
CTSGYDKAIDYW	1	-1	false
CAAGGRSYSFDPW	1	-1	false
CARGARRGYAFDIW	1	-1	false
CARGGGSSSANWFDPW	1	-1	false
CARGHDFWSGSRRITRRYYMDVW	1	-1	false
CARIRGRYRGDYW	1	-1	false
CARQGMVYCSSTSCHYYYYYYMDVW	1	-1	false
CARFDIVVVPGFDYW	2	-1	false
CARCKDIVVVPAAIEARGWFDPW	1	-1	false
CARISRGWFPSYYYYMDVW	1	-1	false
CARGRVYSGSYEPEPHLFSIEKNFDYW	1	-1	false
CARFRQWQLTRALNWFD	1	-1	false
CARGDTVVVPAAIHRIEYFQHW	2	-1	false
CARGEYQLLFDYW	1	-1	false
CARGRTVVKGNWYFDLW	1	-1	false
CARGSDQGYCGGDCYPHDAFDIW	2	-1	false
CARDRPYSSGWYYYYGMDVW	2	-1	false
CARWGSAYYDFWSGYSVDYW	1	-1	false
CARDYVTMVRGVIITARGTPGHW	1	-1	false
CAREFSHYDYVWGSTYCYGMDVW	1	-1	false
CARTGYCSSTSCYVPESLDYYYMDVW	1	-1	false
CARDSPRVVPTDAFDIW	1	-1	false
CARDGPYGDYVSDYFDYW	1	-1	false
CARDGYSYGLVDLRNWFDPW	1	-1	false
CARDQVVTGTTGNWFDPW	1	-1	false
CAREGQYGMDVW	1	-1	false
CARESAYGDYRSGVDYW	1	-1	false
CARELGGIYSYADYW	1	-1	false
CARELIQLWLHEYYFDYW	1	-1	false
CARDPLYYDLW	1	-1	false
CARDRQNWENDYW	1	-1	false
CARGEGPGSSPHDAFDIW	1	-1	false
CARGLRGMATINGMDVW	1	-1	false
CARGRLRLGELSFLYW	1	-1	false
CARAATVSHFDYW	1	-1	false
CARVPSDDFWSGYDYW	1	-1	false
CARPCTSCFAFDIW	1	-1	false
CARFPYDFWSGYYDYW	1	-1	false
CARARQWLGHSHFDYW	1	-1	false
CARGRWELGYYYGMDVW	1	-1	false
CASRSSRKELDYW	1	-1	false
CAGSRMVRGVITPLYGMDVW	2	-1	false
CAGRGSWDSSSWPRVNDAFDIW	1	-1	false
CAREGGGEYDYVWGSYRLVDYW	1	12	false
CAREKRGYYFHYYYYMDVW	1	-1	false
CARENVVVPVNWFDPW	1	-1	false
CARGDGEQYWYFDLW	1	-1	false
CARGDAEQDLYYFDYW	1	-1	false
CARTTGRQDAFDIW	1	-1	false
CARNSDYYYYYYMDVW	1	-1	false
CARELVPAAMDGAFDIW	1	-1	false
CARDSVYDGGHLGW	1	-1	false
CARDRYCSSTSCPERGFDPW	1	-1	false
CARDGGDVVPAAMRGYFDYW	1	-1	false
CARDGSGSTGTTREFDYW	1	-1	false
CAREENVVVPAAERGFDYW	1	-1	false
CARGQEIVVVPAALHYYYYYMDVW	1	-1	false
CARMGYCSSTSCYGNYYYMDVW	2	-1	false
CARFVVVVAATSYFDYW	1	-1	false
CARWWDPSQITIFGVVDAFDIW	1	-1	false
CASGTYYDILTGYNPYYYYMDVW	1	-1	false
CARICSSTSCYAMGAFDIW	1	-1	false
CARDRDCTGGVCYLGGWFDPW	1	-1	false
CARGSSIAARPFMDVW	1	-1	false
CARGRGYGDYIHYYYYMDVW	1	-1	false
CARGTYGRYYYYGMDVW	1	-1	false
CARGKRRLFSRSYDAFDIW	1	-1	false
CARGDTHPATDQPPLCMDVW	1	-1	false
CARDREGWFDPW	1	-1	false
CARDKGQLGLGWYFDLW	1	-1	false
CARSIAVAGMGPRPVDYYYGMDVW	1	-1	false
CARTEYYDFWSGDWAFDIW	1	-1	false
CARHRLGGAVAATYDYW	1	-1	false
CARRWFRFLVVDWFDPW	1	-1	false
CASPGYCSSTSCSIRGPYYFDYW	1	-1	false
CARQWSVSGGIQWGDIVVVPAAEFDYW	1	-1	false
CARRGGYCSSTSCRDPSYYYYYYMDVW	1	-1	false
CARQRKVGATREFDYW	1	-1	false
CARKGGLDCSSTSCYSGAFDIW	1	-1	false
CARRLDDYGDYEIPNWFDPW	1	-1	false
CARLRPRGGIVVVPAAMPDYW	1	-1	false
CARTSHYDFWSGFFDYW	1	-1	false
CARGNDILTGYLRGEYYYYGMDVW	1	-1	false
CARGPSGSYFDYW	1	-1	false
CARAFGAKGADYFDYYAEVGADYFDYW	1	-1	false
CARGRGRGDYAFPYNWFDPW	1	-1	false
CARGRRYYDILTGYSELYYFDYW	1	-1	false
CAKHSIWVEEKYEYW	1	-1	false
CARDRTVNYDILTGYFRPPHYGMDVW	1	-1	false
CARDLSWFDPW	1	-1	false
CASPTYWGSPTDSEEQGFDYW	1	-1	false
CARTHGSGPFYYYYGMDVW	1	-1	false
CAASSLFYDWTFDYW	1	-1	false
CAAERGYCSSTSCLYLYYYYGMDVW	1	-1	false
CAAHSVVAATHDAFDIW	1	-1	false
CAAARHDYGDYLAIFDYW	1	-1	false
CAADDGMHPDSSSWTDYW	1	-1	false
CAADRGGEYYDFWSGYFGKADWFDPW	1	-1	false
CARLTYYDFWSGYGYW	1	-1	false
CARDRDTAMGIDYYGMDVW	1	-1	false
CARGAYFDWFGDYW	1	-1	false
CARDARKRPPAESAARPKAAVYYYYYMDVW	1	-1	false
CARSVIFGENWFDPW	1	-1	false
CFGTSPEYFQNW	1	-1	false
CTTGADSTSWHEGRCGGDCDHYYYYYGMDVW	1	-1	false
CTTDGVTTVTTHYW	1	-1	false
CTTAFALEVVAAMVSMFDPW	1	-1	false
CTTDRNLGGRRYFDWLTVDYW	1	-1	false
CTTDIVVVVAATPLVDYW	1	9	false
CTTTYCSSTSCYAGRGYYYYYMDVW	1	-1	false
CTTTTPEGGVVVPAAIGGDAFDIW	1	-1	false
CARVRDNWNYSGGDWFDPW	1	-1	false
CARVGGYLSPFDYW	1	-1	false
CARLSGSGWYFVDYW	1	-1	false
CARSHAVGATFWFDPW	1	-1	false
CAITLAVNDYW	2	-1	false
CAGSWYGWSARGIRFDPW	1	-1	false
CAGRRRSTDLW	1	-1	false
CASSRWTIMDYDYW	1	-1	false
CTRQPYDSSGYYNYW	1	-1	false
CTREAMVRGDKYIDYW	1	-1	false
CARGYSPGVHGWFDPW	1	-1	false
CARGLQYYYDSSGYSNWFDPW	1	-1	false
CARDPSLRYFDWLLSGEKDYYYYYMDVW	1	-1	false
CARGGVYYYYYMDVW	1	16	false
CARGVYDFWSGLYYYYYYMDVW	1	16	false
CARGGGSYHIPDDYW	1	-1	false
CARVWGVAGSLYYYYGMDVW	1	-1	false
CARVGGIVVENTDAFDIW	1	-1	false
CARAHLSDLEMSPEKPGNFDYW	1	-1	false
CARWGIHYGMDVW	1	-1	false
CARETYDYAISWFDPW	1	-1	false
CTRHVWFGEQYYFDYW	1	-1	false
CSTADSGRNSVAIW	1	-1	false
CTTDPDIVVVPAAKGYSGYNYW	1	-1	false
CARSTDRYCSSTSCYGPLDYW	1	-1	false
CARGAIFGVVTTHYYMDVW	2	-1	false
CARLVVSGWVITDYW	1	-1	false
CARHGVNGYYYYYMDVW	1	-1	false
CARQPAAAFGVVTRIDYW	1	-1	false
CARHASSPYDFWSGYYGLSDYYYMDVW	2	-1	false
CARHALSPYYYYYMDVW	1	-1	false
CARHVEVQGYGYYMDVW	2	-1	false
CARHPGFEAARLRGWFDPW	1	-1	false
CARQGDCSGGSCYSFDYW	1	-1	false
CAKEGGAPETKYNWNDPRAYYYYGMDVW	1	-1	false
CAKVGLRFDAFDIW	2	-1	false
CAKATTYYYDSSGYFFFDYW	1	-1	false
CAKARGAVAGTGGDYW	1	-1	false
CAKGGITMVQGVILVW	1	-1	false
CAKEATRPAALNLYYYYYYMDVW	1	-1	false
CAKHSERGYSYGVYWYFDLW	1	-1	false
CAWGSGEPRSEFGSAFDIW	1	-1	false
CAKDLLSGWFGNDAFDIW	2	-1	false
CAKDIGVFGVVNLDYYYYGMDVW	1	-1	false
CAKDIGVGYSSSWEVLDYW	2	-1	false
CAKDIGCSSTSCYDYYYGMDVW	1	-1	false
CAKDIVVRIVGATTLFDYW	1	-1	false
CAKDIACSSTSCYSWDDAFDIW	1	-1	false
CAKDIAMATTYFDYW	1	-1	false
CAKDIRCSSTSCYTGGFYSYYYYGMDVW	1	-1	false
CAKDIKPLSSTSCIDYW	2	-1	false
CAKDMVLLGYLSPGAFDIW	1	-1	false
CAKDMGRGPYYYGMDVW	1	-1	false
CAKDMGAMMGAWFDPW	1	-1	false
CAKDMGSGWYYFDYW	1	-1	false
CAKDMMVVFPYGMDVW	1	-1	false
CAKDIGSGGVTTFLGDYW	1	-1	false
CAKDIGGGDGYNMYGMDVW	1	-1	false
CAKDKGGYLNYYYYGMDVW	1	-1	false
CAKDNDWGRENWYFDLW	1	-1	false
CAKDKNQLLVWWMDVW	1	-1	false
CAKDKGIQVVAARNDAFDIW	1	-1	false
CAKDRLGSNNYGDAFDIW	1	-1	false
CAKDRESGYDQGYYFDYW	1	-1	false
CAKDTVTTWSVFSSGFDIW	1	-1	false
CAKDTPGRATAFDYW	2	-1	false
CAKDTGGVWSGYYPFDYW	1	-1	false
CARGRVPGYCSSTSCWYYFDYW	1	-1	false
CARGKHSYGFYYFDYW	1	-1	false
CARADIVVVPAVIRYNWFDPW	1	-1	false
CAREPPSYSSSWIHSPGYYYYYMDVW	1	-1	false
CARDLHIVVVPAAMVSGMVAAAGNGFVDYW	1	-1	false
CARAAYQRNLGYCSGGSCYSPYYYYGMDVW	1	-1	false
CARDLATGTVTGDYW	1	-1	false
CARDGSLWQLLLNYYYYMDVW	1	-1	false
CARETYYYDSSGSPYFDYW	1	-1	false
CAKTPHSTQWLVDYYYYYGMDVW	1	-1	false
CALGGYQLLSSLDYW	1	-1	false
CARDLRATIDYW	2	-1	false
CARDQATSYMDVW	1	-1	false
CARDRGRDGYNLFWFDPW	1	-1	false
CARDPFSGIAARYNWFDPW	1	-1	false
CARDAYYDFWSGYYTDYYYYMDVW	1	16	false
CARDGYYYGSGSYSVQIDAFDIW	1	-1	false
CARDGESEMATITGFDYW	1	-1	false
CARDGSGSGHDYW	1	-1	false
CARDVSPVVVAAFWQSGGMDVW	1	-1	false
CARDVRCRRIIAARPDLSCGVDVW	1	-1	false
CARDRIAAAGADYGMDVW	2	-1	false
CARDRAGTFHPLDYW	1	-1	false
CARDNYYGSGSYYYYGMDVW	1	16	false
CARDIGRYCSSTSCYWFDPW	1	-1	false
CAREASGRFGGMDVW	1	-1	false
CARDRSRAPFDPW	1	-1	false
CARGRYCSSTSCNDYYYYGMDVW	1	-1	false
CARAAYSSGWDYYYYGMDVW	1	-1	false
CARTDRYSSNYYYDSSGHPDYW	1	-1	false
CARAAGGYCSSTSCYEYYYMDVW	1	-1	false
CARDYGPEWLRLAYYFDYX	1	-1	false
CARSKYSSSSIDYW	1	-1	false
CARSPELASSGRYYYYGMDVW	1	-1	false
CARSLRYYDFWSGYXFDYW	1	-1	false
CASSSYGDYGYYYYGMDVW	1	-1	false
CARDFGGVVGAAQYW	1	-1	false
CARDVRPYSSSSYSYW	2	-1	false
CASDYGDRPEYYYYYYMDVW	2	-1	false
CARDVSSSAAHWFDPW	1	-1	false
CARDRWGVPAAILFGEYGMDVW	1	-1	false
CAGSSWHPEKNNWFDPW	1	-1	false
CARDGGIGGSYYGLLGYW	1	-1	false
CAPENNWIRDGW	1	-1	false
CARENAGGYYDFWSGYGVATYYGMDVW	1	-1	false
CAREKAAAVDPYYYYGMDVW	1	-1	false
CARDSSTSCSSCQGEYYYYGMDVW	1	-1	false
CARDREYYDSSGYYPSEPVDEDNYW	1	-1	false
CARDHITMVRGYGMDVW	1	-1	false
CARDRRSGSYFTEDWFDPW	1	-1	false
CARDPDTYYYDSSGYYYFRRYGMDVW	2	-1	false
CARDAIVQLERSLDVGEDYYYYYYGMDVW	1	-1	false
CARDYYGSGSYGVDYW	1	-1	false
CARDYMSTPGFRWFDPW	1	-1	false
CARDSGYSSSWYTPGSRFDYW	1	-1	false
CARDPAVAATAFDIW	1	-1	false
CARDGNYYDSSGSMTPFDYW	1	-1	false
CARELRGYSYGFVDPNCGGDCSYKPPFDPW	1	-1	false
CAREKYNSSWSLYDDYW	1	-1	false
CARGGNYGDYNYFDYW	1	-1	false
CARENVVPAAIGGYCSGGSCYSLSWFDPW	1	-1	false
CARERKPTYYDFWSGDYYYMDVW	1	-1	false
CAREGGPYAFDIW	1	-1	false
CARVNWNSFYWFDPW	3	-1	false
CARVDSSSSFLRPRTAGYFDYW	2	-1	false
CARVVDTAMGLGGLRLDYW	1	-1	false
CARVPIFGVVKSSDAFDIW	1	-1	false
CARALGWLVPNYYMDVW	1	-1	false
CARAAIVVVPAPWWWFDPW	1	-1	false
CARSARYCTGGVCPYYYYYYMDVW	1	-1	false
CARSAPMASDYYYGMDVW	1	-1	false
CARPDLAHDAFDIW	1	-1	false
CASRHCSGGSCYYYW	1	-1	false
CARELYNWNYLWFDPW	2	-1	false
CAREGGGRITPDYW	1	-1	false
CARVVRRGRSTSCYQFDYW	1	-1	false
CARGYDFWSGFRDAFDIW	1	-1	false
CARENVGWFDPW	1	-1	false
CAGARAGRYCSSTSCPKGGWFDPW	1	-1	false
CVREVSSSYAGSFYGMDVW	1	-1	false
CARDQDAGTLYAFDIW	1	-1	false
CAKDQGYCSGGSCYPGDYYYYGMDVW	2	-1	false
CARVSAGYCSSTSCYSPWFDPW	1	-1	false
CARVPIPFITMVQGVITRDYWFDPW	1	-1	false
CARDNDPRMFYCSSTSCYRGWFDPW	1	-1	false
CARDGGLTIFGVADQEGFDPW	1	-1	false
CAREPRITIFGVVISNYYYYYMDVW	1	-1	false
CARSPSSHFWSGKPYYYYMDVW	1	-1	false
CARALFEYCSSTSCPTPSFYYYYMDVW	1	-1	false
CARWTTYYDFYRRPPYYMDVW	1	-1	false
CARQTGLAGYPFYYYYMDVW	1	-1	false
CARDREGGVVPDAFDIW	1	-1	false
CAREGYCSSTSCPPPSPSAFDIW	1	-1	false
CARQYYDFWSGYSGLTAASGDAFDIW	1	-1	false
CTVSYSGYAALDAFDIW	1	-1	false
CARLTSGPAASESHAFDIW	1	-1	false
CARATRINRFDYW	1	-1	false
CARGGGSYQYYFDYW	1	-1	false
CARVLRGGGYSYAAVFDYW	1	-1	false
CAKDRYDSSWPGDYYYGMDVW	1	-1	false
CARDLANRPDCSGGSCYSHWFDPW	1	-1	false
CARDRPYYGSGSQFDYW	2	-1	false
CAKMDVPYYYDSSGYVGSAFDIW	1	-1	false
CARDIWDIVVVSYGMDVW	1	-1	false
CARGVVHGVDTAMVTGWFDPW	1	-1	false
CAKVIDRPTPNSSSWVMNYYYYGMDVW	1	-1	false
CASPSLHAGGPARPYYYYYGMDVW	1	-1	false
CARDRFDIVATRTPDYW	1	-1	false
CARSWPTTYYDSSGHLDYW	1	-1	false
CASGHSYSSSGNGYFDYW	1	-1	false
CARDPEIRHPTVVTPKGHYYYYGMDVW	1	-1	false
CARDLGTEFVAYGDYAAATYGMDVW	1	-1	false
CARIPSNYDAYFDYW	1	-1	false
CAKDLSGYDYDYYYYGMDVW	1	-1	false
CTRVLAYCGGDCYLFDYW	1	2	false
CARDWGISYVLRGGYGMDVW	2	-1	false
CARTKNYYDSRGGGMDVW	1	-1	false
CARELQTQRLYGMDVW	1	-1	false
CAKTTIYCSSTSCSYDAFDIW	1	-1	false
CSRQWLLDYYFDYW	1	-1	false
CTRDAIYCSSTSCYGLGVYYYYYYMDVW	1	-1	false
CARDRNYGSGSWDYFEYW	1	-1	false
CARNLGEDSGSYFDYW	1	-1	false
CARGRYCSSTSCSPRDWFDPW	1	-1	false
CLGMIVVVGAKEIDYW	2	-1	false
CARGYYDFWSGPRKRPGYYYYMDVW	1	-1	false
CARVEWSGYYNYYYMDVW	1	-1	false
CARVFLGYCSSTSCYAYYYYYMDVW	1	-1	false
CARDPRIGANDAFDIW	1	-1	false
CARDHIVPLPGGDVW	1	-1	false
CARDRGYRGATTDYW	1	-1	false
CARDISLRGYSSSSRWFDPW	3	-1	false
CARDVDFWSGQRWFDPW	1	-1	false
CARDGDIVVVPAASMDVW	1	-1	false
CARDKYDFWSGGNWFDPW	1	-1	false
CARETYSGSYDDYW	1	-1	false
CAREGVPGRGYSYGGW	1	-1	false
CARVYLFRGSLPYYYYYGMDVW	1	-1	false
CARGDYYDTLTFDYW	1	-1	false
CARLRGYSYGYCDYW	1	-1	false
CASGYCSSTSCFYYYGMDVW	2	-1	false
CARDLWYCSSTSCYAYMDVW	1	-1	false
CARDEVHYYYYYMDVW	1	-1	false
CARVRCSSTSCYYFDYW	1	-1	false
CARVSRGPVGSGSYYLDYW	1	-1	false
CARAPPPITIFGVVTPFDYW	1	-1	false
CARDNIVVVPAAMTDDAFDIW	1	-1	false
CARDLILRSSSMDVW	1	-1	false
CARVWYQLQGGDYMDVW	1	-1	false
CARDSRPNYDFWSGYIAESGPYMDVW	1	-1	false
CARRGDQLLSNWFDPW	1	-1	false
CARRLGEYCSSTSCYGRGQNYFDYW	1	-1	false
CARRNTVTTSFDYW	1	-1	false
CARLGYCSSTSCYARYW	1	-1	false
CARLPLYCSGGSCYNWFDPW	1	-1	false
CARSEQLNGGWGFDYW	1	-1	false
CARGILGFPYKRGYELVYW	1	-1	false
CARRSGYTHLGGYYMDVW	1	-1	false
CASQAGYCSSTSCYEYYMDVW	1	-1	false
CARRIAAAEDAFDIW	1	-1	false
CARLGDTSGYYRYFDYW	1	-1	false
CARRGYPYAFDIW	1	-1	false
CARRFRFSSSPFDYW	1	-1	false
CARHLGDGYIDYW	1	-1	false
CARQKVAIYYYYGMDVW	1	-1	false
CARLGGYGHYYYYYGMDVW	1	-1	false
CARLGRPDNWFDPW	1	-1	false
CARLRRGEDSSGYYEHDAFDIW	1	-1	false
CARLSGSGSYYKSSYYYGMDVW	1	-1	false
CARPEKYSYGLECIYW	1	-1	false
CARPDYGDYPLRYW	1	-1	false
CARALYCSSTSCYPKPVLFDYW	1	-1	false
CARSSLHAFDIW	1	-1	false
CASPSRRGNTGYYW	1	-1	false
CARMDMVRGVIPYYYYYYGMDVW	1	-1	false
CARRGGYCSSTSCYTLDWYFDLW	1	-1	false
CAKFLWSKGIFGVGSPGGTNDYW	1	-1	false
CAKYDTILGTIQLWLRAHFDYW	1	-1	false
CAKDRSRGSWGGAIAFDIW	1	-1	false
CAKVGSRYYDFWSGLDAFDIW	2	-1	false
CAKTRWLVGYGDYEDYW	1	-1	false
CAKERRPPYGGFLQYYYYGMDVW	1	-1	false
CAKDPFQIDIVVVPAAPATIPDYW	1	-1	false
CAKDEGGYSSGWYGENWFDPW	1	-1	false
CANPDREAFDIW	2	-1	false
CAKDGIGTMVRGVIFPAAGQTLVPYYGMDVW	1	-1	false
CAKDAQLDDGAFDIW	1	-1	false
CAKDHGTGNIAARKSAGLFDYW	1	-1	false
CAKDLNTTGYSSGWRHYYYGMDVW	1	-1	false
CAKDLSSYGDPEADAFDIW	1	-1	false
CAKDLRPSPEGADIW	1	-1	false
CAKDRYPYQLLHYFDYW	1	-1	false
CAKEASTGSGETIYYYGMDVW	1	-1	false
CAKEEAYCGGDCYSSRTYYYYGMDVW	1	2	false
CAKEMGSGWYYFDYW	1	-1	false
CAKESSSSYYYYYYGMDVW	1	16	false
CAKDPKNIVVVPAAGFDYW	1	-1	false
CAKDFGGNFDYW	2	-1	false
CAKDNSHDFWSGYDFDYW	1	-1	false
CAKEAAAAPYYYYYYMDVW	1	-1	false
CAKELVARDYYYGMDVW	2	-1	false
CAKGYCSSTSCYSAFDIW	1	-1	false
CAKGNPGGYDSSGYYGVFDYW	1	-1	false
CAKGKVATTEVVAFDIW	1	-1	false
CAKGGFLEWLFDVRFDYW	1	-1	false
CAKGITPGSGIDYW	1	-1	false
CAKVRGYCSGGSCLDFDYW	1	-1	false
CAKACSSTSCPLDYW	1	-1	false
CAKAGGYCSSTSCYDPDAFDIW	1	-1	false
CAKAPTRYGSGSYFDYW	1	-1	false
CAKAPLGDFWSGYFLFPDYW	1	-1	false
CAKCYSGSMKRRSYYYGMDVW	1	-1	false
CAKSDGVGTRIAAAGTPFDYW	1	-1	false
CAKGWSGYPKYYFDYW	1	-1	false
CAKGGFTRRKLWTIFDYW	1	-1	false
CAKGGYCSSTSCSQFDYW	1	-1	false
CARDYDGQWLARHYYYYMDVW	1	-1	false
CARDYSSLYYMDVW	1	-1	false
CARDPIGYSSGWYWFDPW	2	-1	false
CARDLGYCSSTSCLLGDYYMDVW	1	-1	false
CAREDNWNYLMGYFDYW	1	-1	false
CAREGYCGGDCYSGPGVVYFDYW	1	2	false
CAREDIVVVPAATTMRLMAQSYGYGMDVW	1	-1	false
CARAGSNYYFDYW	1	-1	false
CARATRYSSSWYDYW	1	-1	false
CARASGSYYEDAFDIW	1	-1	false
CARGYDILTGLLGGKNWDYYYGMDVW	1	-1	false
CARGGQYQLLSSPAAGWFDPW	2	-1	false
CARGPEWYFYYYYYMDVW	1	-1	false
CARGVTIQGYYYYGMDVW	3	-1	false
CARGVDTANPPFDYW	1	-1	false
CARGGGSYYEGYFDYW	1	-1	false
CARGDCSSTSCFLRYYYYGMDVW	1	-1	false
CARSPVRDCSSTSCYGYFRYYYYYMDVW	1	-1	false
CARGSWDSSLSWAFDPW	1	-1	false
CARFVCSSCSDFNDEPAGYFDYW	1	-1	false
CARHAGIAVAGIDYW	1	-1	false
CASAAGAFDIW	1	-1	false
CASAYDIYRSGMDVW	1	-1	false
CAAELRGGVSFDYW	1	-1	false
CARGPTGEWPIYRYGMDVW	1	-1	false
CARGWGDTAMVRPPSPYYYGMDVW	1	-1	false
CARVQGYYDSSGYYGNWVFDYW	1	-1	false
CARVQQQQQNDYW	1	-1	false
CARVFRDYSNYEERSYNWFDPW	1	-1	false
CARVGGSYPFDYW	1	-1	false
CARAESTVSYYYYYGMDVW	1	-1	false
CARSGDYYGSGSAWFDPW	1	-1	false
CARQTSGSYYFPDDYW	1	-1	false
CARTPPSEIAAAGPAIGYW	1	-1	false
CASLIAPGSGGARPW	1	-1	false
CASPGGLSSGYYPGVDFDYW	1	-1	false
CASVYQGISSSWVSNWFDPW	1	-1	false
CATLLVVVTAIQDYW	1	-1	false
CAMTIQESQLWFELRANWFDPW	1	-1	false
CARGETHYDFWSGYYFPVGQWYYYGMDVW	1	-1	false
CARGSRGVTIFGVVMAGNYYYMDVW	1	-1	false
CARDIGVVGVSWGKYFQHW	1	-1	false
CARVSPTTWDIVVVPAAMVSYYGMDVW	1	-1	false
CARVDRGYCSSTSCYTIGADWFDPW	1	-1	false
CARDPDKMSIAARPEHDAFDIW	1	-1	false
CARDREWLRWRGYFDYW	1	-1	false
CARDIAVAGTFYYYGMDVW	1	-1	false
CARERIAAAGTYYYYGMDVW	1	-1	false
CARESSSWYPDGARFYYGMDVW	1	-1	false
CARGKNMVRGVIVVYYGMDVW	1	-1	false
CARGAVGATIYYYYGMDVW	1	-1	false
CARGYRLNYDSSGAYLDYW	1	-1	false
CVRVVRASYYMDVW	1	-1	false
CARDGGPSGDPW	1	-1	false
CARDYYGTIFGEPDAFDIW	2	-1	false
CARDSRQWPSDYW	2	-1	false
CAREKATIFGVVRYQPRVFDPW	2	-1	false
CARESDIVVVVAATPGLDYW	1	9	false
CARDPAPWYQLLFLSAWFDPW	1	-1	false
CAREPHCSGGSCYSSSAFDIW	1	-1	false
CAREGSSYWFDPW	2	-1	false
CARATRLVVPAAMLNYW	1	-1	false
CARARWLDYW	1	-1	false
CARGDIVVVVAANSADFDYW	1	-1	false
CARFSLLDIFYDFWSGYTDYW	1	-1	false
CARSNRPLDGKATVTTWFDPW	1	-1	false
CARSPHHIAVAVDW	1	-1	false
CASSSRYSYGYYYFDYW	2	-1	false
CARGRGNWFDPW	1	-1	false
CARTPTSGRDYW	1	-1	false
CARIERVLPTQPPDFAPNWFDPW	1	-1	false
CARDSGYDWGFDYW	1	-1	false
CARDGHKGYW	1	-1	false
CAREDCSSTSCYRFMIQNAADANWFDPW	1	-1	false
CARGELYYDILTGYRNDFDYW	1	-1	false
CARAQGEWLPYDYW	1	-1	false
CARAGPGRTRYYYYYMDVW	1	-1	false
CASTDYSNYLGGYYW	1	-1	false
CAGGPGRITIFGAKTNKYYFDYW	1	-1	false
CATGEVGDYDILTGYAPPGTTGGPWGMDVW	1	-1	false
CFDYYYGMDVW	1	-1	false
CAKDHESWVIVGAQVGGYW	1	-1	false
CARKRSVTIFGVVITTFDYW	3	-1	false
CAKGGFIAVAATGFDYW	1	-1	false
CARDHKASSSSWNSKIDYW	1	-1	false
CAKAYFGYW	1	-1	false
CAKDLLRYCSSTSCYVGGPFDYW	1	-1	false
CAGLVGATMYAFDIW	1	-1	false
CARGVGLRLHYW	1	-1	false
CARAPPHSSSWHDVGYW	1	-1	false
CARAHSSGRGSFDYW	1	-1	false
CARARGSPEPMDVW	2	-1	false
CARGHCTNGVCHGVYGMDVW	1	-1	false
CARGNWFDPW	1	16	false
CARGRLRSTRENYYYYYGMDVW	1	-1	false
CARSDSDFWSGYYNPFDYW	1	-1	false
CARGDLEWLFVVPSWYYYMDVW	1	-1	false
CTGRLWFRTHYYFDYW	2	-1	false
CTRDGCSSTSCYADAFDIW	1	-1	false
CTRKFITDDAFDIW	1	-1	false
CTRDGETTVTTLDYW	1	-1	false
CTRDGGPLYCSGGSCYVFVHFDYW	1	-1	false
CTRDRTGGVCYPSGECFYYYYMDVW	1	-1	false
CTRDIVVVPADAFDIW	1	-1	false
CTRERREYIATTYQPLLNHDAFDIW	1	-1	false
CTREDTRFLRTLNWFDPW	1	-1	false
CTREGDIVVVPAAKVDFWFDPW	2	-1	false
CTRVYDYVWGSYRFDRDFDYW	1	-1	false
CTRGPAATDAFDIW	1	-1	false
CTRGPCSKTSCLNWFDPW	1	-1	false
CTRGRVVVVAAFFLVVSIVNFDLW	1	-1	false
CTRGRSWGSSSGGIDYW	1	-1	false
CTSTAVAGTGLADYW	1	-1	false
CTGSYDFWSGTLYYFDYW	1	-1	false
CTGEDIVVVPAAFNWFDPW	1	-1	false
CARDGDITGTFDPW	1	-1	false
CARESPLWFREPADYW	1	-1	false
CARESIGCGGDCYFFFAYDVGFDYW	1	-1	false
CARDGVGLRFLEWLTPHNWFDPW	1	-1	false
CARDGRYGQNWFDPW	1	-1	false
CIKTDGEAFDIW	1	-1	false
CVSWGYCSSTSCRLADGYW	1	-1	false
CASLGYCSSTSCYSGGFDYW	1	-1	false
CAKDSGSYSFAYYYGMDVW	1	-1	false
CAKDLGIAVAGRSDAFDIW	1	-1	false
CAKGDYGSGSFTWEYGMDVW	1	-1	false
STVSNPGAYYYGMDVW	1	-1	false
CAKVPEIAAAGSPNDYW	1	-1	false
CAKVTGRFWSGYYAFDYW	1	-1	false
CAKVVWGDRYYYYYGMDVW	1	-1	false
CAKVREDFWSGYYWSGWYFDLW	1	-1	false
CAKAYTFSRYGEGQLVGRAPMWFDPW	1	-1	false
CAKAQDDSHSSSWYNWFDPW	1	-1	false
CAKAVTGLEWLLFHAGLDYW	1	-1	false
CAKAYAAAPNPQSLYFQHW	1	-1	false
CAKAYSSGWYVFDYW	1	-1	false
CAKAARWELQVGPDYW	1	-1	false
CAKAGGSGWENFDYW	1	-1	false
CAKAYCSGGSCYTSLDYW	1	-1	false
CAKALTITGYW	1	-1	false
CAKADRDYRWELRAGFDYW	1	-1	false
CAKEVSGSGSYSYFGKDYFDYW	2	-1	false
CAKEPSRGSGSFDYW	2	-1	false
CAKEINYDFWSVPDAFDIW	1	-1	false
CAKEIYDFWSGLNWFDPW	2	-1	false
CAKDQGFDRYSSLQKRLDYW	2	-1	false
CAKDLRGVVVVPAAIPDAFDIW	1	-1	false
CAKDLSSYKVFYYYYGMDVW	1	-1	false
CAKDLFKTYEGDYW	1	-1	false
CAKDLVPDCSGGSCYSNPDYW	1	-1	false
CAKDLETDHYYGSGSYDAFDIW	1	-1	false
CAKDLRLRKWESGNWFDPW	1	-1	false
CAKDLFTPYYYDSSGSDYW	1	-1	false
CARSDSGWIDYW	1	-1	false
CAKDICSTSCYLDYW	1	-1	false
CAKDFAIYDSSGYLFDYW	1	-1	false
CAKSIFYYYYYMDVW	1	-1	false
CAKDYRWRGSWFPDNWFDPW	1	-1	false
CAKDLGYCGGDCYPQGELAFDIW	1	-1	false
CAKDSYSDFTQPTHW	1	-1	false
CARATIGYCSSTSCYDRPFDYW	1	-1	false
CAHSPPLIYSGYQSWDYW	1	-1	false
CAKPYDYVWGSYRPFDYW	1	12	false
CASLRRGYCSSTSCSFWTFDYW	1	-1	false
CARRSGWYPIDYW	2	-1	false
CASSPPYYCTNGVCYTTFDYW	1	8	false
CAKDRLTDIRDSYGYSEPYYYFDYW	1	-1	false
CARGEEGITMIVFLSVW	1	-1	false
CAKAPYITYFDYW	1	-1	false
CARDDYDFWSGYFYSTRGMDVW	1	-1	false
CAREYCSSTSCYRPLYYFDYW	1	-1	false
CARGHYDSSGYYHAEYFQHW	1	-1	false
CARDRPYSSGGIDYW	1	-1	false
CARVVGVRPRDAFDIW	1	-1	false
CARALGITIFGVVPPPKYGMDVW	1	-1	false
CARDGIVVVPAAEDPTPYFDYW	1	-1	false
CARDGYYDFWSGIRYYYYYYMDVW	1	-1	false
CARDRLEPDYW	1	-1	false
CARDHLRGVTTVTTALDFGYW	1	-1	false
CARDHLVSSSWYHYYYYGMDVW	1	-1	false
CARDDMTMYYYDSSAGVDYW	1	-1	false
CAREGLDCSSTSCYGDAFDIW	1	-1	false
CARVGQWLGAQPPAFDYW	1	-1	false
CARMVWNDYYDSSGYLDYW	1	-1	false
CARGYCSSTSCYDAFDIW	2	16	false
CARGPVRFLNHKNWFDPW	1	-1	false
CARGDLETYDFWSGYYESKAYYGMDVW	1	-1	false
CARDLYGTGTTENYYYYGMDVW	1	-1	false
CARDGPGGFDYW	1	-1	false
CARDRDIVVVVAATTLGAFDIW	1	-1	false
CARDWLSVDTAMVKYYYYGMDVW	1	-1	false
CARDYDILTGYFGCCGMDVW	1	-1	false
CARDSADIVVVPAALIDAFDIW	1	-1	false
CAREDESGVPAAIDAFDIW	1	-1	false
CARERNLSITFGGVIVIPGEDWFDPW	1	-1	false
CARDGSSTRPFDYW	1	-1	false
CARDPEPKQQLVLFIRYYYYGMDVW	1	-1	false
CARTGFTGYSSSWYVLVGYYYYYYMDVW	1	-1	false
CARKGSGYGSGSYYPPWGYYYYYGMDVW	1	-1	false
CARVQPGGYSHHDGKLYYYYYGMDVW	1	-1	false
CARADYYDSSGYYYVPYYYYGMDVW	1	-1	false
CARDGLEVQGVIMYYFDYW	1	-1	false
CARDIGNIAPELDYW	1	-1	false
CAKDGGNGYSSSWYDTSWIGNYYYYGMDVW	1	-1	false
CARVFDRSIIWGAFDIW	1	-1	false
CAKDRGYYDSSGPFDYW	1	-1	false
CAGRLRTTFDYW	1	-1	false
CARDADGSGWRAPRELFDPW	1	-1	false
CARDRYCSSTSCYSSSWVSYYYYYYMDVW	1	-1	false
CARVVRYDFWSGYYPDAFDIW	1	-1	false
CARELVGILTGYVGGPGFESGRGNYYGMDVW	1	-1	false
CARGQVRITDPYYYYGMDVW	1	-1	false
CARYRSGWAHYSVW	1	-1	false
CVFNYGSGSWDW	1	-1	false
CARIRSLVMRRRGEFDYW	1	-1	false
CARIQDSYYYDSSGYYFGEYFQHW	1	-1	false
CARDRSTRSPGRHYYYYGMDVW	1	-1	false
CARDRGGDSSLSGMDVW	1	-1	false
CARDKHLSWSHFDYW	1	-1	false
CARDSIAAADGPFYYYYGMDVW	1	-1	false
CARDYGIVVVVAVPDYW	1	-1	false
CARDWGNIVVVPAADYGEDYW	1	-1	false
CAREGYYDSSGYYSPKETYYYYGMDVW	1	-1	false
CARERADTYYYGSGSLGYW	1	-1	false
CAREGYCSSTSCFNWFDPW	1	-1	false
CARDPPGRDGYKNFMDYW	1	-1	false
CARAPPPYCGGDCYSDYW	1	2	false
CARARGKGVGATEFVYW	1	-1	false
CATESGFRELQYYFDYW	1	-1	false
CATDRVPVGATRW	1	-1	false
CATVYQQWLVGAFDYW	1	-1	false
CATVGGLRFLEWPHVVYW	1	-1	false
CATVTIGIDYW	2	-1	false
CATSGAQLRYFDSGTFDIW	2	-1	false
CATFNFPYSNYLRGGKYNWFDPW	2	-1	false
CATQGRFLEWSRYYYYMDVW	1	-1	false
CATYYSSHPFDYW	1	-1	false
CATSIPLSGVAQKTLYYYYYMDVW	1	-1	false
CATNLWTPPRSFDYW	1	-1	false
CAGGYSYGYGYW	1	-1	false
CARYVDTGRYYFDYW	1	-1	false
CARIQIREALGHFDYW	1	-1	false
CARIRREYCSSTSCSPYYYYMDVW	1	-1	false
CARIAGAARLNYYYYYGMDVW	1	-1	false
CARIGNLGYCSSTSCRYYYYMDVW	1	-1	false
CARSSGWYYFDYW	1	14	false
CARVNPRGYYDILTGAVRPKYYFDYW	1	-1	false
CARSHVDIVATIKNYIYGMDVW	2	-1	false
CARILGGSSGWTFDYW	2	-1	false
CARTPVSYYGSGSGYYYGMDVW	1	-1	false
CARAKSTGYNWNDYHDAFDIW	1	-1	false
CARGDETGSYYRNYYYYGMDVW	1	-1	false
CARSIGYCSSTSCYAPDYW	1	-1	false
CARVNRGMTTVTQYRRERYGSGKPNSKGNYYYYMDVW	1	-1	false
CARVYCSSTSCYGTDDAFDIW	1	-1	false
CARATARTGAVLYW	1	-1	false
CARESGITIFGVVYWFDPW	1	-1	false
CARQYYDFWSGYYMYYYYYMDVW	1	-1	false
CARDGYCSSTSCYDYW	1	16	false
CARDGEYGSSSQDYW	1	-1	false
CARDPYSSSSGDYYYYGMDAW	1	-1	false
CARDRHCSGGSCPSGYYGMDVW	1	-1	false
CARDRVSSTSRAYFDYW	1	-1	false
CARDRGAVADNWFDPW	1	-1	false
CARDLPPIAVAGLFDYW	1	-1	false
CARDLSTYYYYMDVW	1	-1	false
CARDLKRSLGNVVVVAATSGWFDPW	1	-1	false
CARDGVVPAAPNWFDPW	1	-1	false
CARDCYQLLLTKIYYMDVW	1	-1	false
CARDSGEYYDFWSGYYTGYFDYW	1	-1	false
CARDNRGLEYYDFWSGYYTDYYYYYMDVW	1	-1	false
CAREVAGTDYW	1	-1	false
CAREFPYGMDVW	1	-1	false
CAREQGVLPSPDYYYYMDVW	1	-1	false
CAREKGEYQLLSLFDYW	1	-1	false
CAREGDKAGSAYYDFWSGIYAFDIW	1	-1	false
CARGKYYYGSGSYYNYYYYYYMDVW	1	16	false
CARVQVCSSTSCYNFDYW	1	-1	false
CARVQRRQLVPVSEYYYYYMDVW	1	-1	false
CARVLEADAVVIYGMDVW	1	-1	false
CARVRENMDVW	1	-1	false
CARASSITIFGVVDFQHW	1	-1	false
CARYVATGELGTFDYW	1	-1	false
CARITEMIVVVTSSDAFDIW	1	-1	false
CARPREYDYVWGSPPKNYYFDYW	1	-1	false
CARRTVDTAMVNYYYYYYMDVW	1	-1	false
CARVEVRGYSYGYGQYYYGMDVW	1	-1	false
CARDVYDFWSGFYW	1	-1	false
CAREGFLEWLPPLIYMDVW	1	-1	false
CARDEALWFRELYYYYYMDVW	1	-1	false
CARDPTDLGYCSSTSCYHAFDIW	1	-1	false
CAKDRVWIQLWLSNFYGMDVW	1	-1	false
CAKDRRVTTSYW	1	-1	false
CAKDRVATITMRLKDAFDIW	1	-1	false
CAKDRDRSSTDLSGSAFDIW	1	-1	false
CAKDREVGATVGYFDYW	1	-1	false
CAKDRELLGIPYYFDYW	1	-1	false
CAKDRGSRSSPGAFQHW	1	-1	false
CAKDRTVRWFDPW	1	-1	false
CAKDPAGIVVVPAAMWGVW	1	-1	false
CAKDPSSYYYYYGMDVW	1	16	false
CAKDPSSGWYNYYGMDVW	1	-1	false
CAKDPHCSSTSCRRIGGLDYW	1	-1	false
CAKDPHSGGFDYW	1	-1	false
CAKDPLPRDYDFWSGYFVYYFDYW	1	-1	false
CAKDAGITFGGVIVEGPPEYYFDYW	3	-1	false
CAKDDSGWTRIFDYW	1	-1	false
CAKDGGRNVVPAAFDYW	1	-1	false
CAKDGGITIFGVVIRDYFDYW	1	-1	false
CAKDGGSNYYDSSGGGYW	1	-1	false
CAKDGEQGGVPPMYYFDYW	1	-1	false
CAKDGSDYGDLNWFDPW	1	-1	false
CAKDGAGLLPPWFDPW	1	-1	false
CAKDGCSSTSCYSYW	1	-1	false
CAKDGSTVTTHYYYYYGMDVW	1	-1	false
CAKDVAAVYYYYYMDVW	1	-1	false
CAKDTGVPDGYFDYW	1	-1	false
CAKDTTPYYYYGMDVW	1	-1	false
CAKDTPILPQDFWSGYYYYGMDVW	1	-1	false
CAKDNDFWSGYYANWFDPW	1	-1	false
CAKDKESGPLRERPEGYFDYW	2	-1	false
CAKDSLGTPAAGGKGDDYW	1	-1	false
CAKDLGSAGTKGFDYW	1	-1	false
CAKDLREAGSDAFDIW	1	-1	false
CAKDLRDIVVVVAGGDAFDIW	1	-1	false
CAKDFGDRIHYYYYMDVW	1	-1	false
CAKDYGRITIFGVPHYGMDVW	1	-1	false
CAKDLRTHCSSTSCSPYYFDYW	2	-1	false
CAKDRRTIFGQEYHYYMDVW	1	-1	false
CAKDRTPYGDLSPDAFDIW	1	-1	false
CAKDRRTLLYGDNYYYYGMDVW	1	-1	false
CAKDPQRQLVRQGWASDVW	1	-1	false
CAKDPLTSASAIIDYW	1	-1	false
CARTRTLAAAGTGSVLGYW	1	-1	false
CARGGPRTRRTAEYFQHW	1	-1	false
CARGPARGAAFDIW	1	-1	false
CARQTRYCTGGVCYTGGYYYYYYMDVW	3	-1	false
CARQDIVVVPAASFDWFDPW	1	-1	false
CAKGLRGLEHVEPHDYW	2	-1	false
CARDRIPDYYGSGSYFFWDYW	1	-1	false
CTRQHTSLVAYWFDPW	3	-1	false
CARTRSTVTIDYYYYYMDVW	1	-1	false
CAKDQGYDSSGYYLQEDTYNWFDPW	1	-1	false
CWTTVAGTSGFDYW	1	-1	false
CAREGTSHYYYYYMDVW	1	-1	false
SAVYYCARDPEEYGDYYYYMDVW	1	-1	false
CARFRNMVQGVTTGYYYYYMDVW	2	-1	false
CARAPGTGVPW	1	-1	false
CARNDYGDIMRTRGYYYYYMDVW	1	-1	false
CARYGVCSSTSCPRPPWYYYYMDVW	1	-1	false
CAKVGDHSLEWLLFFDYW	1	-1	false
CAKDIGGAENWYFDLW	1	-1	false
CAKDQYSSGTLGFVDYW	1	-1	false
CARTYYDFWSGYYFDYW	1	-1	false
CARECVVAGGDPKSPYNCLDPW	11	-1	false
CAKIMLGVTPIPPFDYW	1	-1	false
CAKDPKGSGHTPDYYYYYGMDVW	1	-1	false
CAKVIMVRGVMTYW	1	-1	false
CATRYEGQLVSYYYYGMDVW	1	-1	false
CARSPNANIVVVVAYYYYMDVW	1	-1	false
CAKEIRGSGYDWMPGSGLDYW	1	-1	false
CAKDSSTTVPLGFDYW	1	-1	false
CAKRVYDYVWGSYPTRHYYFDYW	1	-1	false
CARETWKPAAKRGARVSQNTTPRDKYYFDYW	1	-1	false
CAKDDVIAVAGTLYYYYGMDVW	1	-1	false
CAKDGGSYDIPYYYYGMDVW	1	-1	false
CAKDREAAAAGTFDYYYYGMDVW	1	-1	false
CAKDRGDSSSEETHYYYGMDVW	1	-1	false
CAKDPDLLRYFDWRYGMDVW	1	-1	false
CAKDQSRLVSWGGMDVW	1	-1	false
CAKDQVEWELSGPPYFDYW	1	-1	false
CAKDIVVVVAATGSGGVDYW	1	9	false
CAKEGESTITIFGVVYYYYGMDVW	1	-1	false
CAKELPGYRWFDPW	1	-1	false
CAKDLVPAAIQDYYGMDVW	1	-1	false
CAKALTVTGDDYW	1	-1	false
CAKGDTAMVGDYW	1	-1	false
CAKVNDYGDYADAFDIW	1	-1	false
CAKVFLSATVTRGMDVW	1	-1	false
CAKFPLPYCSSTSCYIPLDPW	2	-1	false
CAKPTYSSGLW	1	-1	false
CAKLLSYYYDSSGYYSRSHLNDAFDIW	1	-1	false
CANPYYYDSSGYYYGDYYYGMDVW	1	-1	false
CAKSHQHLLWFGEFLDYW	1	-1	false
CAKGSQYNWNDGVGYW	1	-1	false
CARVEMATILIDYW	1	-1	false
CARVIFEAQYYYYGMDVW	2	-1	false
CARVPYGYYAIDYW	1	-1	false
CARGGCSGGSCYSLSDVGYW	1	-1	false
CARSGGGTAMVANWFDPW	4	-1	false
CASWGTLGTIFGVVMPPSYYYGMDVW	1	-1	false
CARAELIAAAGYW	1	-1	false
CARGSCSSTSCDAFDIW	1	-1	false
CARGKYCSGGSCYHYMDVW	1	-1	false
CARDARLITGTPDHYYYYYMDVW	1	-1	false
CAREIAEQWLVGRSYYYYYMDVW	1	-1	false
CARQEYCSGGSCYRFDPW	1	-1	false
CARGDIVVVPAANPEYFQHW	1	-1	false
CARDHRTTVTTVGGMDVW	1	-1	false
CASPKEYSSSWYYYYGMDVW	1	-1	false
CARVPGVVVPAAIYTIYYYYGMDVW	1	-1	false
CARGRASLNYYYYYMDVW	1	-1	false
CARGPSRGLLWFGELSHKYYYYGMDVW	1	-1	false
CARGVGCSGGSCYFPSPDYFHWFDPW	1	-1	false
CARGVINTAMADNWFDPW	1	-1	false
CARGRLVRTARPLWDLDYYYGMDVW	1	-1	false
CARGRGYCSSTSCWRGRYYYYYYMDVW	1	-1	false
CARGRVAGLHDFDYW	1	-1	false
CARGQLAAAGRGYW	2	-1	false
CARGPEYSSGWDFDYW	1	-1	false
CARGLVPWAYCSGGSCYYGMDVW	1	-1	false
CARGLYCSGGSCYSLW	1	-1	false
CARGEYQGTDTYYYYYMDVW	1	-1	false
CARDRPYSGSYYSNDPYFDYW	1	-1	false
CARDRGSYSGYW	1	-1	false
CARDLAPAAKKQNYYGMDVW	1	-1	false
CARDQGNYYDSSGSKTVYYYYGMDVW	2	-1	false
CARDGWYCTNGVCSKGPETYYYYGMDVW	1	-1	false
CARDGLGAIDYYYYGMDVW	1	-1	false
CARDGYCTNGVCLDYW	1	8	false
CARDAPAEVLRFLEWLGSHLYYFDYW	1	-1	false
CARDSSTSLSLVW	1	-1	false
CARDKLYSSSWYIPWEARFDPW	2	-1	false
CARDFHYSSSFSLRFDYW	2	-1	false
CARDSSTRYCSSTSCYEGYYYYYYMDVW	1	-1	false
CARERAVDTAMVTVYFDYW	1	-1	false
CARVHHAAGTYRRASYYYYGMDVW	1	-1	false
CARVRIVEFDPW	1	-1	false
CARAVEQQLRAMDYW	1	-1	false
CARASTYSSSAPTTNYGMDVW	1	-1	false
CARAPNWNGAFDIW	1	-1	false
CARAPTYYGSGSPVYW	2	-1	false
CARRLMHYYYYGMDVW	2	-1	false
CARRSGYYDDYW	1	-1	false
CARNYYYDSSGRRYYYYGMDVW	1	-1	false
CARRELVVVVPARTIIYYYYGMDVW	1	-1	false
CARSGGHGHFGVVGLSSFDYW	1	-1	false
CARTEEWIQLWFGYYGMDVW	1	-1	false
CAREGLWFGELSAYYYYGMDVW	1	-1	false
CARAQPACDYW	1	-1	false
CAREGKGLLFSFVTGHFDYW	1	-1	false
CATSTDYYYYYMDVW	1	-1	false
CAKVLLGDYDFWSGYYGNDAFDIW	1	-1	false
CARALSNWNDLWGYW	1	-1	false
CARAPDPTRYCSSTSCSPPFDYW	1	-1	false
CAREPYDFWSGSYYMDVW	2	-1	false
CARDSWGGYYLLDYYYYYMDVW	1	-1	false
CAREVSSNYDFWSGYFDYW	1	-1	false
CARVNADTLELQYGWFDPW	1	-1	false
CARGVVVVVPARLNAFDIW	1	-1	false
CARSGAYDFWSGYLDYW	1	-1	false
CASVGYSYVEGDDYW	2	-1	false
CARDLFSDDYGDYRDYYW	1	-1	false
CARDQSVYYYYGMDVW	1	-1	false
CARVARSYDFDFW	1	-1	false
CTTDPVVVPTAMYMFPLDYW	1	-1	false
CARDVTLRPGAIYW	1	-1	false
CAREVPSSGWQRDAFDIW	1	-1	false
CARDPSDXHWYFDLW	1	-1	false
CARDPGYSYGW	1	-1	false
CARDYGGNSEGKDYW	1	-1	false
CARDRYNWNYDDGYFDYW	1	-1	false
CARGRGFDIVVVPAAKHLDVW	1	-1	false
CARDGREVVPAAIHYW	1	-1	false
CARRASGDGFDYW	1	-1	false
CASYKAFDYW	1	-1	false
CASGGYSGSYYAYW	1	-1	false
CARDRILRFLEWPQTPYYYYYGMDVW	1	-1	false
CARDPHYDYVWGRPMDVW	1	-1	false
CARDPLDVW	1	-1	false
CARDPGDSYLPYFDYW	1	-1	false
CAKDRRWQQPRSFFDPW	1	-1	false
CAKDKQQLGLDYW	1	-1	false
CAKDDMVRGAGGYYYYGMDVW	1	-1	false
CAKDAEGGYCSSTSCFGNWFDPW	1	-1	false
CAKDAVPAARRYYYYYGMDVW	1	-1	false
CAKEGGGQLVRLYYFDYW	1	-1	false
CAKESEGVVPAAMWLLSGTYSYFDYW	1	-1	false
CAKGGASRDHYDFWSGQYPRDYYYGMDVW	1	-1	false
CAKGVGAPGSYFDYW	1	-1	false
CAKGDDIVVVPAAIGIDYW	1	-1	false
CAKGYWWATTTPDAFDIW	2	-1	false
CAKGGNIVLVLYERSVGEEDAFDIW	1	-1	false
CAKGVVPAAMSLYYYYYMDVW	1	-1	false
CAKGRDIFTETTYGMDVW	1	-1	false
CAKGPHTSGSYYRYYYGMDVW	1	-1	false
CAKPKLVWELTEFDYW	1	-1	false
CAKRVPRGVFGVAYGRHFDYW	1	-1	false
CAKLRDSSGYYYVIFDYW	1	-1	false
CAKLNYDFWSGYYSFDYW	1	-1	false
CAKHLEWSLKSGFDYW	1	-1	false
CAKREITVTTSGGFDYW	1	-1	false
CAKRPIFGVVISHFDYW	1	-1	false
CAKISHIVVGLNWFDPW	1	-1	false
CAKNYYGSGSYYDLDYW	1	-1	false
CAKTDYSSSWYDLWDYYGMDVW	1	-1	false
CARVSPPSSTYGAQLPGDYW	1	-1	false
CARRGGSSSWYRDYW	2	-1	false
CARAKGGRIVVAPAAMRGAIKFDYW	1	-1	false
CARGPTVTHPW	1	-1	false
CARYREYCSGGSCSYYYYYMDVW	1	-1	false
CARAQHVLRFLEWPHGTRKHNWFDPW	1	-1	false
CAMSHCSSTSCFNAFDIW	1	-1	false
CARGHPFRGKGHYYYMDVW	1	-1	false
CARGHCSSTSCYLPYSYYYYGMDVW	1	-1	false
CARGQRFRYYYYYMDVW	1	-1	false
CARGQYRYSYGYW	1	-1	false
CARGRERVVVVPAARYYYYYYMDVW	1	-1	false
CARGREGFCSSTSCYTFYYYYYGMDVW	1	-1	false
CARGRMFYGSGRILPHTSNNYYMDVW	2	-1	false
CARGRGAAYLRGYSYGYPW	1	-1	false
CARGRLDRGPIAQKRYGSGSYQKYYFDYW	1	-1	false
CARGRYGSGTVGFDPW	2	-1	false
CARGRRDTAMASFDYW	1	-1	false
CARGRGITIFGVVKLGTAIDPW	1	-1	false
CARGPYGMDVW	1	-1	false
CARGPPYYDFWSGYRNGKFDYW	2	-1	false
CARGPGYYGSGSYYSRFDYW	1	-1	false
CARGPYNPRGYQLLSSFVATNNWFDPW	1	-1	false
CARGLGRLGYYGSGSYYLGIGYYYMDVW	1	-1	false
CARGLPKRYYSNYVPPIYGMDVW	1	-1	false
CARGLSSTGGHFDYW	1	-1	false
CARGLGYYYYYGMDVW	1	16	false
CARGLEVCSSTSCYVSDAFDIW	1	-1	false
CARGVWYGSGSYYYYYYMDVW	1	16	false
CARGVFWRLTPPEHGGYYYYYMDVW	1	-1	false
CARGGDTAMVTWGAGYYYYMDVW	1	-1	false
CARGGGDYGDYVRFDYW	1	-1	false
CARGGRSSWLHGSFDYW	1	-1	false
CARGGYYDSSGYSPDDAFDIW	1	-1	false
CAKESSPVFKRRWFDPW	1	-1	false
CAKEFLVVVPAAIRGPVLNYYYYGMDVW	1	-1	false
CARDGPRVRGVITTTWSYYGMDVW	1	-1	false
CARGVNVLRFLEWLPNDYW	1	-1	false
CARGKNYYDSSGYPSGFDYW	1	-1	false
CARERRGWYSPGSGVYGMDVW	1	-1	false
CARDDSSGYYYTLPTYYYYGMDVW	1	-1	false
CARGTYYYDSSGYYEPGLFYR	1	-1	false
CARGAQKILTVVTPGLIDYW	1	-1	false
CARDLRGTDYYYYGMDVW	1	-1	false
CARDHYYYGMDVW	1	15	false
CARDRYHRNYYDSSGYYYGYYFDYW	1	-1	false
CARDLEEYSSGRIEDYYYYYGMDVW	2	-1	false
CARDLAAAGNYYYGMDVW	1	-1	false
CARDWVRRYDFWSGSDYW	1	-1	false
CARDSATCSSSTSCDRFSDYYGMDVW	1	-1	false
CARDYGSSWYYWFDPW	1	-1	false
CARDGSRGTAGGWFDPW	1	-1	false
CARDGRGGWNDGVMKNWFDPW	1	-1	false
CARDGVVYFDYW	1	-1	false
CARDEKYYDFWSGYYTEEYYFDYW	1	-1	false
CARDKWVGGRTRHWYFDLW	1	-1	false
CARDRPSGYLPYYGMDVW	1	-1	false
CAREGEYCSSTSCYTGPRVYYGMDVW	1	-1	false
CAREGGHTTYYDFWSGYSSNWFDPW	1	-1	false
CARELISPSGSPHENYYYYGMDVW	1	-1	false
CARALSNLASYYYGMDVW	1	-1	false
CARVLGYSYGYLGYW	1	-1	false
CARHYGSETGGFDPW	1	-1	false
CARGAYLPPHSSGWYEATHYGMDVW	1	-1	false
CARGGSYSSGWIYYYYGMDVW	1	-1	false
CARGSGFSYYYYYMDVW	1	-1	false
CARGKGYCSSTSCPSDYYYYYYMDVW	1	-1	false
CARGGRDGYNYGHFDYW	1	-1	false
CARGYRYCSSTSCYKGIYYYYMDVW	1	-1	false
CARGSLEWLLSDDYW	1	-1	false
CARAGQSIAARRRQFDYYYYYMDVW	1	-1	false
CARATRGYWGGEPNWYFDLW	1	-1	false
CARAADYYYYYMDVW	1	16	false
CARAGIVVVPAAMSYLTSYYYYMDVW	1	-1	false
CARDHSSGWSLIDVDYYYGMDVW	1	-1	false
CAREGRAYYYGSGSYYPVDYYGMDVW	1	-1	false
CARVLSYGDSRHRYYYYGMDVW	1	-1	false
CARVGWAVAGNTYFDYW	1	-1	false
CARVEEVQRTIFGVVRRHYYYYYYMDVW	1	-1	false
CARVIFSGRHRRVYAFDIW	2	-1	false
CARVNAISYFYYYYGMDVW	2	-1	false
CARFGYQAAAGSHGMDVW	1	-1	false
CARFVMRYQLLFSRENYYYYMDVW	1	-1	false
CARLVVPAAMGVYNWFDPW	1	-1	false
CARKISAGFWSGYYGYW	1	-1	false
CARITMVQYLYYYYYMDVW	1	-1	false
CARLAHYGDERDYW	1	-1	false
CARRRTMAINWFDPW	1	-1	false
CARRRSLIAAAGTNWFDPW	1	-1	false
CARLGYCSSTSCYDHGGFDPW	1	-1	false
CARTPHCSSTSCLNWFDPW	1	-1	false
CATYGDYALGW	1	-1	false
CARVRDEGHDYYYYYMDVW	1	-1	false
CALMTTVRPIDYW	2	-1	false
CAVGCSSTSCPVIYW	1	-1	false
CARGEVAVANDYW	1	-1	false
CARGRRWIPFDYW	1	-1	false
CARASEVGQGYCSSTSCQVEFDYW	1	-1	false
CASTYYYDSSGYPYPMGWWFDPW	1	-1	false
CARVVYGDYWYFDLW	1	-1	false
CARATNYGDYIDFDYW	1	-1	false
CASYSSSFHGMDVW	1	-1	false
CARESGGVTTPYYYYYYYMDVW	1	-1	false
CARENGLRFKAPNYYFDYW	1	-1	false
CARGILPAATRHIYYYYYGMDVW	1	-1	false
CARGLRDYDSGRPPYYHHHMDVW	1	-1	false
CAHSGGYCSSTSCYTYNWFDPW	2	-1	false
CAQYGSGSYLVDYW	1	-1	false
CAHSSSSSRDHSAFDIW	1	-1	false
CAHRRSSSVLSVWFDPW	2	-1	false
CAHTHITIFGVVRWFDPW	1	-1	false
CAHTNYDFWPNAFDIW	1	-1	false
CAHTPRSRRGYGIASHFDYW	1	-1	false
CAHHAPYCSGGSCYLWHYYYYMDVW	1	-1	false
CAHRRAVVVPAAASREVGNWFDXW	1	-1	false
CAQHGGGSSSWSLDAFDIW	1	-1	false
CAHRHGLGYCSSTSCPSPLDVW	1	-1	false
CAHRRQLMTTVTTGFDYW	1	-1	false
CAHRRGEHPRGKMGYYYYYMDVW	1	-1	false
CAHSPEWLPHFDYW	1	-1	false
CAHSFVVVPAATPEYYFDYW	2	-1	false
CAHSKRFLEWFSSPEYFQHW	1	-1	false
CAHSSTSCQRFGRVPIPCWFDPW	1	-1	false
CAHSGSTSWHDSMKYFQHW	1	-1	false
CAHSTYYDILTGYYNDYW	1	-1	false
CARDLKFLGVERIIEGNYW	1	-1	false
CARDHYCGGDCSHYFDYW	1	-1	false
CARDHSSGWDYW	1	-1	false
CARDHSLYSSYHDYW	1	-1	false
CARDFPVDGYGMDVW	1	-1	false
CARDFWYSSSGGTGW	1	-1	false
CARDFGLERPYYYMDVW	1	-1	false
CARDSRDPGYFDYW	1	-1	false
CARDSIVVVPAAILWFDPW	1	-1	false
CARDSTLGYCSSTSCRRFYYYYYMDVW	1	-1	false
CARDSGYSYSVDYW	1	-1	false
CARDSRTAMVVRAFDIW	1	-1	false
CARDGYSGYDFYYYYYGMDVW	1	-1	false
CARDGASSWEAFDIW	1	-1	false
CARDGTQRYNWFDPW	1	-1	false
CARDGRYIVVVPAAIPLGYYYYMDVW	1	-1	false
CARDGTIFGVVNNWFDPW	1	-1	false
CARDGGMDFWSEEEYYFDYW	1	-1	false
CARDEDPDYW	1	-1	false
CARDDYSKGLNYYYYGMDVW	1	-1	false
CARDNSPYGRVVVPAAPFDYW	1	-1	false
CARDSDYDFWSGYGVVYYYYGMDVW	1	-1	false
CARDRLCSSTSCYLGLTNGNWFDPW	1	-1	false
CARDARGYCSSTSCHDYW	1	-1	false
CAREGHQGIAAAGTDFAFDIW	1	-1	false
CAREGREGFLEWLYDYW	1	-1	false
CAREFGYSGYPETLWDYW	1	-1	false
CARGYCSSTSCHLGKKSFDYW	1	-1	false
CARGRVGIVVVPAAMTNW	1	-1	false
CARVGATLSYW	1	-1	false
CAKYGDYGGYW	1	-1	false
CAKWAYYDFWSGGGIFDYW	1	-1	false
CAKCRPGCSSTSCYYYYGMDVW	1	-1	false
CAKCIGFSPHHPTSDNYYYYYGMDVW	1	-1	false
CAKSQQAHNLLQGKCRWFDPW	1	-1	false
CAKSAANTTPSTVTTQKYYYYGMDVW	1	-1	false
CAKSYGDYVFDYW	1	-1	false
CAKSPGLQNLFYYYYYMDVW	2	-1	false
CAKSGSAGGYDSSGYYYAFDYW	1	-1	false
CAKFQPGQLLWGRAEYFQHW	1	-1	false
CAKFAAAIGGWFDPW	1	-1	false
CAKEYQLLSSALEVGAFDIW	1	-1	false
CAKAGPGQRQKNWFDPW	1	-1	false
CAKGMDTAMVFAFDIW	1	-1	false
CAKGYGDYFVSSFDYW	1	-1	false
CAKVSAAAGTPW	1	-1	false
CAKTRDDYYDSSGYYEFDAFDIW	1	-1	false
CAKKWIQLWPKEDAFDIW	1	-1	false
CAKQYNWNDVGSFDYW	2	-1	false
CANDLVLSYPGDYW	1	-1	false
CANGHLNHMVRGVIRRGW	1	-1	false
CANQYCSGGSCYGYNWFDPW	1	-1	false
CANPDSSGWRGAFDYW	1	-1	false
CARKGGYGDRMFDYW	1	-1	false
CATRAVPAIIDYW	1	-1	false
CAGRAPSFTIFGVVIIDLDYW	1	-1	false
CAGPLRGSGDYW	1	-1	false
CVGSSGDYW	1	-1	false
CVAGGDIVVVVAGVYYYGMDVW	1	-1	false
CVGWPGQKKFDYW	2	-1	false
CVLETYSSSSMGGRDYW	1	-1	false
CVFLGSRHIVVVTAIPTVVW	1	-1	false
CAKDRKGFVGYCSSTSCFSGGGMNYFDYW	1	-1	false
CAKEGIVVVVAAPRVW	1	-1	false
CAKTRPFDSPVAPFDYW	1	-1	false
CARGADFWSGEGVRGFDPW	1	-1	false
CARGTRYGMDVW	1	-1	false
CARGRNGSGSYYFYYYMDVW	1	-1	false
CARGRRDFWSGYYAPSYNWFDPW	1	-1	false
CARGRVHCSSTSCYIFNYYYYMDVW	1	-1	false
CARGRIVVVPAAIFYGVSYYYGMDVW	1	-1	false
CARGSIAAAGTFGGLDYW	1	-1	false
CARGNTMVRGVIPKSLDYW	1	-1	false
CARGIWFRELLGFFDYW	1	-1	false
CARGGGYCSSTSCYFEFYYYYYMDVW	1	-1	false
CARGEDFPVALDPW	1	-1	false
CARGGNDYSNEERWFDPW	1	-1	false
CARGGGDIVVVPAAIYFDYW	1	-1	false
CARGGRQIAGYCSSTSCVSFDYW	2	-1	false
CARGSAYYDILTGYYGGRTSLDYW	1	-1	false
CARGIAAAGPPGWFDPW	1	-1	false
CARGRIQLRTGLTLSYRHYFDYW	1	-1	false
CARGNLKPYDSSGYRANKRHYFDYW	1	-1	false
CARGGQRWTFWVPPLDYW	1	-1	false
CARGGFDPW	1	-1	false
CARGHHRLYYDFWSGPRSHYW	1	-1	false
CARGWNSGSYYFNYW	1	-1	false
CARVAAARGYYYYYGMDVW	1	16	false
CARVQRRSSTSRGAFDIW	1	-1	false
CARVSPYSSSWYEYYYGMDVW	1	-1	false
CARSLGSSGYYPPEYFQHW	1	-1	false
CARSELELRDPFDYW	1	-1	false
CARGGGYYGSGSFDYW	1	-1	false
CARLHIVVVTAGGSFDYW	1	-1	false
CASEITVVDYYYYGMDVW	1	-1	false
CAGGYCSGGSCLPLDVW	1	-1	false
CARDGVDIVATILPHYYYYGMDVW	1	-1	false
CARISSSWPRDPIDFDYW	1	-1	false
CARDAGWYLDYW	1	-1	false
CAREATYYDFWSGYYNGPFDYW	1	-1	false
CAREGVCPAGAGGYSSSCHRFDYW	1	-1	false
CARDLVGATGCFHGRCLGYYGMDVW	1	-1	false
CARDLGGYCSSTSCYTDYYYGMDVW	1	-1	false
CARRSYGDYVLDAFDIW	1	-1	false
CARPHAAGYCSSTSCYAIDYW	1	-1	false
CVVGYFDYW	1	-1	false
CARDFQQEGIDYW	1	-1	false
CARDAYQIRIQLWFDYW	1	-1	false
CARDLEVDYSNYDWFDPW	1	-1	false
CARDPKYQLLSSAVGFDYW	1	-1	false
CARDPDDYSNGGGWFDPW	1	-1	false
CARDPVLHIW	2	-1	false
CARDPFVSRDIVVVVAAPPAYW	2	-1	false
CARDRDSSSWGDFDYW	1	-1	false
CARDRGTTWWVFDFDYW	1	-1	false
CARDQEPQLVILFRFDPW	1	-1	false
CARDITIFGVVIFDYW	1	-1	false
CARDNCSSTSCKNRGMDYW	1	-1	false
CARGMRYCSSTSCYRPNAFDIW	1	-1	false
CARGSIYYDFWSGDYYFDYW	1	-1	false
CARGPRRYSGYERPNFDYW	1	-1	false
CARDGKGIAARPLYYYYMDVW	1	-1	false
CARGLRRALAWFDPW	3	-1	false
CARAIKGGLVAWYYYYMDVW	1	-1	false
CARTLGXWTAWYFDLW	1	-1	false
CARDLVVGYHGSGSYYYYGMDVW	1	-1	false
CAVSGGYCSSISCYSAFDIW	1	-1	false
CAREAGGYCGGDCYFFSDAMESGDYYYYYMDVW	1	-1	false
CARFLDPRGWFDPW	1	-1	false
CARELIVVVPAAIASYYYYMDVW	1	-1	false
CAREGNYYGSGSHRPNYYYYYYMDVW	1	-1	false
CARESYYDFWSGYYLQGNLDYW	1	-1	false
CARDGPNYCSSTSCTYYYYYMDVW	1	-1	false
CARDGAEDIVVVPAAPGGYYYYMDVW	1	-1	false
CARDQGAGGIVVVPAAMANYYYYMDVW	1	-1	false
CARDTVTTFDPW	1	-1	false
CARDSPYCSSTSCYPIYYYYYMDVW	1	-1	false
CARDSAYYDFWSGAYYYYMDVW	1	-1	false
CAREGQWLDYYYYYYMDVW	1	-1	false
CARARSDVDTAMAMYYYYYYMDVW	1	-1	false
CARAYVLLWFREAYYMDVW	1	-1	false
CARGSRLGGYCSSTSCRRDNWFDPW	1	-1	false
CARGPLRVAATFLYFDLW	1	-1	false
CARGATYYDFFNWFDPW	1	-1	false
CARSCSSTSCYYYYYMDVW	1	16	false
CARSITIFGVATNDAFDIW	1	5	true
CARNPSYYYYYYMDVW	1	-1	false
CAHSAPGSGGSPGYW	1	-1	false
CAHRGFWSGYSGFDYW	1	-1	false
CALEGDCSSTSCYAGDYW	1	-1	false
CARDSRYCTGGVCYPLCRGYSGYDPIQYYYYMDVW	1	-1	false
CARHGLGTESGYYYYYGMDVW	1	-1	false
CARPWGGGVTLVVPAAIWFDPW	1	-1	false
CARLKSRQYYFDYW	1	-1	false
CARIDFWSGYYTGMGFDPW	1	-1	false
CARNGDYAYRVIDYW	1	-1	false
CARHKQQLVEFLDYW	1	-1	false
CARHVTMVRGAGLDYW	1	-1	false
CARHGVGATNFDYW	1	-1	false
CARHGGYDFWSGPLGPLLYW	1	-1	false
CARHGRVREWLISGISNGWFDPW	1	-1	false
CARHGFGVQPIDYW	1	-1	false
CARHYYDSSGYYLGNWFDPW	1	-1	false
CARHLPAARSYYYYYMDVW	3	-1	false
CARHLTHSVAGTPRFLPNWFDPW	1	-1	false
CARHSPYYYDSSGYYGSLYNWFDPW	1	-1	false
CARHLYGGSAGGMDVW	1	-1	false
CARQGQQWLVRRLPDAFDIW	1	-1	false
CARQGGSSGSGVNWFDPW	1	-1	false
CARQRGRGVVPAAISTYWYFDLW	1	-1	false
CARQYYYDSSGYYSRGGYFQHW	2	-1	false
CARQRREFVVVPAAMRYNWFDPW	1	-1	false
CARAYRRYCSSTSCYKGVYYYYGMDVW	1	-1	false
CARREFGVVMYYYYYMDVW	1	-1	false
CARDIEAQAVTTLGDVW	1	-1	false
CARDLATGNYGDYVDYW	1	-1	false
CARAGAVAGTYYFDYW	1	-1	false
CARRHYSNYHWFDPW	1	-1	false
CATYYYDSSGQYNWFDPW	1	-1	false
CATIEMATITSIDYW	1	-1	false
CAREYYYDSSGEIGSNSPWFDPW	1	-1	false
CARVGQYSGSYPTDYW	1	-1	false
CASSGSYWDWYFDLW	1	-1	false
CARTVVPAAPTTPSDYW	1	-1	false
CARDGLLSSTRVYYFDYW	1	-1	false
CARVRFLEWLLRFFDYW	1	-1	false
CARGGGYHPSW	2	-1	false
CARGTVVVAATLYYYYMDVW	1	-1	false
CARGVRDDYVWGSYRLPGYYYYYMDVW	1	-1	false
CARGGARNGSGSLSPFDPW	1	-1	false
CASPISLGGDYGSGDTSGDAL	1	-1	false
CARTNVLRFSRIDYW	1	-1	false
CARHFSAGGRIMVQGVIVPQYYYYYMDVW	1	-1	false
CARQNAACSTSCYRGLGFDPW	1	-1	false
CAREMNPEAGFDPW	1	-1	false
CAKEGYSSGWTGVGYYYYGMDVW	1	-1	false
CARDGDYW	1	-1	false
CARDGGVKGITMVRGVSFPHW	1	-1	false
CATHPRWHYTLDYW	1	-1	false
CARDHWKITIFGVVISYYFDYW	1	-1	false
CARDLKCSGGSCYSGDGYW	1	-1	false
CARDSLGGYGSGSRFDYW	2	-1	false
CAREISSSQWRLGGFDYW	1	-1	false
CARVVDIVATIVPGHGYYYYMDVW	1	-1	false
CASSTIRFLEWLPFDYW	1	-1	false
CASSRPPRKYGVPNYYYYYGMDVW	1	-1	false
CASASGGWYPFYYYGMDVW	1	-1	false
CARDFAPLVASVQYYYDSIAFDIW	1	-1	false
CAKVAWQQLANYYYYGMDVW	1	-1	false
CAKAHTVTGPFDYW	1	-1	false
CARRAVGSPYGMDVW	1	-1	false
CARVGMTRDYYYGMDVW	1	-1	false
CARSTTVVTPEDYYYYGMDVW	1	-1	false
CARDAYDSSGYYPNPDYYYYGMDVW	1	-1	false
CAREVAGDIVVVPAAINYYYYGMDVW	1	-1	false
CARDLGVVVPAAMDYW	1	-1	false
CARDGALVVPAAIGNWFDPW	1	-1	false
CARDIVVVPAAPNLFDPW	1	-1	false
CARSYYGSGRRYYYMDVW	1	-1	false
CARAGGYCSSTSCQPRYYYYYMDVW	1	-1	false
CARVNYYGSGSYYKKEPDAFDIW	1	-1	false
CATGALNINDYISHPFYYYYMDVW	1	-1	false
CATDTVGSGYEAPFDYW	2	-1	false
CAKPNFHYYDTGDLDYW	1	-1	false
CAKDILGYCSSTSCYGYAFDIW	1	-1	false
CAAFSRFAGKPNYYFDYW	1	-1	false
CARDLLFRTLKTQQLTPHYYYYMDVW	2	-1	false
CARAVRGSGSYFPYYFDYW	1	-1	false
CARIRRDYYDSSGYVSFLVDYW	1	-1	false
CARSYDFGHLPFDYW	1	-1	false
CARDGDIVVVVAATPLSYGMDVW	1	9	false
CAKDVGYCSSTSCYTVYYYYGMDVW	1	-1	false
CAKDQWELLEYYFDYW	1	-1	false
CAKVPGGVRVEYYFDYW	1	-1	false
CAREPGVGEKGANWFDPW	1	-1	false
CARGAGDTAMVYRLYFDYW	1	-1	false
CARGRIWDSGFDYW	1	-1	false
CARVSSFYYDFWSGSHDPYYYYGMDVW	1	-1	false
CAKAGGIAAAGTFPWFDPW	1	-1	false
CARGPDSGVDYW	1	-1	false
CARDKLPAAIPYNWFDPW	1	-1	false
CARDSYYYDSSGYYYPVHYYYYGMDVW	1	-1	false
CARGSIVVVPAATKVNWFDPW	1	-1	false
CARVEWRRVTIFGVVIGGWFDPW	1	-1	false
CAHSPRPHIVVVPAANPATYNWFDPW	1	-1	false
CARSYDSSGYYFDSPPWSFDYW	1	-1	false
CARGRGSSSWYDPYNWFDPW	1	-1	false
CARGFTIFGVGHGAFDIW	1	-1	false
CARRQTGTTFGYYYYGMDVW	1	-1	false
CARDGSDGRYAFDIW	1	-1	false
CARDGGQLGWFDPW	2	-1	false
CARDLGCMDVW	1	-1	false
CARVELGYSSSSYYYYMDVW	1	-1	false
CAREGGRKSELWLRGWFDPW	1	-1	false
CAQTRYCSSTSCLNNDAFDIW	1	-1	false
CARHIAVAGTYAYFDYW	1	-1	false
CARHANAYYDILTGYYMRGYWFDPW	1	-1	false
CARVRDFPLW	1	-1	false
CARVRRYYDFWSGYSGFDAFDIW	1	-1	false
CARVQRYQLLGAGGDYYYYMDVW	1	-1	false
CARAEIVVVPAAIQYYYYYYMDVW	1	-1	false
CARAISYSGYDRWFDPW	1	-1	false
CARAHTDGGYCSSTSCTNWFDPW	1	-1	false
CARAGSYYGSGSYYIFRAFDIW	1	-1	false
CARAQRGITIFGVVSPFDYW	1	-1	false
CARAKQTRSYSSGSPIDYW	1	-1	false
CARARRTTGTTGYW	2	1	false
CARALPPSLGFIVVPAASQESGAFDIW	2	-1	false
CARLAVVVPAASYYYYGMDVW	1	-1	false
CARPETTGTTLLDAFDIW	1	-1	false
CARCSEYQLLHGGYYYYYYMDVW	1	-1	false
CARSRIAVADLDYW	1	-1	false
CARSGWVRYFDYW	2	-1	false
CARTTTIFGVDYW	1	-1	false
CARGLGYCSGGSCYYWFDPW	1	-1	false
CASTGYSSSWYPHGMDVW	1	-1	false
CASGIRLGYCSSTSCRNFDYW	1	-1	false
CASIGEVVEGPCSSTSCPRGFDPW	2	-1	false
CASGGPYCSSTSCYTPDYW	1	-1	false
CATHTDYFDYW	1	-1	false
CASSPGYCSSTSCYTLLNNWFDPW	1	-1	false
CARDGDYGAFDIW	1	-1	false
CARLSIAAAGIDYW	1	-1	false
CARFETTPTHRYVW	1	-1	false
CARINDYGDYVVDYW	1	-1	false
CASGGLRSPAIYGGDYW	1	-1	false
CARDFSGDSSSAPPDYW	1	-1	false
CARDIQNHDAFDIW	1	-1	false
CARAAGRTGTPDYW	1	-1	false
CARVVASYGTDYYYYGMDVW	1	-1	false
CARVPVDTAIDTGWFDPW	1	-1	false
CARPLPMEVRGVTLFEYGRGWNVW	1	-1	false
CAREGGWIDYDSSEKEIHAFDIW	1	-1	false
CARGAGCSSTSCYAGDYYYYMDVW	1	-1	false
CAKVEISSGYSYW	1	-1	false
CAKNPRKYSSSFGAFDIW	1	-1	false
CAKTSLPAALDYW	1	-1	false
CAKTGPLYYDFWSGYLYYYYYMDVW	2	-1	false
CAKDHRFHGTFGFDPW	1	-1	false
CAKDWEIMVRGVIVWALGAIDYW	1	-1	false
CAKDANDYDFWSGYSLW	1	-1	false
CAKEWDIVVAYYYYGMDVW	1	-1	false
CAKVQDYDFWSGYYTGASFHYW	1	-1	false
CAKGRYGGKTYFDYW	1	-1	false
CAKGITMIVVPSNWFDPW	1	-1	false
CAKQVPVAGDRYFDYW	1	-1	false
CADTPGDSGYGSIYYYYYMDVW	1	-1	false
CAGHRYCSSTSCYDPSYYYYYYMDVW	1	-1	false
CAKESRVSSGPFDYW	1	-1	false
CAKDFVVVAATPNCW	1	-1	false
CAKDRLGNQVYDYW	1	-1	false
CAKDLWFAYGMDVW	1	-1	false
CAKDRGSSAVAGKNYFDYW	1	-1	false
CAKVPEGRDRGKQLLIFYGMDVW	1	-1	false
CAKETERSQWLRPDYW	1	-1	false
CADIDWLLYVTLLPNDYW	2	-1	false
CAKLTVVGSKTHYYYYMDVW	1	-1	false
CAKHVYGDYVGGNAFDIW	1	-1	false
CARVSRPYGSGSYLGYRFDYW	1	-1	false
CARVEYYYDSSGYYLDYW	1	-1	false
CARVVTCSSTSCYAGYYYYYMDVW	1	-1	false
CARVRIWFRERTAFDIW	1	-1	false
CARAVKGGRMTTVTTGYNWFDPW	3	-1	false
CARALRYCSSTSCHPTKYYYYYGMDVW	1	-1	false
CARARYCSSTSCYGYDAFDIW	1	-1	false
CARAPPYYDFWSGYYRGFDYW	1	-1	false
CARAEPFDYW	1	-1	false
CARAVVVVPAAIAPPAGHNWFDPW	3	-1	false
CARAFNRLGSPGYW	1	-1	false
CARASYYYDSSGYDFDYW	2	-1	false
CARAPNYDFWSGFFTDSGARRASYFDYW	1	-1	false
CARDPPLLDIVVVPAATDAFDIW	1	-1	false
CARERRGEQLEKGQRVLKYYYYYGMDVW	1	-1	false
CAREIYGDSPFDYW	1	-1	false
CAREVNFWSGYRRKEGKKNGMDVW	1	-1	false
CARDREIYCSSTSCYGFDPW	2	-1	false
CARPKGVPAANDAFDIW	1	-1	false
CARRRRGIRDGYNQGLFGVKNDAFDIW	1	-1	false
CARRYGGVGTGPDYW	1	-1	false
CARLDGPYCSSTSCQGSRYYFDYW	1	-1	false
CARSAARPPYYGMDVW	1	-1	false
CARSANYYGPMSPRRNWFDPW	1	-1	false
CARFFIVVDIPVDAFDIW	1	-1	false
CARYSQIAAAGPYGMDVW	1	-1	false
CARWTVQQKHPRSEGRHYYYMDVW	1	-1	false
CARRAIAVAAYYYYYYMDVW	1	-1	false
CARSNSSSSIDYW	1	-1	false
CARSQRYERGYSYGRHYYYYYGMDVW	1	-1	false
CARAPRYCSSTSCYAAYFQHW	1	-1	false
CARASRVALIQHW	1	-1	false
CARARPVPSSSWYDYYYMDVW	1	-1	false
CARATLGW	1	-1	false
CARSASLEWLLHIDYW	1	-1	false
CARRSGYDEYYFDYW	1	-1	false
CARMDYGPRFADFDYW	1	-1	false
CASDPIAALKRPKITNDYW	1	-1	false
CARDRSRWGAGKYYFDYW	1	-1	false
CARDPRGYSYGSGFLGPDYW	1	-1	false
CARGWTPGLGPLIGAFDIW	1	-1	false
CARDSKSSSTSCYALLSSAPADCGGLVDTFDPW	1	-1	false
CARDQGDIVVVPAAIVPYFDYW	1	-1	false
CARDGVLVLRYFDWLFGAYYMDVW	1	-1	false
CARQKRQGGGNFFDYW	1	-1	false
CAKDLGVSRVGATRFFFKGAFDIW	1	-1	false
CARGIPYDFWSGPGFDYW	1	-1	false
CARGASLYCSSTSCEGQSAFDIW	1	-1	false
CASTHIVVVTSIDYW	1	-1	false
CARDLPPRSMVRGVIDYW	1	-1	false
CAKEGLEWLLQHFDYW	1	-1	false
CARDRWLRLPDYW	1	-1	false
CARENGGQSLTPPYYYYYYMDVW	1	-1	false
CARLGYCSSTSCYAASDYW	1	-1	false
CARDSTDYYDSSGYTPPFDYW	1	-1	false
CARDRGGGWFDPW	1	-1	false
CARASRSTSSLIIDYW	1	-1	false
CARCRGSDFGVEPAGFDPW	1	-1	false
CARAPVDTAMPHYYYYMDVW	1	-1	false
CARGAGNWNDFFPEGYYFDYW	1	-1	false
CARDWAAEYFQHW	1	6	false
CAREGYNDFWSARRGLTDPASSKDYYYYYMDVW	1	-1	false
CARATRGFDYW	1	-1	false
CARDRVVVAPTSRYYGMDVW	1	-1	false
CARGPYYYGSGSYFYFDYW	1	-1	false
CARGGAYQLLGSANDAFDIW	1	-1	false
CARGQLGGRSDYW	1	-1	false
CAREEGLAYYFDYW	1	-1	false
CARERLVEMATILAFGRYFDYW	1	-1	false
CAREPWLYDSSGYPSYYFDYW	1	-1	false
CARETGHDYGDYGFGYYYYGMDVW	1	-1	false
CARDNLYYGSGSYIDYW	1	-1	false
CARDQIGTERVPAALTPNYYYYGMDVW	1	-1	false
CARDLVGCTNGVCYTGRFDPW	1	-1	false
CARDLSGFLGEFDPW	1	-1	false
CARALLDNWNDSFDYW	1	-1	false
CARVGSVVVVPRGSFDIW	1	-1	false
CARRPPYGDYVMWDYW	2	-1	false
CARGGYSYGARYW	1	-1	false
CASFLEMATTSDYFDYW	1	-1	false
CARERGYYDYVWGSGLGDAFDIW	1	-1	false
CARWYCSSTSCYFDYW	1	-1	false
CARHPYDLASFDYW	1	-1	false
CARRGYCSSTSCYCGAFDIW	1	-1	false
CARRRYCSSTSCYAGSDYW	1	-1	false
CARRVGEMATGAFDIW	1	-1	false
CARRRGYSYGSAAFDIW	1	-1	false
CARLNRGDWLLRYYYYMDVW	1	-1	false
CARLPRGYFDYW	1	-1	false
CARLALLVVTASTFDYW	1	-1	false
CARPSTLVAFDIW	1	-1	false
CARGDNYYDILTGYWGGAFDIW	1	-1	false
CARGEGVRSSTSSQVDYYYGMDVW	1	-1	false
CARGYGYYFDYW	1	-1	false
CARAQGSPDHDSSGYYYAHW	1	-1	false
CARVVVAATTPDYYYYYGMDVW	1	-1	false
CARYTGRFLEWLSQELNWFDPW	1	-1	false
CARCRVYPRYGMDVW	2	-1	false
CASGSDYW	1	-1	false
CARQDFWSGYYTPRSHTVTLFDYW	1	-1	false
CASRGIAAAVYDYW	1	-1	false
CASIGKGSGWYRGYYYGMDVW	1	-1	false
CAITFPPHCSSTSCYFDYW	2	-1	false
CAIAEGSLDIVATIIFAFDIW	3	-1	false
CAKGVGGYSGDGMGYYYYYGMDVW	1	-1	false
CARDKVAVAGTGFLDYYYYGMDVW	1	-1	false
CTTNTLSSGETYYYYGMDVW	1	-1	false
CTRALGVYQLPMKQNWFDPW	1	-1	false
CTRGFTESKKSIAVAGNFDYW	1	-1	false
CTREPPGDPFDYWDQGTLVPGDPFDYW	1	-1	false
CTREFPRFDQLLWPDYYYGMDVW	2	-1	false
CTRGLVPAAIHNWFDPW	1	-1	false
CTRVGRILPPYYYGMDVW	1	-1	false
CTRARDDYGDYHVWGVDYYFDYW	1	-1	false
CTRSGTVTTWIGYYYYYGMDAW	1	-1	false
CTRALFVVVTAIPGYW	1	-1	false
CATGGLRYRFW	1	-1	false
CTSEYCSGGSCYSGLWGYW	1	-1	false
CTTDSGSSPWYDGMDVW	1	-1	false
CTTGELWIHQRIPSEAMWIHQRSYYYYYMDVW	1	-1	false
CTTSANCSSTSCYVFDYW	1	-1	false
CTTDFIGW	2	-1	false
CTTAWELLSFGW	2	-1	false
CTTYQSYCSSTSCFDYW	1	-1	false
CTTDGFLSQWLVYW	1	-1	false
CTTDGGYCSSTSCYRRISVDVW	1	-1	false
CTTDPEWGMVRGGYYYYGMDVW	1	-1	false
CTTDPPHYYYGMDVW	1	-1	false
CTTDRVGGSCW	2	-1	false
CTTDLMVVVTAIYYFDYW	1	-1	false
CTTDHINRGYDFWSGYYISPDFDYW	1	-1	false
CTTDQSCSGGSCYPYYYYYYMDVW	1	-1	false
CTTDYHGGNSFDYW	2	-1	false
CTTDYRWLLKARYYYYMDVW	1	-1	false
CTTEFQIVVVPAVPLW	1	-1	false
CTTEEVSLAAAGSGFDYW	1	-1	false
CTTDPIARDFWSGYSTVVRVYW	2	-1	false
CTTDDKRETYYDFWSGYNLDDYW	1	-1	false
CTTDIDSGYDYYYYYYMDVW	1	-1	false
CTTVLDFGVVIDDYW	1	-1	false
CTTGGDSSGWYFDYW	1	-1	false
CTTGVGVVFPRPLAYYYYMDVW	1	-1	false
CTTGRLVITYYDFWSGYPDDAFDIW	1	-1	false
CTTGGYCSGGSCYEVSYYYYGMDVW	1	-1	false
CTTASRIQLWYYYGMDVW	1	-1	false
CTTQEWELPNFDYW	2	-1	false
CTTLYCSSTSCYYFDYW	2	-1	false
CTTDLYYYGSGRVFPMDVW	1	-1	false
CTTYYDFWSGLDAFDIW	1	-1	false
CTTGSYVPVGATSYYYGMDVW	1	-1	false
CTTDYGDYGYYFDYW	1	-1	false
CTSEDDYGDYVSVPLYYMDVW	1	-1	false
CIVPAANYVYYYYYMDVW	1	-1	false
CASLLRKPYCSSTSCYVGEDYYYYMDVW	1	-1	false
CARAAKYYDILTGPLPDYW	2	-1	false
CARSGYCSSTSCPKNTW	1	-1	false
CARATRTPSIVGADGYYFDYW	1	-1	false
CARDPWSGYYLGFDYW	2	-1	false
CASTLLGGFGVDYYYYYMDVW	1	-1	false
CARDRHRGPSIAAAGTHPRDYW	1	-1	false
CARDDYSNSLYYYYGMDVW	1	-1	false
CARTAFSSTRPDYYYYYYMDVW	1	-1	false
CARGPGLQYYYIGMDVW	1	-1	false
CARVWFYGDYVKDHRDAFDIW	1	-1	false
CARLDCSSTSCYSHYYYYMDVW	1	-1	false
CAKKSSSWGDEYYFDYW	1	-1	false
CARDVGYCSSTSCYANAFDIW	2	-1	false
CASGRTSDIADFDYW	1	-1	false
CARDHPDVPAANFDYW	1	-1	false
CARGAWRNSGWIDAFDIW	1	-1	false
CAREGGSYQTPAGAPFDYW	1	-1	false
CAGKRFLNPW	1	-1	false
CASQTGTTIRPNYYYYGMDVW	1	-1	false
CAGEGYYYMDVW	1	-1	false
CARXXGGGRMDVW	1	-1	false
CARPQTGYSYGYDYYYGMDVW	1	-1	false
CARDSAVRGVRGDYYGMDVW	1	-1	false
CARDEGFNSSSSVDYW	1	-1	false
CARDVSIPELREGGYYYYYYYMDVW	1	-1	false
CARDGDGRYAFDIW	1	-1	false
CARDPTYYDSSGYNDYW	2	-1	false
CARDRHGYCSSTSCYDPYYYGMDVW	1	-1	false
CARDTCSSTSCYSYYYYYMDVW	1	-1	false
CARDSRIFWSGSYYYYGMDVW	1	-1	false
CARDPTVTLKTGDYYGMDVW	1	-1	false
CAREAGTLGYW	1	-1	false
CARETHDYGDYEGADAFDIW	2	-1	false
CARESYEVDYW	1	-1	false
CARAVEGYDILTDPHYYYGMDVW	1	-1	false
CARAPYSGSYPSYYFDYW	1	-1	false
CARGLGQTPYYDSSGYYGYW	2	-1	false
CARGPDYGGNLLYFDYW	1	-1	false
CARVVAAAGTYDYYYYMDVW	1	-1	false
CARVATVTTGSYRPYYYYYMDVW	1	-1	false
CARVKYSSSWYYFDYW	1	-1	false
CARVPYYCSSTSCYERSFDYW	1	-1	false
CARVQQLYDFWSGYYPNYYYYYMDVW	1	-1	false
CAKEVPLAGYPHFDYW	4	-1	false
CAKDARPYCGGDCYREYDYW	1	-1	false
CAKPPRGTDYW	1	-1	false
CAKALSYCSGGSCYSSPFDYW	1	-1	false
CAAGVGYYYYYMDVW	1	-1	false
CAKALAAAGTEW	2	-1	false
CAKDQLHGPLIDYW	1	-1	false
CAKDPGGVVVPAAIPNQLRAMDTAMAKTQMYYFDYW	1	-1	false
CARRNYDILTGSPPYYYYYYMDVW	1	-1	false
CAKDPGVGGWFDPW	2	-1	false
CAKGRRYFDDFDYW	1	-1	false
CANSITIFGKRNWFDPW	1	-1	false
CANAYYDSSGYYWGTNSDYW	1	-1	false
CAKGFTDTYYDFWSGYPDAFDIW	1	-1	false
CTTDPPYCSSTSCYTQRRGYW	1	-1	false
CARESWQDPKRQWELLPTPPDYW	2	-1	false
CARDIGSSSWYMQGAFDIW	1	-1	false
CAGCIAVAGLGSYYYYYMDVW	2	-1	false
CARDKAGQKGYLYYYYYGMDVW	1	-1	false
CARAPRFRMTYCSSTSCYGGGNWFDPW	1	-1	false
CAKDYLPRGGLVVITNFDYW	2	-1	false
CASGRYCSSTSCYYPAYDYW	1	-1	false
CARLGIAALNWFDPW	1	-1	false
CARVSPRIAVAGEGGMDVW	1	-1	false
CARDFYSGYDLDAFDIW	1	-1	false
CARDSPSIVVVPAAMPRWFDPW	1	-1	false
CAKDIAAAEFPLYYFDYW	1	-1	false
CHCNWNDPLXFDIW	1	-1	false
CAKAQSVGYSSSWYSGWFDPW	1	-1	false
CAKDMSLRGQQLASSPFYYYGMDVW	2	-1	false
CAKDSPYSGSYYGGMDVW	1	-1	false
CAKDSTLKYYDILTGYYTPGYGSFDYW	1	-1	false
CAKSIRGAMVNRVAFDIW	3	-1	false
CAKDRTDIIIVTALDYW	1	-1	false
CAKEYCSSTSCYNAFDIW	1	-1	false
CAKDSTIFGVVIGLYYMDVW	1	-1	false
CAKDISPYYDILTGYWGSDGMDVW	1	-1	false
CAKDITDSSSFW	1	-1	false
CAKDTVAGDYYYYYMDVW	1	-1	false
CARITIFGVVRRNKGDDYW	1	-1	false
CARGGVWIQLWLARSDPHFDYW	1	-1	false
CARARSEDIVVVVAAHGLNDYW	1	-1	false
CARVLRFLEWLPNGYYFDYW	1	11	false
CARKEGHYDFWSGYALPRTPLHAFDIW	2	-1	false
CARNYGRQQLDYW	1	-1	false
CASVNFHYYDSSGYYYESSYFDYW	1	-1	false
CASVGIAAAGTFYYYYGMDVW	1	-1	false
CASSGSSGSHW	1	-1	false
CATLVVPAAKNPGGFDYW	2	-1	false
CAGFRIAVAALDYW	1	-1	false
CAIVVPAAIYYYYYYMDVW	1	16	false
CGWCDRLLPYYMDVW	1	-1	false
CARTPSYTIFGVVIIRRFDYW	1	-1	false
CARPLSGSRLGTRGRFSDVW	1	-1	false
CARAVGYSSGWYGAQPPPW	1	-1	false
CARGPVVPAAIWTSLAGWFDPW	2	-1	false
CARGVYSSGWYARNDYYYYYMDVW	1	-1	false
CARGLGSGYDSSGYYYGYW	1	-1	false
CARPRMIWGDRAARKDAFDIW	1	-1	false
CARGGRRAYFGIRHWFDPW	1	-1	false
CARGIGYCSSTSCYARPAKAYYYYYMDVW	1	-1	false
CARGNSRVDIVVVWRPAGGFDYW	1	-1	false
CAKQRGPYSRDMDVW	1	-1	false
CARGVGKYYYYGMDVW	1	-1	false
CARGYCSSTSCYAYYMDVW	2	16	false
CARVRRYSSSWYSIGEDYW	1	-1	false
CARRLVSCSSTSCYLGSGYYYYMDVW	1	-1	false
CARELAVAVNYW	1	-1	false
CAREGDYVWGSYRYVDYW	1	12	false
CARDFQSAGYGMDVW	1	-1	false
CARDSGDYYYYYYMDVW	1	16	false
CARDGGTVKDLYYYYYYGMDVW	1	-1	false
CARDGSYWSGFRDAFDIW	1	-1	false
CARDRSLYVVVVPAAPDVW	1	-1	false
CARDLRIAAADPDYYYYGMDVW	1	-1	false
CARDLGSSSWYAGYYYYYYMDVW	1	-1	false
CAREETRYYYDSSGPWNAFDIW	1	-1	false
CAREYSYGQYYFDYW	1	-1	false
CAREMVSWAAAGPEDKPNTKFDYW	1	-1	false
CAREGDVVVPAAIGVGYW	1	-1	false
CARDSYGYVYYFDYW	1	-1	false
CARDNYGDYVVAPPPIDYW	1	-1	false
CARDNDYW	1	-1	false
CARDLWQFRYMDVW	1	-1	false
CARGEYYDILTGYYKDDAFDIW	1	-1	false
CARVYGSGTAKYYFDYW	1	-1	false
CARVTPTGGLIFDYW	1	-1	false
CARRAASPPQDYYMDVW	1	-1	false
CARPYYDFLGGSDGMDVW	1	-1	false
CARLPYDFWSGYYDYW	1	-1	false
CARCGARDTYYYYYYMDVW	1	-1	false
CARYCWWYCSSTSYSEFDPW	1	-1	false
CARRGYCSSTSCYGRAFDIW	1	-1	false
CARSGGWGDSKYYYYGMDVW	1	-1	false
CAGLLWFRELSKYNWFDPW	1	-1	false
CARTMVRGAFIFDYW	2	-1	false
CAREAGGVSYYYDSSGYKALDYW	1	-1	false
CARELAAHDYGDQKNPSPGWFDPW	2	-1	false
CARDDREYCSGGSCYWGQRRGFDPW	1	-1	false
CARDGKAVPADRPRVIIPYYYGMDVW	1	-1	false
CARGCGGDCLYYYYGMDVW	1	-1	false
CARGYSGSYYYYYGMDVW	1	16	false
CAGVPAAQGYYYYYMDVW	1	-1	false
CARALGVQGVIITSHYYYMDVW	1	-1	false
CARAESYGSGRCWFDPW	1	-1	false
CARDPLGAFDYW	1	-1	false
CAREDRNYYGSGPFDYW	1	-1	false
CARGFLPIFGVVITDYW	1	-1	false
CARGDIVVVPAAHHAFDIW	1	-1	false
CARAVPAAPTRWYAFDIW	1	-1	false
CARYPLWFRELYLHSPDAFDIW	1	-1	false
CARPLYPDAFDIW	1	-1	false
CAKYCSGGSCYSFDAFDIW	1	-1	false
CARGGGGYCSSTSCYYYYYMDVW	1	16	false
CARYCSSTSCSWPYYYMDVW	1	-1	false
CARGREYSSSFSLKTKSRQYYMDVW	1	-1	false
CARGGVGSYSRNWFDPW	2	-1	false
CARGGYSYGYFYFDYW	2	-1	false
CARDRSGSDNWFDPW	1	-1	false
CARDRSPLVSHCSSTSCSFDAFDIW	1	-1	false
CARDSRYSGTEYW	2	-1	false
CARDWPHFDPW	1	-1	false
CAVVVPTPYYYMDVW	1	-1	false
CARYVPAARVNWFDPW	1	-1	false
CARHGWYGVVVPAFDPW	1	-1	false
CARTPFGGVIGWFDPW	2	-1	false
CARQFFSRSSVGLGEFSVIRWFDPW	1	-1	false
CARRFIAARRYYYYGMDVW	1	-1	false
CARQKDCSSTRCNMNYYYYYGMDVW	1	-1	false
CARQWGCSSTSCFAAFDIW	3	-1	false
CARDRCSGGSCLSTWFDPW	1	-1	false
CARVYSPIFGVVNWFDPW	2	-1	false
CARGVEGYSSYYFDYW	1	-1	false
CARGHDYYGSGSYGEGPIDYW	1	-1	false
CSAYSRGSSMLDYW	1	-1	false
CARGRGYCSGGSCYPFDYW	1	-1	false
CATGFHSYSQYYFDYW	3	-1	false
CNPTVVITDHYYYYGMDVW	2	-1	false
CARHSFHYDSSGYYYDYW	1	-1	false
CAADASYYYDSSGYLWW	1	-1	false
CAADGNCSGGSCYSDYYYYYGMDVW	1	-1	false
CAAGYYGSGSPLRGSYYYYYMDVW	1	-1	false
CARDFLPVPYSIKNAFDIW	1	-1	false
CARDGPRGRVNYDFWSGDAFDIW	1	-1	false
CAKERGMNYDFWSGYYNAEYFQHW	1	-1	false
CARDRGYXYDSSGYNDAFDIW	1	-1	false
CTTTMIVVGVDIW	1	-1	false
CTTAEVVVPAARDIHYYYYYYMDVW	1	-1	false
CIGGGYGNFDYW	1	-1	false
CTTDAHYDYVWGSRLNYFDYW	1	-1	false
CTTDLPDSSGYYYGWIDYW	1	-1	false
CTTDLAGFVFWSGYYPIDYW	1	-1	false
CTTGGYSFDYW	1	-1	false
CTPERRNKKGSLTTVREFDYW	1	-1	false
CARFKEGYFDYW	1	-1	false
CASRYDYVWGSYRETSDAFDIW	1	-1	false
CTRRGDGSVGPVYW	1	-1	false
CTREEDWLFRTLVAVFDYW	1	-1	false
CMVVTACW	1	-1	false
CTRHQPIVVVPAAIRGYYYYGMDVW	1	-1	false
CTRYCSSTSCYTGRYYYYGMDVW	1	-1	false
CARAYDFWSGYYNYYYYGMDVW	1	-1	false
CARVEEYYDFWSGYGEYAFDIW	1	-1	false
CARESADTHAFDIW	2	-1	false
CARESYDFWSGYYWFDPW	1	-1	false
CARELYGYDAFDIW	1	-1	false
CARDHETYAFDIW	1	-1	false
CARDPDRNYYDSSGYPLDYW	1	-1	false
CAREGSSSPSYYYYYGMDVW	1	-1	false
CARGSSGSQNDYW	1	-1	false
CARGAIAVAAGWFDPW	1	-1	false
CARGPIAAPGR	1	-1	false
CARVRSNTPGFGDRRSFAPW	1	-1	false
CARAYLVPAAIGGSIAARPRHYYYYYYMDVW	1	-1	false
CARLGGAARAYYYYYYMDVW	1	-1	false
CARQGEYYYYYYMDVW	1	-1	false
CARELYFGAVEHYYGMDVW	2	-1	false
CTRVVPAAIGEFPDAFDIW	1	-1	false
CTRQRADCW	1	-1	false
CARRRDDSGYFDYW	1	-1	false
CARRRSEAYYGSGSYLLVRALGNGDAFDIW	1	-1	false
CARHRSVWSGYYQYYYYYYMDVW	1	-1	false
CARHSRPDCSSTSCYYYYMDVW	1	-1	false
CAKDGGLASSGWYFTISDYW	1	-1	false
CAKDAAGYGPQYYFDYW	1	-1	false
CAKGRRDGYKLWEDFDYW	2	-1	false
CAKGLELSYYFDYW	1	-1	false
CAKKLKAKDTAMVEPYFDYW	1	-1	false
CATRGTSDGDYGSAFDIW	1	-1	false
CAYSTRYCSSTSCYAYAFDIW	1	-1	false
CAKGLAPADDYYYYMDVW	1	-1	false
CAKDRYDWLNFDYW	1	-1	false
CAKDATFGVVINDAFDIW	1	-1	false
SGFIVVVTAIPFLLYYYYGMDVW	1	-1	false
CAKDSFHYDSSGYYDYW	1	-1	false
CAKDIGAWGWERTSFDYW	1	-1	false
CAKDILADSGMDVW	1	-1	false
CAKDINAGSSSGTGGFDYW	2	-1	false
CAKDITEYYYGSGSYLPSW	1	-1	false
CAKDMGHYDFWSGPISWLNYYGMDVW	1	-1	false
CAKDMGYSSSSRFDYW	1	-1	false
CAKDIGCSSTSCYSFEWAFDIW	1	-1	false
CAKDIRPTISPRYGDYEGGFVDW	1	-1	false
CAKDIREYYYYGMDVW	1	-1	false
CAKDIDPGIPGATTTRVVNAFDIW	1	-1	false
CAKDILLGYCSSTSCYDVEAFDIW	2	-1	false
CAKDIKDSSSPTTQPTYYYYGMDVW	1	-1	false
CAKDNYYDSSGYVDYW	2	-1	false
CAKDKRSRYCSSTSCPRAFDIW	1	-1	false
CAKDRSGSWRPHAFDIW	1	-1	false
CAKDRALVGSWYQALDYW	1	-1	false
CAKDRGPEYYDFTRPYYYYYMDVW	1	-1	false
CAKDTDMGFRDPKRVG	1	-1	false
CARESTIFGDYYYYMDVW	1	-1	false
CARLRYCSSTSCYRYYYYYMDVW	1	-1	false
CARGGSVVPTRTMGGGFDYW	1	-1	false
CARSHSQHPPSRKYCRTSNCHYYYYMDVW	1	-1	false
CARDYLWGHHLEHW	1	-1	false
CARGGYYDLSPYMDVW	1	-1	false
CAREMQAGYYFDYW	1	-1	false
CARDRLGNEYDSSGYSDYW	2	-1	false
CARDRVSMIVDYW	1	-1	false
CARDWGDVVVPAVGSYYYYYYMDVW	1	-1	false
CPRDQVEDTTDYW	1	-1	false
CARDLFSGLDYW	1	-1	false
CARDLKRVGTTQLLSGGVDYW	1	-1	false
CARDHVVVVPAARHYYYYMDVW	1	-1	false
CARDQWLPSYYYYGMDVW	1	-1	false
CARDQHFTVQWPNEHYYGMDVW	1	-1	false
CARDRDDFWSGSINWFDPW	1	-1	false
CARDRDSGSYCFDYW	1	-1	false
CARDRGCSGGSCYRLYYYYYGMDVW	1	17	false
CARDRASCSSTSCYRTKHYYYMDVW	1	-1	false
CARDRRLYCSSTSCYFPDYW	1	-1	false
CARDRGTYYYDSSGYHSDAFDIW	2	-1	false
CARDRRELRFLEWLYPAGGMDVW	3	-1	false
CARDRYDILTGYDKEYYGMDVW	1	-1	false
CARDPTAMPWYYFDYW	1	-1	false
CARDPKAYYYGMDVW	1	-1	false
CARDGNRGPNWTPQHW	1	-1	false
CARDGLMVYAILDSGEFDYW	1	-1	false
CARDTLGYCSSTSCYGSGAFDIW	1	-1	false
CARDILTGYDYYYGMDVW	1	-1	false
CARDFEVAAPLYYFDYW	1	-1	false
CARDLRSGSYYAADYW	1	-1	false
CARDFISPYGEGYYYYYGMDVW	1	-1	false
CARDQPNYDFWSGYYTGISYYYYYMDVW	1	-1	false
CARDRFGPNYDFWSGYYFYYYYMDVW	1	-1	false
CARDSSSSFYYYYGMDVW	1	-1	false
CARVDDITFGAGDYW	1	-1	false
CARGYGDRLDRYYYYGMDVW	1	-1	false
CARAPIAARPGYYYGMDVW	1	-1	false
CARPSSIAARTYYMDVW	1	-1	false
CARYRFLEWLKVPDYYGMDVW	1	-1	false
CARERLVVVPAAIDYYYYYMDVW	1	-1	false
CAREIMIWGSGSLHNWFDPW	1	-1	false
CARDLAGQFWSGYYGGWFDPW	1	-1	false
CARDRGAGGRLVHDYW	1	-1	false
CAREGGDYGGYYYYYMDVW	1	-1	false
CARGAVAGFDYW	2	-1	false
CARSRQIAAAYFDYW	1	-1	false
CARLPRDGYNYVGPRNFDYW	1	-1	false
CATLEAPLTILLWFGELSFHGEGSHDYYGMDVW	1	-1	false
CARAHYGSGTYYGMDVW	1	-1	false
CASQAVELREMATITGNFDYW	2	-1	false
CVWGQARHDYGGNVDYW	1	-1	false
CARDTMVRGDRSDAFDIW	1	-1	false
CARDRGWEGLNWFDPW	1	-1	false
CARDRPRGNPGYYYYYGMDVW	1	-1	false
CARDPHPYPYCGGDCYNHYW	1	-1	false
CARDLERSIAAFDYW	1	-1	false
CARDLGYCSSTSCYESYW	1	-1	false
CARDLRPIPTYALTDAFDIW	1	-1	false
CARDDDPTHTYYYGMDVW	1	-1	false
CARDSIVGATNDYW	1	-1	false
CARESPTVVTLSRWFDPW	1	-1	false
CAREGPGDFWSGEALKAFDYW	1	-1	false
CAREGIAARLEYYYYGMDVW	1	-1	false
CAREVGAPDYW	1	-1	false
CARGRESGVVPAAIPNDPFDYW	2	-1	false
CARDALMEDYMDVW	1	-1	false
CARDWDLGMDVW	1	-1	false
CARDPKRITFGGARRGEGAFDIW	1	-1	false
CAREHCSSTSCYRNGFDPW	2	-1	false
CARERPLGSSPHQSPVFDYW	1	-1	false
CARERGLTTTHYYYGMDVW	1	-1	false
CAREEMATISDW	1	-1	false
CAREGHEDAFDIW	1	-1	false
CARVGSPYYDFWSGYQVDYYMDVW	1	-1	false
CARVGYRRGDYYYYMDVW	1	-1	false
CARVGHSIAAPVWFDPW	1	-1	false
CARVRGMDCSSTSCYIGAAHPGTPYLVDIW	1	-1	false
CARVDSDCTNGVCQKYRLYYFDYW	1	-1	false
CARAPGCSSTSCHQIPLWYFDLW	1	-1	false
CARSMGEYCSSTSCYTTYYMDVW	1	-1	false
CARIRYQLSKGSYYYYYMDVW	1	-1	false
CARYSSGWPAVDYW	1	-1	false
CASGWYSGNLGDAFDIW	1	-1	false
CARVVNTVTTFFHYYYYYMDVW	1	-1	false
CAREWGLRDCSGGSCYSPGMDVW	1	-1	false
CARDVRSGWTQEFDYW	1	-1	false
CAREIVAVAGTFDYW	1	-1	false
CATLPVDDFWSGPAENYYYYGMDVW	1	-1	false
CAREGQSLANYYYYYYMDVW	1	-1	false
CASLPYVASIHYYGMDVW	1	-1	false
CARGRNSYYYMDVW	1	-1	false
CAKPQLGSGSYYDFYSESLYYFNYW	1	-1	false
CARDEGWSLYDYW	1	-1	false
CARAGYCSRTSCYHYYYYYMDVW	1	-1	false
CTTDYIVLVVYTTRW	1	-1	false
CARRVEEESGWLGMGYYYMDVW	1	-1	false
CARPDDYGDYGAFDIW	1	-1	false
CAREVTIFGVDYYYMDVW	1	-1	false
CARYCSSTSCFHLGDIW	3	-1	false
CARQFHCSSTSCHALPEYAFDIW	1	-1	false
CARARPNPYNWNDVSEAFDIW	1	-1	false
CARDSGATSVYVYYGMDVW	2	-1	false
CAREQIQLWLYGWYFDYW	2	-1	false
CARWGVVPAAMGSYESHPGFDYW	1	-1	false
CAKDSVTTHLYYYYGMDVW	1	-1	false
CARDKNVGWFGELGDYYYGMDVW	2	-1	false
CARGPGYRKYCSSTSCYAPRGFDYW	2	-1	false
CARDNPIMVRGVITTLPYYYYYGMDVW	1	-1	false
CANAMVRDSTGYW	1	-1	false
CARITIFGVVINPKENIDYW	1	-1	false
CARGGRLGYCSGGSCYSGKNVKKGWFDPW	1	-1	false
CARRDHSSGWLLFDYW	2	-1	false
CARDRGRVCSSTSCYHGQRANWFDPW	1	-1	false
CAREWGRPVFDYYYYGMDVW	1	-1	false
CARAAMDIVVVPAARNYYYYYYMDVW	1	-1	false
CARDRGVEYDFWSGYPYYYDSSGYHYW	2	-1	false
CARLMSIAARRVLTPNFDYW	4	-1	false
CAREGSGSYYLYYFDYW	1	-1	false
CAKDRFRYCTNGVCYGHGMDVW	3	-1	false
CARDPEWGACDIW	21	-1	false
CAKSYIRFLEWLSSRRYDQRREHPMDVW	2	-1	false
CAKVRKVVVPAAAFDYW	1	-1	false
CTTEHYIVVVPAARRGDIFYYYYMDVW	1	-1	false
CAAGYPVLRFLEWPPMDVW	1	-1	false
CARDQGDSSGWYGPYYYYYMDVW	1	-1	false
CARVRGVRGQDDYGDYAFDYW	1	-1	false
CASSPYSSSAALDYW	1	-1	false
CAKDHTPYVDTAMVTGFDYW	1	-1	false
CTTYCSSTSCYLDYYYMDVW	1	-1	false
CARVRERNLYYYYYMDVW	1	-1	false
CASGQRKSIVVVPAAADAFDIW	1	-1	false
CARDGDYDFWSGYPPPAPYFDYW	1	-1	false
CAREPFFRVGDMDVW	1	-1	false
CARDGLLYYDFWSGNPWNYYYMDVW	1	-1	false
CARDLSHQGYSSSWYGGKRYYYYYGMDVW	1	-1	false
CARSEWFDPW	1	-1	false
CARDPGPSGYSYGYDYYYGMDVW	1	-1	false
CARDWHYYDSSGYYFDAFDIW	1	-1	false
CARECSSWSNDYYYYYGMDVW	1	-1	false
CARVWFGELYHGMDVW	1	-1	false
CARGRGVVVPAASSGGPRRLGYW	1	-1	false
CARGDTAMVFYNPDYW	2	-1	false
CARQKRWLQPNFDYW	2	-1	false
CASTAAAATYW	1	-1	false
CASGKPTQWLVPSAFSYW	1	-1	false
CAILAAATGLDVW	1	-1	false
CASDHEDVIADTFDYW	1	-1	false
CASFGVPVGGEYDYW	1	-1	false
CARDPGYCSSTSCRTDAFDIW	1	-1	false
CARDLRSLSGYYMDVW	1	-1	false
CARDLKVVPAAIQNWFDPW	1	-1	false
CARDVSVVVVAATPYYFDYW	1	-1	false
CARDGVGQWLVRRVSAFDIW	1	-1	false
CARESGYCSSTSCLDAFDIW	1	-1	false
CAREVTHCSSTSCYYIDYYYYMDVW	1	-1	false
CARVYIVVPGWFDPW	1	-1	false
CARVMGDHNYYYYYMDVW	1	-1	false
CARGFRGDDFWSGYSLYYFDYW	1	-1	false
CARPKRRITIFGVVIIPHAFDIW	1	-1	false
CARSGSMMTTGTNTYYYYYMDVW	1	-1	false
CASYPSYCSSTSCPGRMDVW	1	-1	false
CARRSSSWEVVNFDYW	1	-1	false
CARLGRAVNWNAHW	1	-1	false
CARRVDFWSGYSGLIKGSDIRRGWFDPW	1	-1	false
CARLQRGVVPAAFFDYW	2	-1	false
CARLQDDFWSGYPYW	3	-1	false
CARLGQRDQPPEYYYYYYMDVW	1	-1	false
CARLGIVVVPAANDNWFDPW	1	-1	false
CARLQGGYCSSTSCYSGWFDPW	2	-1	false
CARLGNEAARPEYFQHW	1	-1	false
CARLKDYCTGGVCYSPYYYYYMDVW	1	-1	false
CARLFDFWSGYFDYW	1	-1	false
CARGNVVVPAAPFDPW	1	-1	false
CARKALTGSHAFDIW	1	-1	false
CARTYRTLGNVPVPYYW	1	-1	false
CARVVPAAIHYYYYYMDVW	1	-1	false
CALPYSSGVLDYW	1	-1	false
CARLLPRDGYKSKSYYFDYW	1	-1	false
CARLPRYSGSYYFDYW	1	-1	false
CARALGYCTNGVCGDYW	1	8	false
CARSDRIVVVITDNWAFDIW	1	-1	false
CARRPGGWELLEW	2	-1	false
CARHRDSGLVGYYYYGMDVW	1	-1	false
CARHLAAPWSDYGGNSELFSGMDVW	1	-1	false
CARHFPGYSYGYGMDVW	1	-1	false
CARHFNYDSSGYYLPRFDPW	1	-1	false
CARHSSHSSLGYW	1	-1	false
CARQTQPGVYYDSSGYYGLW	1	-1	false
CARPHEYSSSSGGSSYFDYW	1	-1	false
CARGVDSGSYPFDYW	1	-1	false
CARQAKNCSSTSCYDVRSVYYYYGMDVW	1	-1	false
CAITPLWFGDSGSGWVFDYW	1	-1	false
CATYSSGWGSGCDYW	1	-1	false
CAGRQLWSNALDYW	1	-1	false
CAKAVTTNWFDYW	1	-1	false
CAKDGEVGATTGYLNYW	1	-1	false
CAKDVYCSGGSCYGSLGVMEGDYW	1	-1	false
CAKSGWSSQHIVVVTAIEYYFDYW	2	-1	false
CAKEPVFIAVAVYFDYW	1	-1	false
CAKDHIAAVFYW	1	-1	false
CAKDGDTVDTAMYVGHFDYW	1	-1	false
CAKDAEKYSSSYPFPASYYGMDVW	1	-1	false
CAKDLAAAGRDGIDYW	1	-1	false
CAKDPTVYGSGIHSYMDVW	2	-1	false
CAKDPKRFEYSSSWFDPW	1	-1	false
CAKEQYGDYPDYYYYGMDVW	1	-1	false
CAKEYYDFWSGSHYYYYMDVW	1	-1	false
CAKDHAAHISSQLLLGYFDYW	1	-1	false
CAKDPRSGWYYSGMDVW	1	-1	false
CAKDFKTGTTNAFDIW	1	-1	false
CAKDLGTTGTQGFDYW	1	-1	false
CAKDYDPDYYDSSGYRYYYGMDVW	1	-1	false
CAKDDYYGSGSYYRDYYGMDVW	1	-1	false
CAKDAFYNYGGNSAFDYW	1	-1	false
CAKEKSSSGFDYW	1	-1	false
CAKELPYYGSGSYYNGGYGMDVW	1	-1	false
CAKGYGSSSSFYYYYMDVW	1	-1	false
CAKGEYSSGWYGDYW	1	-1	false
CAKGGSNSGYYYIQLYYFDYW	1	-1	false
CAKGKGVTAIHYYGMDVW	1	-1	false
CAKGFRFLEWFIDYW	1	-1	false
CAKVSANDFWSGYYTGAFDIW	2	-1	false
CAKVKVAGASGAFDIW	1	-1	false
CAKAAVVPAADTTYYYYYYMDVW	1	-1	false
CAKASYDYVWGSYHDYW	1	-1	false
CAKAASEFRFIWDVVVPADDYYMDVW	1	-1	false
CAKAGNADVGGENFDYW	1	-1	false
CAKARGSYYEYW	1	-1	false
CAKANKPSGSYLGYAFDIW	1	-1	false
CAKRKGTTSILWGGGAFDIW	1	-1	false
CAKSHYYDSSGYYW	2	-1	false
CAKLGVPAAPYYYYMDVW	1	-1	false
CAKVRGTHYYYYGMDVW	1	-1	false
CARDYVDTMVQGVINLQYYMDVW	1	-1	false
CARDSRSGYDSKFCFDYW	1	-1	false
CARDSVDAVSIAAAGIFDYW	1	-1	false
CARDSPNDGDFDYW	1	-1	false
CARDNSYDSSGYLDYW	2	-1	false
CARDDFWSGNHTVKVSFAWFDPW	1	-1	false
CARDLGRRATVTTFDYW	1	-1	false
CAREADDSSGRVFDYW	1	-1	false
CAREILNFDYW	2	-1	false
CARETGGFDPW	1	-1	false
CAREGLELFDYW	1	-1	false
CARESFSAYDAFDIW	1	-1	false
CARAYGYCSSTSCYALDYW	1	-1	false
CARAAPTYYGSGSYKDYW	1	-1	false
CARAVRFDWLLQSDAFDIW	1	-1	false
CARGQSDIVVVPAAILYTYYFDYW	1	-1	false
CARGPRGDGWYVNYYYYYMDVW	1	-1	false
CARGLVVVPAAMLEYYYYMDVW	2	-1	false
CARGRPGVGYCSSTSCWGYWFDPW	1	-1	false
CARGIRKYFDYW	1	-1	false
CARGSDHYFDYW	2	-1	false
CARGNSYCSSTSCYPRAATDYW	1	-1	false
CARVGAVAGPGDYFQHW	1	-1	false
CARVRDCSSTSCYFYSWATDAFDIW	1	-1	false
CARNLYAPDFWSGYYRNHYYYYYMDVW	1	-1	false
CARIQTERYCSGGSCYAESYYYYGMDVW	1	-1	false
CARPAHSGYYDFWSGYYALDYW	1	-1	false
CARPRGGYPHNWFDPW	1	-1	false
CARGGGSFYYGMDVW	1	-1	false
CARSYLCSSTSCYDSDAFDIW	1	-1	false
CARCVGYYDILTGYYMDYYYYMDVW	1	-1	false
CARSSYDILTGYYNREGDCFDYW	1	-1	false
CARGFLGQLVLDNWFDPW	1	-1	false
CARAVPRGGYDPTSYYFDYW	1	-1	false
CARAGRVCGGDCYSEFYFDYW	1	-1	false
CARQYYDILTGYYKGEFDIW	1	-1	false
CARGIVVVPAANYYYYYGMDVW	1	16	false
CARSIAARAEGGYYYYYGMDVW	1	-1	false
CASTNVVVTYAEYFQHW	1	-1	false
CASYSVGRNLRELDAFDIW	1	-1	false
CARVWVRGDHGMDVW	1	-1	false
CARDATCGSSGCQPAGDYW	1	-1	false
CARDRAVYNWFDPW	1	-1	false
CARDRRCSSTSCYTGYYYYYGMDVW	1	-1	false
CARAPPGCSSTSCYNDAFDIW	1	-1	false
CARGGDSSGYTVDYW	1	-1	false
CARLVVPAVSDYYYYYGMDVW	1	-1	false
CARIMGGYCSGGSCYSFDYW	1	-1	false
CARYTIAVAGTPARLGMDVW	1	-1	false
CARCTHGGKGTANYYYGMDVW	1	-1	false
CARVRGVRGSGSYYNEGLVGASEYNWFDPW	1	-1	false
CARDHKMYSSSWGYW	1	-1	false
CARDSHPTNPLSIVGMYYFDYW	1	-1	false
CARDNRWQPSLDNWNDGYW	1	-1	false
CARDWPLYGDYGPDYW	1	-1	false
CARDEGEYCSSTSCYERYYYYMDVW	1	-1	false
CARGSTPSYNWFDPW	1	-1	false
CARSDSGVGVVIAYYYYMDVW	1	-1	false
CARLPALGYCSSTSCYDFDYW	1	-1	false
CARQGVPAASNYYYYMDVW	1	-1	false
CARPDCSSTSCYVGDAFDIW	1	-1	false
CVLTIFGFYYMDVW	1	-1	false
CARTIESYYYYMDVW	1	-1	false
CARDYRSAVSLSYYYYYMDVW	1	-1	false
CARDPITMVQGVISVAGGYW	1	-1	false
CARDPGYSYGPSLYYYYYYMDVW	1	-1	false
CARDIKGDYYGSGSYFHYMDVW	1	-1	false
CAREGFLEWIDYW	1	-1	false
CARGHLGGGVVVVPAAMLGDQGKTFAFDLW	1	-1	false
CARSPYQLLNFGVGFDPW	1	-1	false
CARQRSCSSTSCYGVKGAFDIW	1	-1	false
CASSGVAGTSTGINWFDPW	1	-1	false
CASDSLGAGQFDYW	1	-1	false
CASQQVIVVVPAAIGSFDYW	1	-1	false
CAGELERRGAFHYYYYMDVW	1	-1	false
CATGRAQWLVNYW	1	-1	false
CVWGEHPENWFDPW	1	-1	false
CATARYGSDYRWNWFDPW	1	-1	false
CARGEEVVGWYLPMDVW	1	-1	false
CAKVAEPIVGAIGSFDYW	2	-1	false
CASVKGGSWYDDDYYYYYGMDVW	2	-1	false
CARLPYYYYYMDVW	2	-1	false
CTTDLSYVHYYYGMDVW	2	-1	false
CARDADFWSGAFDYW	1	-1	false
CARKSGGGKPEYFQHW	1	-1	false
CARVRGHNWFDPW	1	-1	false
CARAASNYYDSSGYLPPYFDYW	1	-1	false
CARAISARLEYYDSSGRYYYGMDVW	1	-1	false
CARASCGGDCYWNAFDIW	1	-1	false
CARAGTAMVTSGYYYYYYMDVW	1	-1	false
CARDPRGGYAVTTIDNYYYGMDVW	1	-1	false
CTRDEASREYSSSSRRRYYYYYYMDVW	1	-1	false
CTRGGYSYGYEFLVFDYW	1	-1	false
CTRGDIGDYW	1	-1	false
CTGDYGSLSW	1	-1	false
CTRRQQYCSSTSCFSPTETHDAFDIW	1	-1	false
CTRNGHYDFWSGPLGYYMDVW	1	-1	false
CTRELIVVVPAATRAYNWFDPW	1	-1	false
CTRDGPISTRVVPLPWAFDIW	1	-1	false
CTRDGRGVAATRGPRIYYYMDVW	1	-1	false
CTRDGGVVPAAMDTFDYW	1	-1	false
CTREYSNSLFVDYW	1	-1	false
CTRVGCSSTSCSDYW	1	-1	false
CTREDYDFWSGREGYFDYW	1	-1	false
CTRGDIVVVPAAMGAYYFDYW	1	-1	false
CTTDLPPRAGPDIVVVPAAMFYW	1	-1	false
CTRRMEYSNSGVRDYW	1	-1	false
CTRVGEVVVVPAAMLNYYMDVW	1	-1	false
CARGDAPWNYGGNVDYW	1	-1	false
CARGSLGLMVYAINHFDYW	3	-1	false
CARVGDIVVVPAAIDFGYW	1	-1	false
CARDSIVGATTFDYW	1	-1	false
CARARIAARPSLAGYW	1	-1	false
CARVLYVAAADSFREGHRDGMDVW	1	-1	false
CARDGGKGYSYGYYW	1	-1	false
VVVDFWRDYGMDVW	1	-1	false
CASTVTSSYYYYYGMDVW	1	-1	false
CAKGITMVRGVSGYW	1	0	false
CGRNPGYW	1	-1	false
CAKVEEVPAAIGFDYW	1	-1	false
CAKVGGRTPFDYW	1	-1	false
CAKVRGGYCSSTSCYTQSPDYW	2	-1	false
CAKVHGVGYW	1	-1	false
CAKVGHCSSTSCPNAYYYMDVW	1	-1	false
CAKVVVYYYMDVW	1	-1	false
CAKVASYDILTGYYKIRASAYYFDYW	1	-1	false
CAKVKVVVVAAHWGYFDLW	1	-1	false
CAKASHAFLEWQSYGMDVW	1	-1	false
CAKAPRQWLVLGYFDYW	1	-1	false
CAKALYCSSTSCYKKDAFDIW	1	-1	false
CAKATGFGVVIIPWFDPW	1	-1	false
CAKASGSSWYSRNNWFDPW	1	-1	false
CAKAGYCSSTSCHREDYYYMDVW	1	-1	false
CAKAHGYCSSTSCYNPYYYYGMDVW	1	-1	false
CAKAARFPW	1	-1	false
CAKATRRYCSSTSVPCYYYYYMDVW	1	-1	false
CAKEGKWDEDYW	1	-1	false
CAKEHSYDYGDYWDAFDIW	1	-1	false
CAKETYGDYVPFDYW	1	-1	false
CAKEKTVTTILGYYYGMDVW	1	-1	false
CAKDQPGIVVVILWNW	1	-1	false
CAKDQTYYYGSGSYPQFRRLIVYGMDVW	1	-1	false
CAKDHDFWSGYYFDYW	1	-1	false
CAKDLRVRRLRFLEWLFSGNMDVW	1	-1	false
CAKDLIAAAVYVGSWFDPW	1	-1	false
CAKDLGSSGDDDAFDIW	1	-1	false
CAKDLGIVVVPRTW	2	-1	false
CAKDLFVRCSGGSCRNWFDPW	1	-1	false
CAKDLRGYDFRSWFDPW	1	-1	false
CARHTGSGLYLDMRDVHYGMDVW	2	-1	false
CARSYDSSGLRYYGMDVW	1	-1	false
CARSGDLVYQPLLSPDYYGMDVW	1	-1	false
CVFDAQDAFDIW	1	-1	false
CAKDYSSSWYEVSLILFDYW	1	-1	false
CAKDTKISVQGVIAGTVYW	2	-1	false
CAKLWGWNGDDHYFDYW	1	-1	false
CAKGHHYGDYGYEPGDYW	1	-1	false
CAKDMGLGIAAAVSRGMDVW	1	-1	false
CAKDSLRGVGATEKPWAEFDYW	1	-1	false
CAKGGSGNFYGAADYW	1	-1	false
CAKDIGGGRGGYHFDYW	1	-1	false
CATGERGGEYYYGMDVW	1	-1	false
CAKDTLGYCSSTSCYDLANW	1	-1	false
CAKDVADIVVVPAAIPNYYYYGMDVW	1	-1	false
CAKAVEPSGWYGNWFDPW	1	-1	false
CARDPRYSYGSTYGMDVW	1	-1	false
CTTAGHLEWPIYFDYW	1	-1	false
CTTDTLQLGYCSSTSCYPPDYW	1	-1	false
CARGIGFGVYNMDVW	2	-1	false
CAGATPAPYYGMDVW	1	-1	false
CARGSIFGVVYPFDYW	1	-1	false
CAITPIVVVPAATSGGWFDPW	1	-1	false
CARARYSYGDYW	1	-1	false
CARDLIERVVVPAAIPFDYW	1	-1	false
CARQPYYYDSSGYYW	1	-1	false
CAYLVPAAIDAFDIW	1	-1	false
CAFEQLVPYYYYYYGMDVW	1	-1	false
CARDLAYYDSSGYYSGGDW	1	-1	false
CARDYGPEWLRLAYYFDYW	1	-1	false
CARDNIAYYDFWSGQTAFDYW	1	-1	false
CARVSRRITIFGVVTPRYYGMDVW	1	-1	false
CARMGPKRYCSSTSCYVDYW	1	-1	false
CASLIVVPAATYYYYGMDVW	1	-1	false
CARGTLWFRSPFDYW	2	-1	false
CARGDPTIVVVTADTPGEGDYW	2	-1	false
CARGDRPRRGPAELRFLEWLFDYW	1	-1	false
CARDLYSNHPFDYW	1	-1	false
CARDGMESSSWYLTSPYYYYYYYMDVW	1	-1	false
CARVRARRGDFDYW	1	-1	false
CATLDTAMATNKLFDYW	1	-1	false
CARDKGRNYDYVWGSYRSRDYYYYMDVW	1	-1	false
CARDRRGSLGATYYYDSSGYYFRNGMDVW	1	-1	false
CARDEGYDFWSGFRGLYYYYGMDVW	1	-1	false
CARDRPPYDFWSGYYTSVDDVGLDYW	1	-1	false
CARAQLWSGYTKYYYYYYGMDVW	1	-1	false
CARVPLAYCGGDCYLFYYW	1	2	false
CARGKRSNYYYMDVW	1	-1	false
CAREVYSSSSGMHYYYYGMDVW	1	-1	false
CVRDRVRFLEWGDGMDVW	1	-1	false
CAKDGEYCSSTSCYPYYYGMDVW	1	-1	false
CAKDLGKYYYDSSGYYPLYDYYYYGMDVW	1	-1	false
CAKDGDTYYYYYGMDVW	1	-1	false
CAKDLEGGGFGEFYGMDVW	1	-1	false
CAKDLEMATIGDAFDIW	1	-1	false
CANGPPAVAGSQSHYYYYYGMDVW	1	-1	false
CAKDIVATTPIDYYYGMDVW	1	-1	false
CAKAYYYDFVEAFDIW	1	-1	false
CARVDVW	1	-1	false
CARGIPYCSGGSCYSHYYMDVW	1	-1	false
CARGQRGVTTVSGWFDPW	1	-1	false
CARDLRGDIVVVPAANDNWFDPW	1	-1	false
CARVLDSSSSPSHYFDYW	1	-1	false
CARAGYCSSTSCRGAPFDYW	2	-1	false
CARSPYNWIQEGKFDYW	1	-1	false
CARRGNYCSSTSCYWNYFDYW	1	-1	false
CASSAYSNYYYYMDVW	1	-1	false
CVLIRGYCSSTSCQNRGYSYGDYFDYW	1	-1	false
CVRGGSSWQQFDYW	1	-1	false
CARDIPHDYYDSSGQDDAFDIW	1	-1	false
CAREMVVVNRADAFDIW	1	-1	false
CAGGYDYGDYRRHYYYYGMDVW	1	-1	false
CARDWGGILGGDYGDYYYYGMDVW	1	-1	false
CAVVAAAVVGFDYYYYYGMDVW	1	-1	false
CARDLRDIVLMVYESNYGMDVW	1	-1	false
CARDRTDPNSERRYYWFDPW	1	-1	false
CARDKAYYFDYW	2	-1	false
CARDIVVVPAESFPWVYYYYGMDVW	1	-1	false
CARDSYYDSSGYSDYYYYGMDVW	1	-1	false
CARDYYDSSGYLFSSYYW	1	-1	false
CARDCSSTSCYGSRLYYYYGMDVW	1	-1	false
CAREGSADTAINWFDPW	1	-1	false
CARAYLPIAVAGTGGLYYFDYW	1	-1	false
CARAWRGSGYSYGYIGYW	2	-1	false
CARARHYYGSGSLSWFDPW	1	-1	false
CATDSRLLNYMDVW	1	-1	false
CATEFHYDSSGYYANW	1	-1	false
CATMGTRRGYSYLRSAFDIW	1	-1	false
CATFYCSSTSCYGDAVYW	1	-1	false
CATPLSRYGITGTYGWW	1	-1	false
CATPRVGARGLWDYYYGMDVW	1	-1	false
CATSNSSSWKYW	1	-1	false
CARGDYDFWSGYFDYW	1	-1	false
CARNYYGSGKSAENYYYMDVW	2	-1	false
CARMTIFGVHYYGMDVW	1	-1	false
CARIRRFPAEGAGWFDPW	1	-1	false
CARIRLLANWVDYW	1	-1	false
CARILREKYCSSTSCYHRYYYYYMDVW	1	-1	false
CARIMTVGAAFDIW	1	-1	false
CARIVHDFWSGYPYFDYW	1	-1	false
CARIAYDFWSGTDAFDIW	1	-1	false
CARMMHQLHIYYYYYMDVW	1	-1	false
CARLHHSGVDYDYGGYDYW	1	-1	false
CARGRYWDAFDIW	1	-1	false
CARIRGSYCGGDVNDAFDIW	1	-1	false
CARVSGYCSSTSCYVGDAFDIW	1	-1	false
CARDGADIVVVPAAADAFDIW	1	-1	false
CARDMRITGTHPALAYYW	1	-1	false
CARDRDCSSTSCYSLGHRESPFDYW	1	-1	false
CARDRDYYGSGSADYW	1	-1	false
CARDRFSVVVAAHIDYW	1	-1	false
CARDVAQDIVVVPAAIDDDAFDIW	2	-1	false
CARDEDDFWSGYYDAFDIW	1	-1	false
CARDWDTAMAEDYMDVW	1	-1	false
CARDFPITMVRGVIFDYW	1	-1	false
CARDFPHFPKYYDSSGYPLYFDYW	1	-1	false
CARDYPPLLYSSGWYSPVNNYYYYGMDVW	1	-1	false
CARDTGYCSGGSCYSDAFDIW	1	-1	false
CARDKATVTPCYMDVW	1	-1	false
CARDKHFDWPYYYYGMDVW	1	-1	false
CARDKAVGATGYYYYGMDVW	1	-1	false
CAREGLFMLSNWFDPW	1	-1	false
CARDAQSITIFGVVRRYYYYGMDVW	1	-1	false
CARDVKGYSYGRTQFDYW	1	-1	false
CARGNWNDDAFDIW	1	-1	false
CARGWPPQFDYW	1	-1	false
CARGTQLTTVIPFDYW	1	-1	false
CARGWVVVAAMTIPPADYW	1	-1	false
CARGPLTGDLAVMGYW	1	-1	false
CARGQRPSGYYYVRVWHDAFDIW	1	-1	false
CARGDGKDIVVVVAATPHDAFDIW	1	-1	false
CARVPLSSWSGYYYMDVW	1	-1	false
CARVGGYCSSTSCYPYWYFDLW	1	13	false
CARVGGATVNYYYYYYMDVW	1	-1	false
CARLYDSSGYHFDYW	2	-1	false
CASLSITIFGVVIPPGLFDPW	1	-1	false
CARDTIGYCSSTSCYPLDYW	1	-1	false
CARGDGHNWNFRDAFDIW	1	-1	false
CWYYDFWSGF	1	-1	false
CASGEYDFWSGRDYW	1	-1	false
CAREGLIAARPGTSDYW	1	-1	false
CARDWEYW	1	-1	false
CARVGSSYWYFDLW	1	13	true
CARVHVRVGATTFFDYW	1	-1	false
CARALGREVVPAAKSRYFDYW	1	-1	false
CAREDIVVVPAAMSVGADLW	1	-1	false
CARDQSPRYYGSGSGTLDYW	1	-1	false
CARAITMVQGAHVSDAFDIW	1	-1	false
CAKDRRDDIVVVPATRTIFGGGPYW	1	-1	false
CAKDRWQWPLGYFDYW	1	-1	false
CAKDRRTEKTDYW	1	-1	false
CAKDRPAAGSTRHW	1	-1	false
CAKDRCSGGSCYSNWFDPW	1	-1	false
CAKDRLVATWPDHYYYGMDVW	1	-1	false
CAKDREINRYCSGGSCNYFDYW	1	-1	false
CAKDPYSSSWYPAEYFQHW	1	6	false
CAKDPGSIVVVPAASLAEDYYYYMDVW	1	-1	false
CAKDPMNKNYDFWSGYYTGSAAWFDPW	1	-1	false
CAKDPNWPPWQPLLDYW	1	-1	false
CAKDPYYYDSSGYHDAFDIW	1	-1	false
CAKDPRVAYCGGDCYNDYW	1	-1	false
CAKDGGEVAAAAGTFDYW	1	-1	false
CAKDGIAAPLGPNWFDPW	1	-1	false
CAKDVGNRGVIIFDPW	1	-1	false
CAKDVAGPDDFWSGYFFDYW	1	-1	false
CAKDIRAVAGTTFDYW	1	-1	false
CAKDSPRLGELSQYDYW	1	-1	false
CAKDRISLLDGSFDYW	1	-1	false
CAKDTNLWFGVPTSFDYW	1	-1	false
CAKDWAAAGRRNDYW	1	-1	false
CAKDLSPLEPSRDYYYYYGMDVW	1	-1	false
CAKDRRRITIFGVVDKPLDYW	1	-1	false
CAKDPALVVPAAIWVPPELGFDPW	2	-1	false
CAKDPPTTRGVTTKNDYW	1	-1	false
CSARPANYYYGMDVW	1	-1	false
CARAQSVPDFWSGYYRENYYYYGMDVW	1	-1	false
CATDPYGGYAFDYW	1	-1	false
CARNDAGGDYYYYYMDVW	1	-1	false
CASCGSGSPPNKCYYFDYW	1	-1	false
CASPTYYYDSSGYPNAFDIW	1	-1	false
CARDRTPLWFRELLSGLHDAFDIW	1	-1	false
CARDPSRMLFFDYW	1	-1	false
CARVPQTPYGDYGGWFDPW	1	-1	false
CARGRYYDFWSGYDYW	1	-1	false
CARGDGDDSSWFYYFDYW	1	-1	false
CARGGFIRFLEWLSSYWFDPW	1	-1	false
CARIPTYYYDSSGYQRGYYYGMDVW	1	-1	false
CARDALPFYLGRDGMDVW	1	-1	false
CAREEAVCSSTSCYEWFDPW	1	-1	false
CARDSVIWKRITILHGMDVW	1	-1	false
CARVAASGLPYW	2	-1	false
CARDGGSGVDYGEGSAHPPDYW	1	-1	false
CASTADKLFNLNQLLMGNNWFDPW	1	-1	false
CAKDLTPGDYW	1	-1	false
CAKDMYCSGGSCYSFDPW	1	-1	false
CARGRGISSSWVSYYYGMDVW	1	-1	false
CAKDKYGSGSSYMDVW	1	-1	false
CARGLRFLEPQNWFDPW	1	-1	false
CARVLRSVVPAANFYYYYYMDVW	1	-1	false
CAKDEEWWLRYYFDYW	1	-1	false
CAKDGGAYSSSTYYYYGMDVW	1	-1	false
CAKDGSTLFDDAFDIW	1	-1	false
CAKDRTVRGVIDGYYYGMDVW	1	-1	false
CAKDRGNIVVVPAAMSYYYGMDVW	1	-1	false
CAKDLGVTPFDW	1	-1	false
CAKDLYPSTYYYDSSGYHDAFDIW	1	-1	false
CAKDPGGSGPSAAIDYW	2	-1	false
CAKDPAGTTDDAFDIW	1	-1	false
CAKDPSIAAAGNRIGYFDYW	1	-1	false
CAKDKATGSRAYYYYYYGMDVW	1	-1	false
CAKDITVTTYYYYYGMDVW	1	-1	false
CAKDFSRGSYPGYGMDVW	1	-1	false
CAKDWLFGIAAAGTVDYW	1	-1	false
CAKDYYDTSLSFDYW	1	-1	false
CAKDSGYCSSTSYSQDSYYYYYGMDVW	1	-1	false
CAKDSRRGRFGESLGNNWFDPW	1	-1	false
CAKETSGSYEFE	1	-1	false
CAKEDPMPAYDPW	1	-1	false
CAKDPSPFSSGWYYFDYW	1	-1	false
CAKDGGYCSGGSCYSGYFDYW	1	-1	false
CAKAGATQLISHGMDVW	1	-1	false
CAKATVEYTIFGEYYYYYGMDVW	1	-1	false
CAKGRIAAAGALHW	1	-1	false
CAKGVGFIKSRGSYWDYFDYW	1	-1	false
CAKGEILYGSARVNYYYYGMDVW	1	-1	false
CAKGFPRYCGGDCYSAFDIW	1	-1	false
CAKTPLYGMDVW	1	-1	false
CANGPGYSYGHYW	1	-1	false
CANGYYDSSGYYHSAFDYW	1	-1	false
CANRGGKGAYYFDYW	1	-1	false
CANLRFGELLEDDAFDIW	1	-1	false
CAKVAPGVSGYDPLDYW	1	-1	false
CAKEDYYYDSSGPITYW	1	-1	false
CARVDSSGADGAFDYW	1	-1	false
CARGNDFWSGSYGMDVW	1	-1	false
CARGYCSSTSCYHYYYYGMDVW	1	16	false
CARFRRVVVVPAANNWFDPW	1	-1	false
CARSMIRDTAMVTGFGDYW	1	-1	false
CARRRGVVGATWDQKGHLDYW	1	-1	false
CARINIAVGIDYW	3	-1	false
CASFNLRGYYITSFDYW	1	-1	false
CAGAYYGDSSGSFDYW	1	-1	false
CARGAVTTLSFNVLPPVHW	1	-1	false
CARERYRVGSVDTAMAYDYW	1	-1	false
CARARYYYYYMDVW	1	16	false
CARTFYDFWSGYSVGYYFDYW	1	-1	false
CARGGRYSNSDPFNYYYMDVW	1	-1	false
CALFSTSHEARSDYW	1	-1	false
CASARAAATSYYYYGMDVW	1	-1	false
CAKGEVGYYYYGMDVW	1	-1	false
CVSDSNYVRSGYW	1	-1	false
CVLTGMVYAISLRGYGSGSLDYW	1	-1	false
CARGRDGMDVW	1	-1	false
CARGEHDFWSGYYSDYW	1	-1	false
CARGRYCSGGSCLPLDYW	1	-1	false
CARGRGYCSGGSCYPGGDWFDPW	1	-1	false
CARGRPGIVVVPAATDFDYW	1	-1	false
CARGRLRMDVW	1	-1	false
CARGLSIRFLEWLLSPFRYW	1	-1	false
CARGLDCPWRSEYQLLSCSYYMDVW	1	-1	false
CARGLDYW	2	-1	false
CARGVRFLERSSYYYYYMDVW	1	-1	false
CARGEQYDFWSGYYSYYYYMDVW	1	-1	false
CARDLRGRQQLGLYNWFDPW	1	-1	false
CARDLHPRFSVRGNAFDIW	1	-1	false
CARDPLSISYSSSWYEISEGWFDPW	1	-1	false
CARDEGEDIVVVPAATPFDYW	2	-1	false
CARDGPHLLGYCSSTSCLWGGFDYW	1	-1	false
CARDGMDIYYYYGMDVW	1	-1	false
CARDVLYRGYLDYW	1	-1	false
CARDIVVVPAAMPFFRLDYW	1	-1	false
CARDREGVPAAMWSGVYFQHW	1	-1	false
CARDSSGYYDYW	1	15	false
CARDSFGVPAAMRDAFDIW	1	-1	false
CARDYVEVEWLVPHDAFDIW	1	-1	false
CAREHYYPDYW	1	-1	false
CAREAPVAGRLGYW	3	-1	false
CAREIKVPAANYYYYGMDVW	1	-1	false
CAREYGPDCTNGVCSLW	1	-1	false
CARGGQVWVPAAIFDYW	1	-1	false
CARGAHSSSWYGTLGSYYYYYYMDVW	1	-1	false
CARGTGSSSEEGHYYYYGMDVW	1	-1	false
CARGHDFWSGRYYYYMDVW	1	-1	false
CARGKGKQLWLHSGWYFDLW	1	-1	false
CARVGLTEAAFDIW	1	-1	false
CARVRPEGVVKDYW	1	-1	false
CARVPVPAAKNLYYYYYMDVW	1	-1	false
CARVPAAMGWFDPW	1	-1	false
CARVPLTHYGDYAYLDYW	2	-1	false
CARVWDYGSGIATNGMDVW	1	-1	false
CARVDKVQGETRLYYYYMDVW	1	-1	false
CARAGPARDSYNYYYYMDVW	1	-1	false
CARFWTVTEYYYYGMDVW	1	-1	false
CARSTIFGVVTKDYW	1	-1	false
CARRVVPAARAGYYGMDVW	1	-1	false
CARRRYSSSLENW	1	-1	false
CARGQEADYYGSGSYPAGDYW	1	-1	false
CARGLRDGYKDYW	1	-1	false
CARGFEPLYGDYGHDYW	1	-1	false
CARLNYDFWSGYVDYW	1	-1	false
CARAFDGQTGWVYYWYYMDVW	1	-1	false
CARDGDYGEPGYW	1	-1	false
CARGRSNYDFVYYYYMDVW	1	-1	false
CARRSLTSGYYGEEFDYW	1	-1	false
CAVRGYSYGRNGFDYW	1	-1	false
AQISGWPDDYW	1	-1	false
CARGDCGGDCYLYYYYYYMDVW	1	-1	false
CARVNPLRGYSGYEGVALVWYW	1	-1	false
CARYIGTIVVVPAAMSYYYYMDVW	1	-1	false
CARDQVVTAIGYYYYYGMDVW	1	-1	false
CAREDRSSPPRKEFDYW	1	-1	false
CARHLPYSSGWYTRLWYFDLW	1	-1	false
CASLFDYYDSPIPGIGFDPW	1	-1	false
CTRLSPDIVVVPAAIW	1	-1	false
CARGYSGYDFAFDIW	1	-1	false
CASWSIETYNWFDPW	1	-1	false
CARDGEGFDPW	1	-1	false
CARDGGGIVVVVAAITYGMDVW	1	-1	false
CARVGRDFFVVPAATGLQRRRVSYYFDYW	1	-1	false
CARDLKFSVRSSFGPAPLSGYW	1	-1	false
CASPVLWGSSSRESLDYW	1	-1	false
CARSPRGATEYINPFDYW	1	-1	false
CARDYDFWSGYIDYW	1	-1	false
CAMTTVEVGPYYMDVW	1	-1	false
CARDRGDYFDYW	1	-1	false
CARDRVAVAGTEFDYW	1	-1	false
CARDLGYCSSTSCYDPAFDIW	1	-1	false
CAKDLGIAAAGIDAFDIW	2	-1	false
CAKDHMDVW	2	-1	false
CAKDQYCSSTSCYSVLSSHDAFDIW	1	-1	false
CAKDSGWYGW	4	-1	false
CAKDKMVGVSAGSYFDYW	2	-1	false
CAKDGNYYYDSSGYIAFDIW	1	-1	false
CAKDGITGTTFYYYGMDVW	1	1	false
CAKDDNYDILTGSNVAVDYW	2	-1	false
CAKEVVGW	1	-1	false
CAKEGRGNW	1	-1	false
CAKEDGYDFWSSWGWFDPW	1	-1	false
CAKERVYYDFWSGYSEFDYW	1	-1	false
CAKELGNWNRIYGAYFDYW	2	-1	false
CAKGARLQYPLRLSASWDYGMDVW	1	-1	false
CAKGGGRGLVTEFDYW	1	-1	false
CAKGFERRITIFGVEINSGILDYW	1	-1	false
CAKGRAMIVVVTIDFDYW	1	-1	false
CAKGPGYCSSTSCYYYYMDVW	1	16	false
CAKGGNIVLVVYERSVGEEDAFDIW	1	-1	false
CAKGGYSSSSSCDYW	1	-1	false
CAKGVKGYCSGGSCFLDYW	1	-1	false
CAKGAGIAVAYFDYW	1	-1	false
CAKGGHLLDSSGYYLIDYW	1	-1	false
CAKGRRLQKEKQWLEFDYW	1	-1	false
CAKPLYDYYDFWSGYPKRWGGIDYW	1	-1	false
CAKPLRSGPAGFDYW	1	-1	false
CAKPGIAIRGKAFDIW	1	-1	false
CAKRRDRAHYQLLWGMGGSFDYW	1	-1	false
CAKQLGAGDAFDIW	1	-1	false
CAKSLKKQWLVDFLLDAFDIW	1	-1	false
CAKSPRPVAGNERDWYFDLW	1	-1	false
CAKIMGMAFPELRAFDIW	1	-1	false
CAKIGPLYYYDSSGYSGGMDVW	1	-1	false
CAKILHGLPAAMTLVDYW	1	-1	false
CAKNHRLLPSSGWYDVGYW	2	-1	false
CAKKREKGYVGFDDYW	1	-1	false
CAKKQWLGPIDYW	1	-1	false
CAKTEYQLQREVNYYYMDVW	1	-1	false
CAKTDVGVTAIPLGYFDYW	1	-1	false
CARGRYYYDSSGYHLFFDYW	1	-1	false
CARVAYCSSTSCPRREPFDYW	1	-1	false
CASLLRPAAISGVSASDYW	1	-1	false
CARGRARWFRELSPLDIW	1	-1	false
CARDRKVFFPSEYYYYYYMDVW	1	-1	false
CARMYCSSTSCYRVKATVTKGKYFHHW	1	-1	false
CARGSTWIQLWSRGNFDYW	1	-1	false
CARGLGGSGWYGFLDYW	1	-1	false
CARGQAPIVVVPAAELHWFDPW	1	-1	false
CARGREEGSSTSWRKRYYYYYYMDVW	1	-1	false
CARGRWDIVRGRVLEYYFDYW	1	-1	false
CARGRITMVRGVINRIRAFDIW	1	-1	false
CARGRGRYYYYYMDVW	1	16	false
CARGRSVVVPAASVDYW	1	-1	false
CARGRYCTGGVCSWDYW	2	-1	false
CARGREGHLKKYQLLRTKRGGWFDPW	1	-1	false
CARGRRRSGYYTYYYYGMDVW	1	-1	false
CARGPRGSGSYYRDFDYW	1	-1	false
CARGPGRASDFWSGNPSIGYW	1	-1	false
CARGPVAPFRYYYYGMDVW	1	-1	false
CARGPNIVGATGGDYW	1	-1	false
CARGPTTFHYDILTGYYNWPSRTPYFDYW	1	-1	false
CARGPNPLDCSSTSCYAPPATSAPEYYFDYW	1	-1	false
CARGLGSSSDYW	1	-1	false
CARGEYSGYDRRIDDYW	1	-1	false
CARGVTAMRYFDYW	1	-1	false
CARGVFWSGYLDYW	1	-1	false
CARGGPRVPIVVVPAAMPVSERSIEHAFDIW	1	-1	false
CARGGAVTTFNYYNGMDVW	2	-1	false
CARGGGDGYNLYYFDYW	1	-1	false
CAKFFSVYYYDSSGALHFDYW	1	-1	false
CAKDRGGWELQKNEFDYW	1	-1	false
CAKDPSWKRGYGMDVW	1	-1	false
CAKERQYNWNDWRGDYYYYGMDVW	1	-1	false
CARDSVEYYYDSSGYYALYYYGMDVW	1	-1	false
CARGVEQQLGRYFDYW	1	-1	false
CARGPIEKRWLQSVGFDYW	1	-1	false
CARGFAARPDGPYYYYGMDVW	1	-1	false
CARGMLYSNYFDYYYGMDVW	1	-1	false
CARGSRGLEPHSGYW	1	-1	false
CARGRRGYSYGHVDYW	1	-1	false
CARGAYKLEPWFSLRGMDVW	1	-1	false
CARDPDPWFGEFRYGMDVW	1	-1	false
CARDEQIITYYYYGMDVW	1	-1	false
CARDLIEMATQNDAFDIW	1	-1	false
CARDLGGNSRGDAFDIW	1	-1	false
CARDQGSYGSYYFDYW	1	-1	false
CARDRRGSYLDYYYYGMDVW	1	-1	false
CARDPPDGPGDYW	1	-1	false
CARDGKPDSTYYDFWFSYW	1	-1	false
CARDGGDYYDSSGYYYDPHPIDYW	1	-1	false
CARDGGSRWLQIYYYYYGMDVW	1	-1	false
CARDGRIMITFGGVDFDYW	2	3	false
CARDISKSRAYCGGDCYEGIDYW	1	-1	false
CARETEYYYDSSGFSDAFDIW	1	-1	false
CARESIGGCSSTSCVYYYYYGMDVW	1	-1	false
CARVDYYDSSGYRDYFDYW	1	-1	false
CARGGPPRRITIFGVVITPYNWFDPW	1	-1	false
CARGGGSYRGGVDYW	1	-1	false
CARGCSGGSCYLYYYYYYGMDVW	1	17	true
CARGLGGYDFWSYW	1	-1	false
CARAHRLKHSNYYYYYMDVW	1	-1	false
CARALGWNPNKPTDYW	1	-1	false
CARDYLWSGYYYYYYYMDVW	1	-1	false
CARDGGYCSSTSCPHYYYGMDVW	1	-1	false
CARVYNSNYGVGIDYW	1	-1	false
CARVATATSDYW	3	-1	false
CARVRKQTRITIFVVVLDVW	1	-1	false
CARVGDSSSW	1	-1	false
CARVVEITIFGVVIPPYYYYMDVW	1	-1	false
CARPRDCSSTSCYVSYYYYMDVW	1	-1	false
CARRIVVVPAAIRGFDPW	1	-1	false
CARRSSGFLYYYYGMDVW	2	-1	false
CARLGQGYSSSWLPQYYYYYGMDVW	1	-1	false
CASLNQPRHIYDFWSGYYSGRMNWFDPW	1	-1	false
CASTGTTEADGMDVW	1	-1	false
CARPPGSTDDFWSGTHYYYMDVW	1	-1	false
CARARPIAARPNNYYYGMDVW	1	-1	false
CARWTRNKVAGTTLGGGFDPW	2	-1	false
CASPSHSGWGNAYYYYGMDVW	1	-1	false
CATSITIFGVVTIDYW	1	-1	false
CAKEGGSYYDFWSGYYTGYRNYYYYGMDVW	1	-1	false
CAKGYDFWSGYYYYYYYMDVW	1	16	false
CARIEYSSFWILPDW	1	-1	false
CASLHYDFWSGHSSGNWFDPW	1	-1	false
CAIRYCSSTSCPGFDPW	1	-1	false
CAILAVAGAKFDYW	1	-1	false
CARDNRGGSDWHFDYW	1	-1	false
CARSPIPEGRVVEFNYYYYYYMDVW	1	-1	false
CATSGTYYDFWSGYPAAFDIW	1	-1	false
CARFVVVPAAKSHYFDYW	1	-1	false
CARDAVRNIVTVGFDPW	1	-1	false
CARDRQEGSSWYWDYYYGMDVW	1	-1	false
CARETLDPHFDCSSTSCYAGNFDYW	1	-1	false
CARVLEYDYGDYALFDYW	1	-1	false
CARFVGTYYYDSSGYRYFDYW	1	-1	false
CAHRILTGYYFDYW	1	-1	false
CAHLRWISLRFLEWYGKTDNWFDPW	1	-1	false
CAHGWAVWYSSSWTFDYW	2	-1	false
CAHIPETMIAVAGIQDPPTSFDYW	1	-1	false
CAHSVYYYDSSGYYYPIKHFDYW	1	-1	false
CAHRLLWFGELREAWGFDYW	1	-1	false
CAHRPVAGAYYYYYYGMDVW	1	-1	false
CAHRTEGPHDFWSGWTFDWW	1	-1	false
CAHRSIRYSSSSRNWFDPW	1	-1	false
CALGMTTVTTYNWFDPW	1	-1	false
CAHRPYYRRDHSSSWYFAFDIW	1	-1	false
CAHRPVGYCSGGSCYSGWFDPW	2	-1	false
CAHRHCSSTSCFIDYW	1	-1	false
CAHRLYLRGWFDPW	1	-1	false
CAHRLGVGYDILTGYPRAFDIW	1	-1	false
CAHSRSFYGDYSPRFFAFDIW	1	-1	false
CARDLPSIAVAGPGYDYW	1	-1	false
CARDLSTGYYDSSGPEHKADYW	1	-1	false
CARDQDPIPYSSGWRTTLYYYYGMDVW	1	-1	false
CARDFEELIYYYYGMDVW	1	-1	false
CARDLLGCSSTSCYRYYGMDVW	1	-1	false
CARDYLKEDIVVVPAAMHAFDIW	1	-1	false
CARDGRAVYYYYGMDVW	1	-1	false
CARDGAIVSSSLDTW	1	-1	false
CARDGTSGYSYGYGWEYYYYGMDVW	1	-1	false
CARDDYGDPHYYYYGMDVW	1	-1	false
CARDTSSTSCYYW	2	-1	false
CARDRQSLRDAFDIW	1	-1	false
CARDLQWLVLDLVSDW	1	-1	false
CARDHNSYSSGWSYW	1	-1	false
CARDEDTAMASYYYYYGMDVW	1	-1	false
CARDIWSGYSYGIDTSVFDYW	1	-1	false
CAREGTYYDILTGYPDAFDIW	1	-1	false
CAREALQQLVARFNWFDPW	1	-1	false
CAREWCSGGREVCNYYYGMDVW	1	-1	false
CAREQGTRYDFWSGYYAGGGGHYYYGMDVW	1	-1	false
CAREVLMRMDYW	1	-1	false
CAREGCSSTSCYAGYGDAFDIW	2	-1	false
CAREGLLGYCSSTSCSDYYYMDVW	1	-1	false
CARGPDYMDVW	1	-1	false
CARGEYSSGIDYW	1	-1	false
CARGARRITMVRGIFGSPYFDYW	2	-1	false
CARGSITMVRGVILALDYW	1	0	false
CARVSEVGAQMRYFDYW	1	-1	false
CARVSTGTTFVFDYW	1	-1	false
CARVGSIAARRYYYYGMDVW	1	-1	false
CAKTAAGTPGLDYW	1	-1	false
CAKWDSSGYYTDAFDIW	1	-1	false
CAKSPWEWLPMGWFDPW	1	-1	false
CAKSRDYFVGKPDDYW	1	-1	false
CAKSLDIVVVPAANGGNWFDPW	1	-1	false
CAKSLSYYYDTDPLMDVW	2	-1	false
CAKFLSGQQLAELFDYW	1	-1	false
CAKFRVQPTRDLDYW	1	-1	false
CANAGRVVPAAW	2	-1	false
CANLLAVGMIVVAHFQHW	1	-1	false
CANLRISYSSSSTWSGWFDPW	1	-1	false
CAIGITMVRGVPVGYFDYW	1	-1	false
CAILRGRATVTSDYW	2	-1	false
CAIPPDAFDIW	2	-1	false
CARGGENVVVTASSDYW	1	-1	false
CARVYITIFGVALYYLDYW	1	-1	false
CASLGYCTNGVCGLGYYYGMDVW	1	8	false
CATDPPYSSSWFSLYGMDVW	1	-1	false
CATSRGSYVWGSYRFAEYFQHW	1	-1	false
CATQRVVAATRKLDGMDVW	1	-1	false
CAAREFGVVPFDYW	1	-1	false
CAPSPPRMDVW	1	-1	false
CVPTGTVLEWLPIPPDGYW	1	-1	false
CAKDRLEDYW	1	-1	false
CATLPDIVVVVAATGGGYW	1	-1	false
CARGASGGQLLAFGAFDIW	1	-1	false
CARGAGTIVVVPNPYYYYYYYMDVW	1	-1	false
CARGARYSSYCSSTSCYPAHPHPTTW	1	-1	false
CARGSYCSSTSCYFGGYYMDVW	1	-1	false
CARGSPSRSYCSSTSCYPPQYYYYYYYMDVW	1	-1	false
CARGTKYYYGSGSIFDYW	1	-1	false
CARGRSVWAGSNNYYYYGMDVW	1	-1	false
CARGRSNLFGLWIPDQPRGNWFDPW	1	-1	false
CARGIYALATVTRGEGYYYMDVW	1	-1	false
CARGNPNCSSTSCRRPFDYW	1	-1	false
CARGITMVRGATYYFDYW	1	0	false
CARGFHCSSTSCQDYW	1	-1	false
CARGFMTTVTGGDYW	2	-1	false
CARGLDYCTGGVCYTFGYNWFDPW	1	-1	false
CARGSGSGWYFGRSAFDIW	1	-1	false
CARGAKTKYRPHFDYW	1	-1	false
CARGDSLDLGAVYYFDYW	1	-1	false
CARGGRAGISIYYYYMDVW	1	-1	false
CARGGNYCSSTSCYVIRYYYYYMDVW	1	-1	false
CARGLVVPAARIYTPQSNSKGRGSYFDYW	1	-1	false
CARGRGKVQGVTLYYYYMDVW	1	-1	false
CARGTTVIVYYYYYYMDVW	1	-1	false
CARGELGYQLPYRLNWFDPW	1	-1	false
CARGRITIFGVVREFDYW	1	4	false
CARVGGYCSSTSCYKYYYYMDVW	1	-1	false
CARVGRYCSGGSCPIDYW	1	-1	false
CARVRAATKRLYYYYMDVW	1	-1	false
CARVRWYNWNYRTPGGVYYYYYMDVW	1	-1	false
CARVWSVDIVVVPAAKNASRFDPW	1	-1	false
CARVGRITIFGVVPLGWFDPW	1	4	false
CARYASGWFPSYYYYGMDVW	1	-1	false
CASLTSGSYYRW	1	-1	false
CARDQFLEWFSLLLIEDAFDIW	1	-1	false
CARDSSLVSGWYDYFDYW	1	-1	false
CAREGDWLRQWLVSPHFDYW	1	-1	false
CARDMSVVQGVIGPLDYW	1	-1	false
CASGDLRGYDFWSGYYRWAPYFDYW	1	-1	false
CITTVTSDWYFDLW	1	-1	false
CARDWRALVYYYYYMDVW	1	-1	false
CARDFGRSHYYYMDVW	1	-1	false
CARDFLVGMTTVYYYYMDVW	1	-1	false
CARDFDWLHHVGFDYW	1	-1	false
CARDLEEYSSGWYYFDYW	1	-1	false
CARDRAEGAIFGVIDAFDIW	1	-1	false
CARDREAVLDCSSTSCYALFAFDIW	1	-1	false
CARDRRAMRGGSDYW	1	-1	false
CARDRTIFGEDFDYW	1	-1	false
CARESGILWFRRDPWAPTPSYDYW	1	-1	false
CAREGWQLVGLYYYYYMDVW	2	-1	false
CARDAIGTDYGDYGFAFDIW	1	-1	false
CARVGITIFGVVTSPSPDYW	1	-1	false
CARVMSPQEYYDFWSGYNLFDYW	1	-1	false
CARGLPGYVAHPSHGGFDYW	1	-1	false
CARGESRFLEWTRYYYYYMDVW	1	-1	false
CARGDIVVVPAAIGFGPNW	1	-1	false
CARGASPRQLAAMANYW	1	-1	false
CARDRTSPISAKTNYYGSRTSYYKPIYGMDVW	1	-1	false
CARDSSGYYSGDDYYYYGMDVW	1	-1	false
CARDVGDFWSGFDYW	1	-1	false
CARGSVEDLWDDMGVVVAAPPYYFDYW	1	-1	false
CASWTSSRWFFDNW	1	-1	false
CARDNREASCFFDYW	1	-1	false
CARCRIAALTWYYMDVW	1	-1	false
CARANYDFWSGYQPPFDYW	1	-1	false
CARRALDYGDYSPDRGYYYYYMDVW	1	-1	false
CARELGSYGRYYFDYW	1	-1	false
CARERITIFGVVEKGDINAFDIW	1	-1	false
CAREVVVVPAAMWFCYMDVW	1	-1	false
CARDGGSDYDILTGYYYYYYMDVW	1	16	false
CAREDGNYDFWSGYYPPLSGYYMDVW	1	-1	false
CAREMDSFSVFRVYYMDVW	1	-1	false
CARDAGYCSSTSCSRHFDYW	1	-1	false
CARASHYYGSGTPRDYYYMDVW	1	-1	false
CARGGGVFSSTDVYYYYYMDVW	1	-1	false
CARGLEGHWFDPW	1	-1	false
CARVGYCSGGSCYSLSWFDPW	1	-1	false
CARVSGDAYYYYMDVW	1	-1	false
CARVGAAAGTPARDYYYYYMDVW	1	-1	false
CARFLGYFGGSGSYSAPQEKYYYYYYMDVW	1	-1	false
CARSYCSSTSCSDYW	1	-1	false
CARVPFQILGRPDPHYYYYMDVW	2	-1	false
CARGLVQGVIPSYYYYYMDVW	1	-1	false
CASSIFGVVINHYYYYYMDVW	1	-1	false
CAHYHPYYYGSGSYYPGNWFDPW	1	-1	false
CAHRRVVPSKPGYYMDVW	1	-1	false
CAHLGYCSGGSCYQTPRFDPW	1	-1	false
CAHLAYCSGGSCYSAGLGYYYYYMDVW	1	-1	false
CARGYCSSTSCYGLDAFDIW	1	-1	false
CARTMVRGLMDVW	1	-1	false
CARNADSSSWYGPGVQNYGMDVW	1	-1	false
CARHLSMGYSSGWYWYW	1	-1	false
CATEVRDIVLMVESYGMDVW	1	-1	false
CARHGSTVTTGGRGWFDPW	1	-1	false
CARHRRAGSLAPDYW	1	-1	false
CGRRIMITFGGVIVNTFDYW	2	-1	false
CARTILQYYDFWSGYSDAFDIW	1	-1	false
CARRLYSYGFGSGLEGWYFDLW	1	-1	false
CARHNRAAAGRIKYW	1	-1	false
CARHTIVVVPAAMDYFDYW	1	-1	false
CARHVHDLPLYYYYYYGMDVW	1	-1	false
CARHGGSWFGDYYYGMDVW	1	-1	false
CARHGGVDDFWSGYYTDYYYGMDVW	2	-1	false
CARHALSRWELGGSFDYW	1	-1	false
CARHWVVPEPTERGVAYYYGMDVW	1	-1	false
CARHYAVTTVGGTYYFDYW	1	-1	false
CARHSKWLEYFDYW	1	-1	false
CARHPPPDYYDFWSGDQFDYW	1	-1	false
CARQGPGYSYDFDYW	1	-1	false
CARQGYCSSTSCPDLPHYYYYGMDVW	1	-1	false
CARQEQLVWDYW	4	-1	false
CARQRSGYSYVKYYYYYYMDVW	1	-1	false
CARQYWVVTPAGFDYW	2	-1	false
CARQFLLSPGIAAPRGYYYMDVW	1	-1	false
CARQRPNYDFWSGWHGGKEYYYYYYMDVW	1	-1	false
CAKEENTVAARDWFDPW	1	-1	false
CARETEGNFDYW	1	-1	false
CARLQGDIVVVPAAYVDYW	1	-1	false
CARVGRDKSVIGAGVDYW	2	-1	false
CAKELGEFIDMVRGVTTDYW	1	-1	false
CARDRVLTTVTLHFDYW	1	-1	false
CARAQANYGDYAVGDAFDIW	1	-1	false
CARVMVRGVSRNFDYW	1	-1	false
CARAGGNSSSWYEFDYW	1	-1	false
CARVSRYDFWEFDYW	1	-1	false
CASSRGYSYGYQQKW	1	-1	false
CARPGNPPLTVSDVYYYYYMDVW	1	-1	false
CARWARAAAGTRAMAPREYYYYGMDVW	1	-1	false
CATRIDYDFWSGRNMMFDPW	1	-1	false
CTVSGRITIFGVVITAEYFQHW	1	-1	false
CARGVDTASLPEDPFDYW	1	-1	false
CARMEALDCSSTSCYGRDFDYW	1	-1	false
CARDQSGYCSSTSCYAPGTQQRKHYYYYYMDVW	1	-1	false
CARDRRSSAFDIW	1	-1	false
CARDRRYQGFDPW	1	-1	false
CARHGSSWTPFDYW	1	-1	false
CARHLIPTVTTYYYYYMDVW	1	-1	false
CARLLVGIYRFLDNDAFDIW	1	-1	false
CARVSLVYYYYGMDVW	3	-1	false
CARSKYSFDAFDIW	1	-1	false
CAKDRLIDPLYGMDVW	1	-1	false
CARDPSSSWYGEDYW	1	-1	false
CAATVTPSQSSYYYYYGMDVW	1	-1	false
CAKSYYYDSSAGWTFGAFDIW	1	-1	false
CARDLVVAYGSGIDYW	2	-1	false
CARWGYSSSSRLYYYMDVW	2	-1	false
CASTVVPAARSVGDAFDIW	1	-1	false
CARVYYDILTGSNWFDPW	1	-1	false
CAKASAPYYDFWSGPKDYW	1	-1	false
CARGGGVINLLSPGSYNGMDVW	1	-1	false
CARVLWGAKYSSSWYPPHYGMDVW	1	-1	false
CARWPDASELYYDSSGYYYEKPRDQYYGMDVW	1	-1	false
CAMRGYSYGSGTNVQYYYYGMDVW	1	-1	false
CARDSYVGLLREYYFDYW	1	-1	false
CARDCSSTSCYIASDPSDYW	1	-1	false
CATDSRIAVPPSHYRQGGFDYW	1	-1	false
CARDLYNWNYIPSYYYYGMDVW	1	-1	false
CARKGEYYDFWSGYYTGMDWFDPW	1	-1	false
CARDRWGDRYNWNSDKYYYYYYGMDVW	1	-1	false
CARDFILSHYGDYAPGDYW	1	-1	false
CARDGANVDAFDIW	2	-1	false
CAKDSQPIKYCSSTSCPELAPW	1	-1	false
CARGVPSWKSIAVAGTWFDPW	1	-1	false
CAREGIAAAGNYYYYYMDVW	1	16	false
CAREYAFGGVKGNAFDIW	1	-1	false
CARGGWSGYYRGDWFDPW	1	-1	false
CARVTCSSTSCYALSPTFDYYYMDVW	1	-1	false
CARSYGDYVDGYYYYYMDVW	1	-1	false
CARSSHPRTTGTTSRDYW	2	-1	false
CARTRPAYDFWSGYYLFDYW	1	-1	false
CAKRSSKGDYGDYGYYYYGMDVW	2	-1	false
CAKLTMIVVTIGVVDYW	1	-1	false
CARGRKWGTSQTYYYMDVW	1	-1	false
CARGSGDYEDAYYYGMDVW	1	-1	false
CARVAYYDFWSGFGYYMDVW	1	-1	false
CARLSQPHTFGGVIVIDYW	1	-1	false
CASSLTYDFWSGYYTGDYYYYYYMDVW	1	-1	false
CATYGWFDPW	1	-1	false
CARGFGPHW	1	-1	false
CARGRVYYDILTGYYLKPPIFDYW	1	-1	false
CARAYCGGDCPPYYYYGMDVW	1	-1	false
CARDQGGRYCSSTSCYKLVYYYGMDVW	1	-1	false
CAREVGGSGSFKGGLVSDYW	1	-1	false
CATYYYDSSGVDYW	1	-1	false
CAREPLARQQLATGFDPW	1	-1	false
CARKVGYCSGGSCYSTRLGSDFDYW	1	-1	false
CARHDVVPDLTDAFDIW	1	-1	false
CARHGHLMVRGGMDVW	1	-1	false
CARHAHGSYLDNHDAFDIW	1	-1	false
CARHLVSDFGVVAYYYYGMDVW	1	-1	false
CARVIRGSGSRYFDYW	2	-1	false
CARAGAIFGVVINTPLDPW	4	-1	false
CARAGDCSSTSCHYYFDYW	1	-1	false
CARAERVQGRWGLLDYMDVW	1	-1	false
CARARDDFWSGLSLNYYYYGMDVW	1	-1	false
CARAPIVVVPAAPYYYYYMDVW	1	-1	false
CARAPTIFGVVDTNYFDYW	1	-1	false
CARAHYDFWSGYAQIAYYYYMDVW	1	-1	false
CARNPYCSSTSCPTGW	1	-1	false
CARTGEPGYCSGGSCYFEYFQHW	1	-1	false
CARRVYDILTGYYESGEPSYYYYMDVW	1	-1	false
CASSPTEEKWLVLSGSGEYFQHW	1	-1	false
CASLYSSSYYYYGMDVW	2	-1	false
CASQTDTAMGIERLNW	1	-1	false
CASGGPLRPIDYW	1	-1	false
CASSPYYDFWSGYSSDYW	1	-1	false
CATFRNDYSNYDRYIGDYYYYYGMDVW	1	-1	false
CATYRAGIAVAGTDYW	1	-1	false
CARMVPDYGDGYYYYGMDVW	1	-1	false
CARSIAVAGTPGYW	1	-1	false
CASGWSTVPRRGCSSTSCYDYWYFDLW	1	-1	false
CAREGITIFGVAGSLGYYMDVW	1	-1	false
CARDLSPSSGWYYYYYGMDVW	1	-1	false
CARDYGDYVECWFDPW	2	-1	false
CARGESSGSYKDW	1	-1	false
CARGARVDTAMGGHAFDIW	1	-1	false
CAREEGLHCSSTSCYISRHYYYYYMDVW	1	-1	false
CAKFFASSTIFGGNDYW	1	-1	false
CAKDRATGSQGYMDVW	1	-1	false
CAKDPPGYYYGSGSGGSWFDPW	1	-1	false
CAKADFADYYDSSGYYRAPEFDYW	2	-1	false
CAKLDYW	1	-1	false
CAKPIDFWSGYYYPYFDYW	1	-1	false
CAKSGYNWNRPAPVDYW	1	-1	false
CAKVYGRAYYMDVW	1	-1	false
CAKGVMGWLRGYFDYW	1	-1	false
CATHTTVTTISLFDYW	1	-1	false
CAKRKYSYGYNYFDYW	1	-1	false
CAKALVGYCSSTSCYAPESAYYYYYYMDVW	1	-1	false
CAKDRSVFGYYGSGYW	1	-1	false
CAKDRRGGLWCSSTSCYPFDYW	1	-1	false
CAKSLTPYGSSWYDLCFG	1	-1	false
CAKKGYCSSTSRCYGMDVW	1	-1	false
CAEVGYENRIVVVPAATYYW	1	-1	false
CAKSGRGGLLRDTAYFDYW	1	-1	false
CAKGGGDVW	1	-1	false
CAKAYNDFWSSSHDYYYGMDVR	1	-1	false
CAKDPYYYDSSGYYHGGADYW	1	-1	false
CAACYDSSGYYYFGGHYFDYW	1	-1	false
CAKDGSGRRYYYYYMDVW	2	-1	false
CARVLGPVWSGYYIDYW	1	-1	false
CARVGPITAMGFAGGMDVW	1	-1	false
CARVDIVVVPAAIRYYYYYYMDVW	1	-1	false
CARVGGGNTVTTRPRYNWFDPW	1	-1	false
CARVGCSGGSCYYVFFDYW	1	-1	false
CARAHYDFWSGYWFDPW	1	-1	false
CARAPRSELGRRRWYFDLW	2	-1	false
CARAPPEKEDAFDIW	1	-1	false
CARACFSSSCLDYYYYGMDVW	1	-1	false
CARAPGHRYCSSTSCYKRNWFDPW	1	-1	false
CARAVGSDNKYQLLQSDDYYYMDVW	2	-1	false
CARAVTMAWWFDPW	1	-1	false
CARAGLYYYDSSGYYYNWFDPW	1	-1	false
CARALATIFGATALDYW	2	-1	false
CARALVPAANLPLVWFDPW	2	-1	false
CARDRGYYGSGSYSYYFDYW	1	-1	false
CARDLRFLEWLLSHKNSYYYYYGMDVW	1	-1	false
CAREYYDFWSGGYYFDYW	1	-1	false
CARERVDTAMATRGYYYYGMDVW	2	-1	false
CAREIRYSNSYNWNPFDYW	1	-1	false
CARDCSSTSCYGVDYW	1	-1	false
CARDGSFGNYDILTGYLQHYYFDYW	1	-1	false
CARRSPSYDFWSGYYPPWCFDYW	1	-1	false
CARRPPSFIGNYYYYYMDVW	1	-1	false
CARLGPAAKRWEFRYYYYYMDVW	1	-1	false
CARLPLNYYDSSGYYYNGMDVW	1	-1	false
CARSRGNGARRSKLGRTSCCNWFDPW	1	-1	false
CARLNGDWNYFVAYW	2	-1	false
CARLGGYCSSTSCYAGYYYYYYMDVW	1	16	false
CARFDGGSAPYRYYFDYW	2	-1	false
CARRILTVYYTPYDYYYGMDVW	1	-1	false
CARSPFWSGYYIHYYFDYW	1	-1	false
CARSTVVTQDYW	1	-1	false
CARAPPYYDFWSGPSPGGYYYYYYMDVW	1	-1	false
CARALGGYWNPLMNWFDPW	1	-1	false
CARASSVVAGSRGPLRYW	1	-1	false
CARAQIVVVPAAISYYYMDVW	1	-1	false
CARSGGDENYYYYYMDVW	1	-1	false
CASPYQLPGLFDYW	1	-1	false
CASLLGYCSSTSCTSGDYW	1	-1	false
CASGSIFGAPTVDYW	1	-1	false
CARSLSKLEPGYFDYW	1	-1	false
CARVEYQLLGTMDYW	2	-1	false
CARDGAGQTVTALRYYYYYMDVW	1	-1	false
CAGSPTGSYGPRLWGYYYYGMDVW	1	-1	false
CARVRILRGYGDYVPGLWPYYYYYGMDVW	1	-1	false
CAREEDYYDSSGYFAEYFQHW	1	-1	false
CAKVFTRFLEWLSPLGYYYYGMDVW	1	-1	false
CARDITLYYDFWSGYYHDAFDIW	1	-1	false
CARDQDMITFGGTKKTGDYW	1	-1	false
CARDGPYCSSTSCYSSNEYYYYYYGMDVW	1	-1	false
SARYNWNDDAFDIW	1	-1	false
CARPIFGVVMWTIHYGMDVW	1	-1	false
CARAVWDDYGTTRGVSWFDPW	1	-1	false
CAKETHYRGSGSYASMDVW	1	-1	false
CAREHPESYDSSGYYYLGGTNWFDPW	1	-1	false
CARDGAYCSGGSCPFYYYMDVW	1	-1	false
CAKDRRGDQRWLQSSNYYYYGMDVW	1	-1	false
CARSGESQWELVADFDYW	1	-1	false
CASYQLLPGGYYYMDVW	1	-1	false
CARDGGDSNW	1	-1	false
CARGRGGSGLRNWFDSW	1	-1	false
CTKAAGTVHHKYAMDVW	5	-1	false
CAREPSDYGDNRYEYYYYGMDVW	1	-1	false
CANENLPGTGFW	1	-1	false
CARDAPKGNGGVFDIW	1	-1	false
CATNDFWSGYPSFDYW	1	-1	false
CARDAPYCSSTSCYVLDPW	1	-1	false
CARTRETDKMIVVVSTGDAFDIW	1	-1	false
CARDYADSSGGNAFDIW	1	-1	false
CARGPGYSYGRPRYW	1	-1	false
CAREDAFGGDWGYFDYW	1	-1	false
CAREAYKGPDYW	1	-1	false
CARDTSPISGSYSEFDYW	1	-1	false
CARDQSGYCSSTSCYTFAFDIW	1	-1	false
CARDLVFREPYTAMVSYWYFDLW	2	-1	false
CARATPGIFGAIDHYGMDVW	1	-1	false
CARARVITFGGVIVIPGVLDYW	1	-1	false
CARAGIVLMVYARGNWFDPW	1	-1	false
CARASYGIFGVVPGPFDYW	1	-1	false
CARVPFGESAKTHYYFDYW	1	-1	false
CARVGRITMIVVANGWFDPW	1	-1	false
CARSVWFGEYLYYGMDVW	1	-1	false
CASSVVAAEIDYW	1	-1	false
CASGSVSGEVFDYW	2	-1	false
CASRSGYYSIDYW	1	-1	false
CAAAVAQGWKHRGAFDIW	2	-1	false
CARGYSYGKDWFDPW	1	-1	false
CARTLGYCSGGSCPGWFDPW	2	-1	false
CARGVGAQNYDFWSGYPYYYYMDVW	1	-1	false
CARTITRYSYGPHFDYW	1	-1	false
CARTRYCSSTSCYNSYWYFDLW	1	13	false
CARDLLYW	1	-1	false
CACGTADNWFDPW	1	-1	false
CARQSAADGQIYYYYGMDVW	2	-1	false
CARQAPRKDRPYFDYW	1	-1	false
CARHPTYYDFWSGYYTWNAFDIW	1	-1	false
CARHHAVDIVVVPAAIDYW	1	-1	false
CARRMIAAAGHDAFDIW	1	-1	false
CARRRLRFSKKYNWFDPW	1	-1	false
CARLGADYDFWSGYYTYGMDVW	1	-1	false
CARLVVQGVITNWFDPW	1	-1	false
CARLGSGKSDYW	1	-1	false
CARLHIVVVPAAQKEDYW	1	-1	false
CARLRYSSGWDFDYW	1	-1	false
CARGGLTTYYW	1	-1	false
CARGYCSSTSCYVEEYFQHW	1	6	false
CARVLRFLEWEHDYW	1	-1	false
CARYDFWSGYKASFDYW	1	-1	false
CARWDILYYMDVW	2	-1	false
CARSNGVWFGEYSQPEFWFDPW	1	-1	false
CASRDYGDLPYYYYYYMDVW	1	-1	false
CASLSTSYNWNRNDYW	1	-1	false
CASTREDIVVVTGYYFDYW	1	-1	false
CASISGGSGSYYYYYYYMDVW	1	16	false
CARAEFVVVPAAMLFYRHWFDPW	1	-1	false
CARSSWDW	1	-1	false
CAMTRLLWFEGDRDYW	1	-1	false
CAEGQSIAARPGSGYYYYGMDVW	1	-1	false
CTRDGSEYSSPVPLGVW	1	-1	false
CTRDGVAARRPGYYYYYGMDVW	1	-1	false
CTRDGRQWLPLPGFDYW	1	-1	false
CTRADYGDSLFDYW	1	-1	false
CTRSTAPSFQHW	2	-1	false
CTRSQYYYDSSGYYYVGPSPYGMDVW	2	-1	false
CTRDSVQLWFESILGDYW	1	-1	false
CTRIIAARPPFALSYYYYGMDVW	1	-1	false
CTRDSNDYGDYYNWFDPW	1	-1	false
CTTDTKVYYDSSGYTLYYFDYW	1	-1	false
CTTGSGLIGSSWYLFLSTSTEREDNYYGMDVW	1	-1	false
CTTEGSITIFGVVILITGMDVW	1	-1	false
CTTETSLITIFGVVKDYYYYYYMDVW	1	-1	false
CTTDLEYSTIVVVINKIDAFDIW	1	-1	false
CTTFLVPAAILKGMDVW	1	-1	false
CTTDGLHDYGDYFGYFDYW	1	-1	false
CTTDGEQQLVMYISDYW	1	-1	false
CTTDPYETLTGYGWVDPDYW	1	-1	false
CTTDRLSHIVVVPAADAPYYGMDVW	1	-1	false
CTTDLLQDIVVVPAAMTSAVDYW	1	-1	false
CTTDIVVVPAAANNYYYYYMDVW	1	-1	false
CTTEGGGHDFWSGYYNLNTFDYW	2	-1	false
CTTEGSGYYYVAFDIW	1	-1	false
CTTVPYGDYEELKGNW	1	-1	false
CTTGFGWVVVISNGADYW	1	-1	false
CTTGGAPTLARTIPFDYW	1	-1	false
CTTGTEVVDTSLGAFDIW	1	-1	false
CTTATGGYCSSTSCYGVDVW	2	-1	false
CTTAYNWNSAVYW	1	-1	false
CTTLLGYCSGGSCYGYGMDVW	1	-1	false
CTTLETTVTTSDAFDIW	3	-1	false
CTTTRWHSSSSRYYYYGMDVW	1	-1	false
CTTTLISYCSSTSCYYFDYW	1	-1	false
CTTSPGDYYYYGMDVW	1	-1	false
CTTDPLLLGYCSSTSCYRYFDYW	1	-1	false
CTTGAGYCSSTSCYGW	1	-1	false
CTTLGELGSDYW	1	-1	false
CTTISVIAVAAVRYYYYGMDVW	1	-1	false
CTTKFPACSSTSCHGGFDYW	1	-1	false
CTTGKNQLLSDYW	2	-1	false
CLGGLRW	1	-1	false
CASRHYDFWSGYLRFDPW	1	-1	false
CAREHCSSTSCYGYYYGMDVW	1	-1	false
CARAQAFQLVWEGSGELDYW	1	-1	false
CAREIGAPQQYYYYIDVW	1	-1	false
CARVDIVVVPAAITYYYYYMDVW	1	-1	false
CAKSIAARLDWFDPW	1	-1	false
CAAHRGSSNWGYFDYW	1	-1	false
CARKRSGGDLDYW	1	-1	false
CARDLVGATSALPLGGDYW	2	-1	false
CARVGSSSSWYDAFDIW	1	-1	false
CARAASRKKDYYDSSGYYSWYFDLW	1	-1	false
CASSYYGSGSYLAW	1	-1	false
CATSGEVEAFDIW	1	-1	false
CARDLGDSSGYSGYYYYGMDVW	1	-1	false
CARDQGQGVIGNSSGWYYW	2	-1	false
CARDRVATIPNYYYYMDVW	1	-1	false
CARDRGDGYNDYW	2	-1	false
CARDIGVTMVRGVMVSGWFDPW	1	-1	false
CARDYYDILTGYLYYFDYW	2	16	false
CARDDSQGAFDIW	1	-1	false
CARELVGSMDVW	1	-1	false
CAREGNGYSDYW	1	-1	false
CAREAWLEATMGGWFDPW	1	-1	false
CARESCSGGSCYSGWFDPW	1	-1	false
CARADKVPAAIWRGYYYYMDVW	1	-1	false
CARAWTDYGDYNYYFDYW	2	-1	false
CARAARIQLWTYYFDYW	1	-1	false
CARARSSGYYYRAFDIW	1	-1	false
CARGWAYSSGWYNPTGGAFDIW	2	-1	false
CARGVVVVVPAAILSYYMDVW	1	-1	false
CARGEYYYGSGSLFDYW	1	-1	false
CARGPWVDFWSGYYSYW	1	-1	false
CARGDDFWGEFDPW	1	-1	false
CARGDSSNYYYYYYMDVW	1	-1	false
CARVRRVWFGDQSEGYFDYW	1	-1	false
CARVADILTGWWYGMDVW	1	-1	false
CARVKGGSSWYDAFDIW	1	-1	false
CARVGRVPAADNYYYYYYMDVW	2	-1	false
CAKDTHYGDYVLFW	1	-1	false
CAKARLRQLTTVTTSNYFDYW	1	-1	false
CAKDRGFLEWYFDYW	1	-1	false
CANGYCSSTSCSRGNFDYW	1	-1	false
CAKEGASGGDIVVVPAAIDYW	1	-1	false
CAKSEDIVVVPAAFGGRVYYGMDVW	2	-1	false
CAKDADYGGNTYLDYW	1	-1	false
CAKDGSSPTLEQGRRASKGYYYYGMDVW	1	-1	false
CAKDRSYGGNPPNWFDPW	1	-1	false
CAKDPSTYYDFWSGITPSAFDIW	1	-1	false
CAKSPLTDMYFDYW	1	-1	false
CARDDYGDVRRAFDIW	1	-1	false
CAKSWRGSSWSGFDYW	1	-1	false
CARHQSVDSSLFGMTSDPFDIW	1	-1	false
CADGYGINAFDIW	1	-1	false
CARLSPGDCSSTSCPHDAFDIW	1	-1	false
CAKTFHVVPAATGPFDYW	2	-1	false
CARLTGGYCSSTSCQEFNYW	1	-1	false
CAKDRGYSYLRQPIDYW	1	-1	false
CARGRRDGYNYLATDFDSW	1	-1	false
CAKDIRGRACSGTSCSVFDYW	1	-1	false
CAKDKWEYSSGWFDYW	1	-1	false
CAKDMGGVAAPDLQANYYYYYGMDVW	2	-1	false
CAKDMQPAGGGDYDTEFDYW	2	-1	false
CAKAEIAVAVAGTYYYYMDVW	1	-1	false
CASGIVGATTTDWYFDLW	2	-1	false
CAKAILVRGVERMFDYW	1	-1	false
CAKDGSEGIFGVVRGVDSYYYYGMDVW	2	-1	false
CAKDMGGDCTNGVCLYYYYGMDVW	1	-1	false
CAKDLSDRGYSYGTQGPFDYW	1	-1	false
CAKDIGIQLWLRAFDIW	2	-1	false
CAKDMLVEGGFDIW	1	-1	false
CARMGPRGGLYYYYYYMDVW	1	-1	false
CARGPRVVPAAIFARFWFDPW	1	-1	false
CARGVLGYCSSTSCHYYYYYMDVW	1	-1	false
CARGRTRYCSSTSCYVDYYYYYMDVW	1	-1	false
CARAIQQPAAADYW	1	-1	false
CARRLMRYYYYYMDVW	1	-1	false
CARCITIFGVVIYYMDVW	1	-1	false
CASRGCSSTSCRGPFDYW	1	-1	false
CASMGVKYQLPANMDVW	1	-1	false
CASKGGCSSTSCQIDIW	1	-1	false
CASSRGVWFGELYVPSTFDYW	1	-1	false
CASQRFLEWFVRRGAAFDIW	1	-1	false
CASSRRYCSSTSCPEQEEGQQLVPDYW	2	-1	false
CANVIAAAGNHSGDAFDIW	2	-1	false
CATSRRYYYGSGSYYRW	1	-1	false
CAAPPAVADRRFDYW	1	-1	false
CAVTYYYDSSW	1	-1	false
CASAGYNWNYSTRRSPFPFHYW	2	-1	false
CARSVEITPDDIVVVVAATGYYYYYMDVW	1	-1	false
CAVVPAAMRVGYFDYW	1	-1	false
CARVRPYYYYYYMDVW	1	-1	false
CARGVPPLDFWSGYPAERLNWFDPW	2	-1	false
CARVAPSTSCYVCPPSLDYW	2	-1	false
CARGDWKRGFVVVPQNRRYYFDYW	1	-1	false
CARLKLRDFWSGYYGGRQIDAFDIW	1	-1	false
CARLPYGVVPAATYVRRGAFDIW	1	-1	false
CARVVPPFQGGGFDYW	1	-1	false
CARACRALRFLEWPIKNWFDPW	1	-1	false
CASIVLVVYAFDYW	1	-1	false
CARGSPGIAAAGRKTFFDYW	2	-1	false
CAREKGITIFDYDYYMDVW	1	-1	false
CARGRNWTNNWFDPW	1	-1	false
CARGQVDXSGWYDIRYYYYYYGMDVW	1	-1	false
CARGRADSYWDYGDYYFDYW	1	-1	false
CARAGGKAGRPPHYYGMDVW	1	-1	false
CARDSASTTIFGVTTISYYMDVW	1	-1	false
CARVRQPTISSGSYLDYW	1	-1	false
CARINRSSIAARPYYYYGMDVW	1	-1	false
CAIQGVAATYLYYYYYGMDVW	1	-1	false
CARRGPGTTQLLGRPSKHYYYYYMDVW	1	-1	false
CARDIVVVPAAHSYYYGMDVW	1	-1	false
CARDYGEVW	1	-1	false
CARDGVVPAAIPPYYYMDVW	1	-1	false
CARDQVLLWFGELLSRPYYYYYGMDVW	1	-1	false
CARDLAVRGVNKGVHRWFDPW	1	-1	false
CARDPGRGSGYYWEDYW	1	-1	false
CARGVKGSGSYEGW	1	-1	false
CARGSEGFRELLPFDYW	1	-1	false
CARARGAFRFGVLAKSRIGHFDLW	1	-1	false
CARQENKPNFDYW	1	-1	false
CARSRVLEWAYYYFDYW	1	-1	false
CARTGGDYCSGGSCYWKPRDQSYYYYGMDVW	1	-1	false
CARSLAAAADYW	1	-1	false
CASLGILRLSYYYYYMDVW	1	-1	false
CAIDYGDYRGDYW	2	-1	false
CAGERETGGLYPHYYYYMDVW	1	-1	false
CAREGSDPSGCSGGSCLGTAHPTLFDPW	1	-1	false
CARDQRRDGYKGGMDVW	1	-1	false
CAREDGTTFDYW	1	-1	false
CARGGIGVDYW	1	-1	false
CARGGSYYYDSSGYVGYW	1	-1	false
CARARLTLYYYYYGMDVW	1	-1	false
CVRYVPVHVPITGTTRAAFDIW	1	-1	false
CARGEGYCSSTSCYRNAFDIW	1	-1	false
CARDSRDLGGYYYYYYYMDVW	1	16	false
CARDRGGSLLFCSSTSCPGNNLFDPW	1	-1	false
CARDRGYCSSTSCYPAVDYW	1	-1	false
CAREGAAAGYYYYYMDVW	1	16	false
CARAPYYDFWSGPHNWFDPW	1	-1	false
CARVGYCSSTSCSEYYYYYYYMDVW	1	16	false
CARLKRQLNAFDIW	1	-1	false
CASGHIAVGLDYW	1	-1	false
CAINKRHRYCSSTSCYAGGDYW	1	-1	false
CARGGVAGTGFFDYW	1	-1	false
CARGTTNYYYYGMDVW	1	-1	false
CARGPSTSYYFDYW	1	-1	false
CARGRQGVVYSSSWYWFDPW	1	-1	false
CARGRYYDFWSGYYSSYYYYYMDVW	2	16	false
CARGYSNYGERQFDPW	1	-1	false
CARGSFFRWSTYNWFDPW	1	-1	false
CARGGDLTTVTNFWFDPW	1	-1	false
CARDSSFTGQQPDYGMDVW	1	-1	false
CARDRGPYCSSTSCYEDPGGDWFDPW	1	-1	false
CARDMTTVISSSTHNWFDPW	1	-1	false
CARDSVSSIYCSSTSCYHAFDIW	1	-1	false
CARDVYNWNYGRSHYYGMDVW	1	-1	false
CASGGISLADAFDIW	1	-1	false
CAKEGFLGWRDPPLNYYYYMDVW	1	-1	false
CARRYYDFWSGYYIGAGWFDPW	1	-1	false
CASPPIGLYSSGHSNFDYW	1	-1	false
CARHDAYDFWSGYYSPYYYGMDVW	1	-1	false
CARHRYCSSTSCPGRTDYW	1	-1	false
CARETGDGYNYGGGPFDPW	1	-1	false
CARQGYCSSTSCYTGSFDYW	1	-1	false
CARDGGYDYGDYFSPFYYW	1	-1	false
CARDAYPYSSGCPGGYW	1	-1	false
CARVGAAMSCSSTSCSHWYYYYYMDVW	1	-1	false
CAADYPSYDILTGYPPKTYYYYYGMDVW	1	-1	false
CAAASIAAAGRWLYFDYW	1	-1	false
CAADPYLDAFDIW	1	-1	false
CAADLEGVTAFDYW	1	-1	false
CAALLRAHAVVHYW	1	-1	false
CARGLYCSSTSCYWGYYYYYMDVW	1	-1	false
CAHRLPPEYFSSTSCYSPEYFQHW	1	-1	false
CAREDCSSTSCCNWFDPW	1	-1	false
CARRAYCSSTSCHYGYYFDYW	1	-1	false
CAKDADSGWTDREFDYW	1	-1	false
CAKDMSEDSRHGGRRVVVVAATANDAFDIW	1	-1	false
CARVGYCSSTSCRYNWFDPW	1	-1	false
CTTVRKYQLRGDW	1	-1	false
CTTGGMRYCSSTSCGDYW	1	-1	false
CTTGSPPVTMIVVAPYYYYGMDVW	1	-1	false
CARVSVAGTRPYAFDIW	1	-1	false
CASFDFGSLRADDAFDIW	1	-1	false
CARGRPPHEDIVVVPAERYYYYMDVW	2	-1	false
CARIYCSSTSCSRYYFDYW	2	-1	false
CATHCSSTSCPVLGYYYYGMDVW	1	-1	false
CASGGVPAAIYRVGLDYW	1	-1	false
CACPGASGYYYGMDVW	1	-1	false
CGRDRYFNDIDSW	1	-1	false
CTRLDTMVRGVIDWFDPW	1	-1	false
CTAHEQLGDYW	1	-1	false
CRLNIVGATGLFDYW	1	-1	false
CTRHEGGYSYGIDYW	1	-1	false
CTRPSYSSGSPEIW	1	-1	false
CTRSIGYGMDVW	1	-1	false
CTRPTYYYDSSGYDYYYYGMDVW	1	-1	false
CARADTAHTTTDYW	1	-1	false
CARDDVGGFRWGNW	1	-1	false
CAREDMYSSGWYGHFDYW	1	-1	false
CARDLHGSGSYYNFDYW	1	-1	false
CARDNREYYYDSSGYYGPDYW	1	-1	false
CARVDDFWSGFDYW	1	-1	false
CARVPAARYCSSTSCGIW	1	-1	false
CARNAIMVTAHDAFDFW	1	-1	false
CARLGNCSGGSCYSPYYYYYGMDVW	1	-1	false
CARHGTIQRLPSGAFDIW	1	-1	false
CARHLYSSFTKNYYYYMDVW	1	-1	false
CARHIGYSYGFNGDYLGYYYYYMDVW	2	-1	false
CARHNPTVLRYFDWLLIDYW	1	-1	false
CAKDFLAYDSSGYGTW	1	-1	false
CAKGQDSSSWYDPGEYYYYYGMDVW	1	-1	false
CAKGQYYDFWSGYYPWGHYYMDVW	1	-1	false
CAKGVGGIVVVPAAPPGYYGMDVW	1	-1	false
CAKDRQRAGRLYYYYGMDVW	1	-1	false
CAKDGGHYGTFDYW	1	-1	false
CAKDITGPLPDYYYGMDVW	2	-1	false
CAKDYRAFRGSFWADYW	1	-1	false
CAKDKEYSSGWCCSDAFDIW	1	-1	false
CAKDTAGRLAFDYW	1	-1	false
CAKDIQQQLVPHYYFDYW	1	-1	false
CAKALPKQQLALFDYW	1	-1	false
CAKDWYGSGSSLDYW	1	-1	false
CAKDYYYDSSGYLFGSLYFQHW	1	-1	false
CAKDLGGRGAAGPDGDYW	1	-1	false
CAKDIGPLMAVAGTVW	1	-1	false
CAKDIQGGFDYW	1	-1	false
CAKDILLERWGGMDVW	1	-1	false
CAKDILRKSPYYGMDVW	1	-1	false
CAKDIFPTTNWYFDLW	1	-1	false
CAKDISRYCSSTSCENPGFDYW	1	-1	false
CAKDMGFDPW	1	-1	false
CAKDMGSYGYILRFDPW	1	-1	false
CAKDIVVVPATIGESGMDVW	1	-1	false
CAKDIGVVAGKEDIW	1	-1	false
CAKDIRIYGSGSAFDYW	1	-1	false
CAKDNQQVAGTLGLTFDYW	1	-1	false
CAKDKDIVVDQYAFDIW	1	-1	false
CAKDNQGYCSSTSCYARPRYYYMDVW	1	-1	false
CAKDKKYDFWSGYLIDYW	1	-1	false
CAKDSRGGMDVW	1	-1	false
CAKDSLRYCSSTSCAPFDPW	1	-1	false
CARGQALRSYYYYYYMDVW	1	-1	false
CAKEHREWLLLPTISEFDYW	1	-1	false
CARRVEVVDFDYW	1	-1	false
CARADSTIRKALDYW	1	-1	false
CARDPIGYCSSTSCRTYFDYW	1	-1	false
CARDHGQWLANWFDPW	1	-1	false
CARDAGYSSGWYLWGGMDVW	1	-1	false
CARDLAEKYYDFWSGYNDARDYMDVW	1	-1	false
CARDGDACSSTSCYYYYYYYMDVW	1	16	false
CARDERGYYYDSSGYLTDYW	1	-1	false
CARDLRFQGFWSGYYLPDYW	1	-1	false
CARDLNVAAAGIVDYW	1	-1	false
CARDQSAMRRAGAFDIW	1	-1	false
CARDQGEHPNFDYW	1	-1	false
CARDRGLGYYGSGSYDYW	1	-1	false
CARDRGGRYEPAVLIFDYW	1	-1	false
CARDRRPYNWNNYYYMDVW	3	-1	false
CARDRAYCSSTSCLYYYYYYMDVW	2	-1	false
CARDPGFGVVINWFDPW	1	-1	false
CARDATYGDEPINWFDPW	1	-1	false
CARDGLDIVVVPAARDYYYYGMDVW	1	-1	false
CARDGAYSSGWDDAFDIW	1	-1	false
CARDGSIAVAGTFFDYW	1	-1	false
CARDGTDPVFLTGYYLAVYYYGMDVW	2	-1	false
CARDRGGRIVVVPAAAFDYW	1	-1	false
CARDLSPSDIVVVPAAIGHYYGMDVW	1	-1	false
CARDLGTAMVSVSYYYYGMDVW	1	-1	false
CARDFYCSSTSCPGFDPW	1	-1	false
CARDVGGQQWLAPSSIFDYW	1	-1	false
CARDYEGIAAAGTIDYW	1	-1	false
CARDFSSTRNFDIW	2	-1	false
CARDDDSSSWSYW	1	-1	false
CARGDVGATRLAGYW	1	-1	false
CARGEATLFFDYW	1	-1	false
CARRGVAGTTLYFDYW	1	-1	false
CARVRCSSTSCYFDPW	1	-1	false
CAKSNFDYW	1	-1	false
CARERDDILTGFIYYYYGMDVW	1	-1	false
CARDGEPDYGDPNALLGYYGMDVW	1	-1	false
CARGWDSSGYSSGFDYW	1	-1	false
CARDSGFGDYVNEFDYW	1	-1	false
CARGVAVGRSLQTPTNELW	1	-1	false
CARDLGYGGQSLNFDYW	1	-1	false
CAGPAGEITNTDHYYYYYGMDVW	1	-1	false
CARGVAAAGSPLNLYFDYW	1	-1	false
CHTAMPPRSDYW	2	-1	false
CARERYSGYETDTQDYW	1	-1	false
CAREWGYYDSSGYYDLGGWFDYW	1	-1	false
CARDRRGAYDEPQWAFDIW	1	-1	false
CARDGSGSYSPTTLDYW	1	-1	false
CARGEDYYDSSGYLNWYFDLW	1	-1	false
CARDGGQQLVGAFDIW	1	-1	false
CARERGVVVVPAMGLAPKTNYYYYGMDVW	1	-1	false
CARVASSGVYYYYGMDVW	1	-1	false
CARVGFSTIFGVAPYYYYYMDVW	1	-1	false
CARVGHYSSSSFYYYYYMDVW	1	-1	false
CARVSGSILWAPLPDW	1	-1	false
CARVSWRSSGRYLIDYW	2	-1	false
CARAWEDCSGGSCYWFDPW	1	-1	false
CARNSYRGYDFWSGYYTGDYYYYYYMDVW	1	-1	false
CARTYYDFWSGYYSVEWFDPW	1	-1	false
CARRSTDIVVVPAAMSEANYYYYYYMDVW	1	-1	false
CARDYGAHFDYW	2	-1	false
CARGYGDYVLW	1	-1	false
CASLTPGGNRDYW	1	-1	false
CASTYSGSSFFDYW	1	-1	false
CASIVRGVIQSFDYW	1	-1	false
CARDSGSGWYLNYW	1	-1	false
CARDLLGQVLIPFDYW	1	-1	false
CARDVTTGSVGMDVW	1	-1	false
CARVLRLVFDIW	1	-1	false
CARDWGRYCSSTSCSDAFDIW	1	-1	false
CAREAPHVDNYYYYYYMDVW	1	-1	false
CTTYYYDTVGAFDIW	1	-1	false
CARARGYCSGGSCYSPYYFDYW	1	-1	false
CARRIAARPVYGFDIW	1	-1	false
CARASVYNDRPFEYW	1	-1	false
CARDPRDYEVTW	1	-1	false
CARVPHNYDFWSGREDNGMDVW	1	-1	false
CARDRRLAQLDLNWFDPW	2	-1	false
CARGFELWFGELRDYYYYGMDVW	1	-1	false
CARETRGIVVVPAAKSRNGDYYYYYMDVW	2	-1	false
CAKDIALFAAAIYGGYYYYGMDVW	1	-1	false
CARVRFLEWVPNPNYYMDVW	1	-1	false
CAKSFGVVTRLPEYYYYYMDVW	1	-1	false
CAKTSTSPNSYGYNFPDYW	1	-1	false
CAFEVPAAIILPYYGMDVW	1	-1	false
CAKEYYYGSGSPFDYW	1	-1	false
CAKDPTPLGYCSSTSCVDSEVLLGGMDVW	1	-1	false
CARGEGRIVVVPAAPPPYNWFDPW	1	-1	false
CARGGIANLEEDRYGMDVW	1	-1	false
CARDPGKYCSSTSCYDYYYYYMDVW	1	-1	false
CARDRGRRGFDPW	2	-1	false
CAKDLRLSYYDILTGYYSSLGFDYW	1	-1	false
CARDIYGDYGNYYYYYYMDVW	1	-1	false
CARIYTAMTRPFDYW	1	-1	false
CARTRITIFGVVNPLGWFDPW	2	-1	false
CARGGGYCTNGVCYMDVW	1	8	true
CAKGYGSGNEYYYYGMDVW	3	-1	false
CARRLYSSGWYNW	1	-1	false
CTRQTAESYSPTPDFDYW	1	-1	false
CTTETGTTWWYYYYYMDVW	1	-1	false
CTTYYGSGTYLYYYYYMDVW	1	-1	false
CARDRTGMGPYIDYW	1	-1	false
CARDRADPSQLWPPVYYFDYW	2	-1	false
CARGGEYSSSSPFDYW	1	-1	false
CARSPKDGPEEKDFDYW	1	-1	false
CARSDFQITGTTPVPYYFDYW	1	-1	false
CARDEMATIDYW	1	-1	false
CARDPLYSSGWIDYW	1	-1	false
CARDPRNWNDPDAFDIW	1	-1	false
CARDDCSSTSCYIGEDWGYYYGMDVW	1	-1	false
CARDAGGYGMDVW	1	-1	false
CARVQVVVPVRKNRGSGMDVW	2	-1	false
CARGSLAARPLFDYW	1	-1	false
CARGYSYGHFDYW	1	-1	false
CARGMGSTITGGRNWFDPW	1	-1	false
CARGGSSTSEMDGLFDYW	1	-1	false
CASHWNDVPSFYYYYGMDVW	1	-1	false
CASMIVPAADYYYYYYMDVW	1	-1	false
CARDPERKMTTVTTSDWYFDLW	1	-1	false
CARDFGRPGYCSSTSCYAGRFGLDYW	1	-1	false
CARDRSSGWYAHW	1	-1	false
CAREGFRGGSIFGVVMDGNDAFDIW	1	-1	false
CARVGSDFGVVITTNPIDYW	1	-1	false
CARVGLYQLPHYW	1	-1	false
CARARGQKIRCPDYW	1	-1	false
CARGFYCGGDCYSWLGFDYW	1	-1	false
CARSDYGDHFVLDYW	1	-1	false
CARRGYCSSTSCYAPDAFDIW	1	-1	false
CARHVGHYGMDVW	1	-1	false
CARHSYFDYW	1	-1	false
CARRDDFWSGSSSVDYW	1	-1	false
CARRGYYGSGSYLRGDAFDIW	1	-1	false
CARHLQQLDYYYYGMDVW	1	-1	false
CARQERCSGGSCYSFWSYGMDVW	1	-1	false
CARQPGYSYGFDYW	1	-1	false
CARLTQVRMVRGVDDRPWFDPW	1	-1	false
CARLGLWFGESIPDYW	1	-1	false
CARPRSGSYRDAFDIW	1	-1	false
CARPTYSSSWYYFQHW	1	-1	false
CAREFVGYSSGWYKSAQGFDPW	1	-1	false
CARSQEEAARYYYYGMDVW	1	-1	false
CARVSGELLFSYFDYW	1	-1	false
CARLGCGSCYHYYYYGMDVW	1	-1	false
CARDAVGSGWFDYW	1	-1	false
CAKDPLHCSGGTCYRHFDYW	1	-1	false
CAKDSGMDYYGSGSLGLGYYGMDVW	1	-1	false
CAKAGDYCSGGSCYLIGKSSYWYFDLW	1	-1	false
CAKRASHNWFDPW	1	-1	false
CAKVYCSSTSCYGAHYYYYYMDVW	1	-1	false
CAKDWGHDYSNFGNYYMDVW	1	-1	false
CAKSSKQWLVMADSW	1	-1	false
CAKVPHFMG	3	-1	false
CAKAPPLNYGDYVFAW	1	-1	false
CAKDSSRDFWSGYYRFDPW	1	-1	false
CAKKVEGCFDYW	1	-1	false
CAKDTGYNWNYVWVSDYYYYYYMDVW	1	-1	false
CAKDGGLDYYYYYGMDVW	1	-1	false
CAKDGRSRYSGSYFIYMDVW	1	-1	false
CAKDAYSSGWYYFDYW	1	14	false
CAKDVYDYVWGDAFDIW	1	-1	false
CAKDHGYSYGYSFDYW	1	-1	false
CAKDHPISIAVAGTGVESYYYYYMDVW	1	-1	false
CAKDHSSGYQITRHDAFDIW	1	-1	false
CAKDLGYSSGWYPFDYW	1	-1	false
CAKDRRSGYQGAMVQGVIILSGYMDVW	1	-1	false
CAKDRGVDIVVTGDAFDIW	1	-1	false
CAKEGSSYSIVGKTFDYW	1	-1	false
CAKEDANWGSSDAFDIW	2	-1	false
CAKESLLWFGELQISGGMDVW	1	-1	false
CAKDRSGGMDVW	1	-1	false
CAKESPDIVVVPAAIYYYYYMDVW	1	-1	false
CAKEPSGVSTLFGYFDLW	1	-1	false
CAKEPSRVFGVAPLIDYW	1	-1	false
CAKGLPGDCSSTSCPAPDYW	1	-1	false
CAKGDDYGGNSDFDYW	1	-1	false
CAKGGLAARLLNPQLDQYYFDYW	1	-1	false
CAKGSGGVIVGATSPFDYW	1	-1	false
CAKGVEMATAYYYYYGMDVW	3	-1	false
CAKGNSPTVLVVYANNWFDPW	1	-1	false
CAKGVPGDGDYYYYGMDVW	1	-1	false
CAKGGGYLSNPHYYYYYMDVW	1	-1	false
CAKGANDFWSGYYEDYYYYMDVW	1	-1	false
CAKVTGERSYYYYGMDVW	1	-1	false
CAKAKGKLEFHGGYFDLW	2	-1	false
CAKASGIQLWPGYFDYW	1	-1	false
CAKFAYDSSGQYYYYGMDVW	1	-1	false
CAKVRARAQDYAYYFDYW	1	-1	false
CANAYCSSTSCPAPGIQLWAPFVNW	1	-1	false
CARDSGPYYYVSYYFDYW	1	-1	false
CARDPYPLYDSSGYLLDYW	1	-1	false
CARDLGSGTKYWFDPW	1	-1	false
CARDAQSLRRRATYCGGDCYLDYW	1	-1	false
CARDARLTTDYYYYGMDVW	2	-1	false
CARDGSAVAGTPPGYW	1	-1	false
CARDSGWYWGFKPLHFDYW	1	-1	false
CAREDCSSTSCYAPPAFDIW	1	-1	false
CAREARENIVVVPAAIPVLYGMDVW	1	-1	false
CAREGEEYSSGWVPLDYW	1	-1	false
CARESPYGSGSYYHDHYYYYMDVW	1	-1	false
CARERIAVAGTLAQSYYYYGMDVW	1	-1	false
CARAGSSWSFLCWFDPW	1	-1	false
CARAPYGVLVVYEVDYW	1	-1	false
CARAPRDPSYNWFDPW	1	-1	false
CARAPSCCSSLMGFDPW	1	-1	false
CARALLYYDILTGYTPRGAFDIW	1	-1	false
CARAVAGRTTHCSGGSCYSRGWFDPW	1	-1	false
CARAGVIDSYGMDVW	1	-1	false
CARGNSYDSSGYYLYYYYGMDVW	1	-1	false
CARGFYYYDSSGYNQEYYYGMDVW	2	-1	false
CARGETGTTLVPW	1	-1	false
CARGLVAVDTAMVKDGLAFDIW	1	-1	false
CARGYCSGGSCLPFDPW	2	-1	false
CARGPLGVELNRPPDYW	1	-1	false
CARGMGDLAARLRHW	1	-1	false
CARVAGEGTSKWNWFDPW	1	-1	false
CARVADRGYFAEYW	2	-1	false
CARSQTWIQLWLLGYW	1	-1	false
CARTGAQWELLDYFDYW	1	-1	false
CARAMVVSWAVPIHW	1	-1	false
CAREDYSSALHHYMDVW	1	-1	false
CAREKNGFDPW	1	-1	false
CASLYSGSFRWGHDAFDIW	1	-1	false
CASIAVAGLDYW	1	-1	false
CARGRSGGDKDVW	1	-1	false
CARGPVAGTDAFDIW	1	-1	false
CARGRPRGSGSNNLENWFDPW	1	-1	false
CARVWNNWNYEDYW	1	-1	false
CARVSFVEEEGFDYW	1	-1	false
CARVFPGKVVGFLNYYDYW	2	-1	false
CARALHQYYYDSSATPASHYW	2	-1	false
CARAGTTVVTQGDYW	1	-1	false
CARANTTVTTDNFDYW	1	-1	false
CARHVEMATLSSDYW	1	-1	false
CARCGSYSFWYFDLW	2	-1	false
CASFKGEGYYDSSGHEAPDYW	1	-1	false
CASQMGCSSTSCDGGYYYYYYGMDVW	1	-1	false
CATHYGGNSERFFDYW	1	-1	false
CATSETHIVLMVYSHYGMDVW	2	-1	false
CATESYYGSGSGGFDPW	1	-1	false
CAKMAGFWEDYGGNERYFDYW	1	-1	false
CAKTEEALITIFGVANVPLDYW	1	-1	false
CAGGVYCSSTSCQRARGPYYYYGMDVW	1	-1	false
CAGTSNSREYYFDYW	1	-1	false
CARDARYDSSGYYISLDYW	1	-1	false
CAREYYYDSSGYWGAFDIW	1	-1	false
CARGVPGNWNNYYFDYW	1	-1	false
CARGWPYYYDSSGYLEGSDYYYGMDVW	1	-1	false
CARSVGAETDAFDIW	1	-1	false
CASLGRTNYYDSSGPSFDYW	1	-1	false
CTLIVVVPAAPRGVDPW	1	-1	false
CAISSITIFGVVVNWFDPW	1	-1	false
CARDRGDGDYYLNFDLW	1	-1	false
CARDRAAAGPRVDYW	1	-1	false
CAREYYYGSGSYSPNWFDPW	1	-1	false
CARAQYDFWSGYPHAEGLYYYYYMDVW	1	-1	false
CARGHSGYDWPLSVYYFDYW	1	-1	false
CARGGLRFLEWLPEVYW	2	-1	false
CARVYTENCSSTSCYLSYYYYYYMDVW	1	-1	false
CARSTQSEKDFWSGSNAFDIW	1	-1	false
CASYSVPAAHATKNDAFDIW	1	-1	false
CASSGITGTTGYYYMDVW	1	1	false
CARTGYCSSTSCYPPPDKDSYYFDYW	1	-1	false
CARSAVAGLVFDYW	1	-1	false
CAGAGGYDFWGFDAFDIW	1	-1	false
CARGCSSTSCYAGGYHYYYYYYMDVW	1	-1	false
CARGFSPLGAVAAHDAFDIW	3	-1	false
CARFVVPAAGGWYFDLW	1	-1	false
CAREHRHDYGDYEGYW	1	-1	false
CARDPAPDSQLLLDYW	1	-1	false
CARDRGVVVPAAQHFDYW	1	-1	false
CARDRDGGGYCSSTSCYAPPYFDYW	1	-1	false
CARGVDCSSTSCYEYWFDPW	1	-1	false
CARVPHEYYDFWSGYYVGENDAFDIW	1	-1	false
CARFADTSRYCSSTSCPDNMDVW	2	-1	false
CATVHYYGSGSYPLTPFDYW	1	-1	false
CAGSGASVTTFFVFGYW	1	-1	false
CATGVYSYGGVFDYW	1	-1	false
CATGLSLGYQYADYW	2	-1	false
CARALGYYDFWSGQTPSGYFQHW	1	-1	false
CARTVITFDGYYYGMDVW	1	-1	false
CARLGPDFWSGYYTGAFDYW	1	-1	false
CAREFDIVVVPAAQSNKYYFDYW	2	-1	false
CAKTHRYSNYELGGMDVW	1	-1	false
CARETWSSKPVVVVPAAYEIDYW	1	-1	false
CASTLSIAARLVLGYW	1	-1	false
CARNRYYYDSRRYYWYFDLW	1	-1	false
CARGAFLDKKREYYYYGMDVW	1	-1	false
CARVYGGYNYHYYYGMDVW	1	-1	false
CARGGDYFDWPFDYW	1	-1	false
CARVIRGYSGVDYW	1	-1	false
CARGNWYGDYGEGGPGYDAFDIW	1	-1	false
CARGAVNLEPDYLFDYW	1	-1	false
CARGRNCSSTSCSGAFDIW	1	-1	false
CTRYPPGPGRTIFGVVIPFDYW	1	-1	false
CTRGTLRGGSGSGW	1	-1	false
CSPGHYGDYW	1	-1	false
CTEYQLSRPRGYW	1	-1	false
CTRIPLVPAAMGDYYYYYMDVW	1	-1	false
CTRDATSNSGYALDIW	1	-1	false
CTRDDSIITIFGVVRLGDAFDIW	1	-1	false
CTRDDFLYCSSTSCYAFYYMDVW	1	-1	false
CTRDKSLGYCSSTSCYGCGCGYYFDYW	1	-1	false
CTRDPDILRFG	1	-1	false
CTRDQGIAVAGTHDYW	1	-1	false
CTRAPLVLEWLSFDYW	1	-1	false
CTMGLYDFWSGFLFDPW	1	-1	false
CTRDSKITIFGVAIPTDYYYMDVW	1	-1	false
CAADYTHDYYYYYMDVW	1	-1	false
CARDKSVIAAAGTRGHAFDIW	1	-1	false
CARGDYDFWSGYYALDYW	1	-1	false
CARDRYAAIFDYYYGMDVW	1	-1	false
CASSPGELGGEDYW	2	-1	false
CASYKSGGVLGIDYW	1	-1	false
CARDQSYYDSSGYENPFDYW	1	-1	false
CAKVRFLEWLIGFDYW	1	-1	false
CAKVALLGYFDYW	1	-1	false
CAKVNNSGWYHYYYYGMDVW	1	-1	false
CAKVPTAIYDFFPHMDVW	2	-1	false
CAKVSVVVVPAAREDDAFDIW	1	-1	false
CAKVYVGRRGYCSGGSCPKKNGWFDPW	1	-1	false
CAKVTYSHFDYW	1	-1	false
CAKASFAGGWDPYYFDYW	1	-1	false
CAKAPLGLRTALFDYW	1	-1	false
CAKAHSISSGSIAAPSRYYYYGMDVW	1	-1	false
CAKAQGGWELLEAFDYW	1	-1	false
CAKATYDSSGYHLYFDYW	2	-1	false
CAKAKHRGHGDYPNFDYW	1	-1	false
CAKAGYSSGWMEYYFDYW	1	-1	false
CAKADCSGGSCYCPTW	1	-1	false
CAKATLSSSWGYGEDYW	1	-1	false
CAKEDQQWLAHNWFDPW	1	-1	false
CAKEGSGWYSGYYYYYGMDVW	1	-1	false
CAKERFGEAAPSTNW	1	-1	false
CAKERGRGDIVVVVAASDYW	1	-1	false
CAKDQRVSVYSGRNRALNYW	1	-1	false
CAKDHLGLLSSFGGYW	1	-1	false
CAKDHRFYSNYGWFDPW	1	-1	false
CAKDHRPAQFGELKKYYYGMDVW	1	-1	false
CAKDHSYNWNYDLGLW	1	-1	false
CAKDLLPGSSGWQGYYYYYGMDVW	1	-1	false
CAKDLMFRRYDFWSGYQLGDYW	1	-1	false
CAKDLYSSGWYYYYGMDVW	1	-1	false
CAKDLGGAYDSSEETPQPDW	1	-1	false
CAKDLQSPGYYYYYYMDVW	1	-1	false
CAKDLPLRRYCSSTSCYYW	1	-1	false
CAKDLIGDSSSWYGVGIDIW	1	-1	false
CARGRDLSVW	1	-1	false
CAAYRGQWLVPSGPDDYW	1	-1	false
CAKDISGSGSYYPSTTDYYYYYGMDVW	1	-1	false
CAKDITSGSYGTVGFGYW	1	-1	false
CAKARSGLGFRYYMDVW	1	-1	false
CAKGSSGWLRRGIYFDYW	1	-1	false
CAKGPIRFLEWLAHFDYW	1	-1	false
CAKDYGGNSYWYFDLW	2	-1	false
CAKDTGSSWGYYYYGMDVW	1	-1	false
CAKDGISSGWYPYYMDVW	1	-1	false
CAKDLVRNRVVVPAGPLDYW	1	-1	false
CAKAYCSGGSCYSGYMDVW	1	-1	false
CAKSRTTGTTPLDYW	1	-1	false
CAKDNYSLHAFDIW	1	-1	false
CAKDIDRGLYYFDYW	1	-1	false
CTKDRYYDSSGQSDYW	1	-1	false
CARHRLIVATIADFDYW	1	-1	false
CARGTSSFDYW	1	-1	false
CARLFFWVSYKSRFDIW	2	-1	false
CAKGGARGGDYSDYW	3	-1	false
CAREASPAALFLRLETPDYW	2	-1	false
CTTAGPAAPLDYW	1	-1	false
CTTVDTAMVKDYYYYGMDVW	1	-1	false
CARLSSSSRDFDYW	1	-1	false
CARISGITIFGVAYMDVW	1	-1	false
CAKVGYYHGSGNYYLYWYFDLW	2	-1	false
CTKDRAWGSVTGNRAAFDCW	1	-1	false
CARGVVPAGDDAFDIW	1	-1	false
CARSLGYCSGGSCYNDYW	1	-1	false
CARGSVMVGTSPPLYAFDIW	1	-1	false
CAREGSTANPHFDYW	1	-1	false
CARGVLRYFDWLSSPDYYYYGMDVW	1	-1	false
CVRESTVTGYYFDYW	1	-1	false
CARGGGYCSSTSCYNVFDYW	1	-1	false
CARGGEEGIAAAGTFFDYW	1	-1	false
CARGMNYGGNSADYW	1	-1	false
CARDPGGNGYYYYYYYMDVW	1	-1	false
CARDSFKKLEPLGYSDYW	1	-1	false
CAREDIMITFGGRGFYFDYW	1	-1	false
CARAMATKEGNDAFDIW	1	-1	false
CARTTGEVYSYCSGGSCFFDYW	1	-1	false
CARKVLAAALIDYW	1	-1	false
CARETKTYYDFWSGYYPPYYYYYGMDVW	1	-1	false
CARDRYCSSTSCYVQDGEYYMDVW	1	-1	false
CARDSSSWYPSPLRDYYGMDVW	1	-1	false
CARAMPPRRYSSSWYDEEYNWFDPW	1	-1	false
CARGLVTMIVDPTFDYW	1	-1	false
CARVGCSSTSCYLTGYYFDYW	1	-1	false
CARDYGDQLGLFDYW	1	-1	false
CARDHEPDYGDYRGYWYFDLW	1	-1	false
CAKDRTGGWFGELIFDYW	1	-1	false
CAKDYGPGGLFDLW	1	-1	false
CAKGDFGYSYGYSQLGILFDYW	1	-1	false
CANGLLWFGEFGMDVGFSW	1	-1	false
CARGYDFWSGPSNYYGMDVW	1	-1	false
CATATTHFDYW	1	-1	false
CARGQSGPNYYYYMDVW	1	-1	false
CARGVCSSTSCYPAGADYW	2	-1	false
CARDLGRGDFWSGYYPGHW	1	-1	false
CARDSPKSSGWYLEDYYYYYMDVW	1	-1	false
CAREPAMKKFDYW	1	-1	false
CARSFGVVINSYIDYW	1	-1	false
CARDCSSTSCYAEFDYW	1	-1	false
CARVHCSGGSCYSVHYYGMDVW	1	-1	false
CARQYYSGWHFDYW	1	-1	false
CARGGLVTYGGNQRHYFDYW	1	-1	false
CIAAVVVPAAIQGGMDVW	1	-1	false
CARDLGYGDYDDAFDIW	1	-1	false
CARDLAVAAGIDYW	2	-1	false
CARDQALMVRGDYYYYGMDVW	1	-1	false
CARDPGEMATIYGWFDPW	1	-1	false
CARDRNYGSGVGGNYW	1	-1	false
CARDSGTGDQFIYYYGMDVW	1	-1	false
CAREGRRTDLPGRNWFDPW	1	-1	false
CAREGSERIVVVPAAMGYYYYGMDVW	1	-1	false
CAREICGGSCYYDYW	1	-1	false
CAREGKWGIPFDYW	1	-1	false
CARDSEGNYGDFDYW	1	-1	false
CARAGWFGERPPGMDVW	1	-1	false
CARAPITIFGVVMKSFDYW	1	-1	false
CARAAGVGHYYYYGMDVW	1	-1	false
CARAGSSSSVDYW	1	-1	false
CARVVASGWHVNYYYYYGMDVW	1	-1	false
CARVGADSGYSYGFV	1	-1	false
CATDLTAHYYYMDVW	1	-1	false
CATETDLGRLFDYW	1	-1	false
CATESPHSSSWYYFDYW	1	-1	false
CATDIPHGYYYGSGSRVRPLGDYYYMDVW	1	-1	false
CATPSLRYFGYW	1	-1	false
CATLKGQLEPFDYW	1	-1	false
CARISGGSQNWFDPW	1	-1	false
CARIRGITIFGVVIRSDAFDIW	2	-1	false
CARIRYSSYDPASYYGMDVW	1	-1	false
CARILEEKLRLGELSFRFDYW	2	-1	false
CARSIHDWYFDLW	1	-1	false
CARVNHYYDSSGYYFDAFDIW	2	-1	false
CARRTYSGYGGGFDYW	1	-1	false
CARIYYDSSGYYYRVRGIRHWYFDLW	1	-1	false
CARIRWYYYDSSGYYGGMDVW	1	-1	false
CARIRVAAAGLEYYYYGMDVW	1	-1	false
CARDGYYDFWSGYQRVHVNWFDPW	1	-1	false
CARWGLVVPAAIPFDYW	1	-1	false
CARAPRGGSYYYYMDVW	1	-1	false
CERDPAGYDFWSGYYSRPPDYW	1	-1	false
CAAHFDWLLNLDYW	1	-1	false
CARDRGYSYGLGKYYFDYW	1	-1	false
CARDPDSSGYYYGWFDPW	1	-1	false
CARDWDIVVVPAATEGAFDIW	1	-1	false
CARDSAGPYYYYGMDVW	1	-1	false
CARDNSGWNDLYYYYYMDVW	2	-1	false
CARDRMGATHFDYW	1	-1	false
CARDTRAAMVLSDYW	1	-1	false
CARDANSISSWSDFDYW	1	-1	false
CARDALAWGAFDIW	1	-1	false
CARGIAVAGEGMRYYYGMDVW	1	-1	false
CARGIAARSKGGYYYYGMDVW	1	-1	false
CARGSIAARRGAFDIW	2	-1	false
CARGVPPGRFPFDYW	1	-1	false
CARGGSGWYFDYW	1	-1	false
CARGIGYCSSTSCYYYYYYYMDVW	1	16	false
CARGDSGSSDFDYW	1	-1	false
CARGVLDYGDYDIPFDYW	1	-1	false
CARARKGRSLVAVAYFDYW	2	-1	false
CARYILEAEPVVPAAPSQPYW	1	-1	false
CARWAKRSGYYRAPETYNWFDPW	1	-1	false
CARRSLGYCSSTSCYLGWFDPW	1	-1	false
CARMGWDYGDYESYGYFDLW	1	-1	false
CARPNIVVVDYW	1	-1	false
CAGSGRFYDFWSGYGW	1	-1	false
CAAGGYSSSWYVYYYYGMDVW	1	-1	false
CARDQVWGIGRASYYYYYMDVW	1	-1	false
CARGYCTGGVCYTGGYYYYMDVW	1	-1	false
CAKDRTNFDYW	1	-1	false
CAKDRNDFWSGYFHDAFDIW	1	-1	false
CAKDRLSFPWLGHFDYW	1	-1	false
CAKDPWYYYGSETGVWFDPW	1	-1	false
CAKDPDYDFWRGVFDYW	1	-1	false
CAKDPLISWFDPW	1	-1	false
CAKDPAVSSSSVYYYYGMDVW	1	-1	false
CAKDAGALYFDYW	1	-1	false
CAKDETYYDSSGYHNWFDPW	1	-1	false
CAKDEGIVVVPAAIGQW	1	-1	false
CAKDEGYCSSTSCYEDFDYW	1	-1	false
CAKDDYGGFDYW	1	-1	false
CAKDGAHITPFPHYYYYMDVW	1	-1	false
CAKDGVHYYDSSGKFDYW	1	-1	false
CAKDMGKYDDSSGYYLTYLPSNLDYW	1	-1	false
CAKDIEAMDVW	1	-1	false
CAKDITHTYYYDSSGYGLDAFDIW	1	-1	false
CAKDRWWAEGVFDYW	1	-1	false
CAKDSVVVPAAILRISGWFDPW	1	-1	false
CAKDTHRGEVAATPFDYW	1	-1	false
CAKDCGYGVFDYW	2	-1	false
CAKDSWYCSSTSCNPFDYW	1	-1	false
CAKDSSGIYYYYGMDVW	1	-1	false
CAKDLSSGFDYW	1	-1	false
CAKDFPWYYYDSSGYFGYFQHW	1	-1	false
CAKDYYDSSTQTDAFDIW	1	-1	false
CAKDYGDYAWGFDWFDPW	2	-1	false
CAKDYLWNYDSSGYYYVHAFDIW	1	-1	false
CAKDYYDSFLAPHAFDIW	1	-1	false
CAKDRKPNGYYYYMDVW	1	-1	false
CAKDRGLTVTYNWFDPW	1	-1	false
CAKDLTYIDPWGDYW	1	-1	false
CARRGSSSWQKLNDAFDIW	1	-1	false
CAKAAVEVVPAATRFDYW	1	-1	false
CARRVPVVVPAAMPSPFDYW	1	-1	false
CARVQSVDYDFWSGYYYFDYW	1	-1	false
CARGRDCSSTSCYGWGKYYYYYYYMDVW	1	-1	false
CAHSHLCSSTSCYLYGMDVW	1	-1	false
CARVITGTVDYW	1	-1	false
CARVGYCSSTSCYDYYYYGMDVW	2	16	false
CARDPGGSGYDPFDYW	1	-1	false
CARGRRYVVVPAAIYYYYYYMDVW	1	-1	false
CARARTTMVRGVGYW	2	-1	false
CARDGGGGTTGTSSGSYYMDVW	1	-1	false
CARSQGLSPTLGMDVW	2	-1	false
FAKAFSAMVYAHYNWFDPW	1	-1	false
CAGGDIYGNERAFHDW	2	-1	false
CARAVVVVVAATYDYYYGMDVW	1	9	false
CARESSGYYPLDAFDIW	1	-1	false
CARASSWSGYSSYYYYYGMDVW	1	-1	false
CARDKDRQLVDYYYYYMDVW	1	-1	false
CAKDYSSSEYYYGMDVW	2	-1	false
CAKVQAAAAGTFXYW	1	-1	false
CARVMVPAAKIDDAFDIW	1	-1	false
CARDTGSSSWYDYW	1	-1	false
CAKAPTTSEYYYYYGMDVW	1	-1	false
CARYTDDSSGYSIHDYW	1	-1	false
CARGRVVPAWFDPW	3	-1	false
CAKDRRGGTTTFDPW	1	-1	false
CAKDRSFDYW	2	-1	false
CAKDLYIVGATGAGGAFDIW	1	-1	false
CAKDPSRLGELSYFDYW	1	-1	false
CAKDNRDLRFLEWLLSVAFDIW	1	-1	false
CAKDIFRAAAGTLTQYYYYYYGMDVW	1	-1	false
CAKDIDLVMVRGGPQYYYGMDVW	1	-1	false
CAKDRSTTRYYYYYGMDVW	1	-1	false
CAKDLSSGWSGDDAFDIW	1	-1	false
CAKEGVDPRGVRIVVVLSAQTPPDHW	1	-1	false
CAKDPLYGSGSYYLYYFDYW	1	-1	false
CAKGGSGSYNWYFDLW	1	-1	false
CAKSITIFTKRANWFDPW	1	-1	false
CAKTIMDIVATPYYYGMDVW	1	-1	false
CAKWGSGSYGGFDYW	1	-1	false
CAKSPKADPVATLSLYSSGWYETGDWFDPW	1	-1	false
CAKLRGGRVVVAATNFDYW	1	-1	false
CARRMGWHYYYYGMDVW	2	-1	false
CAGPLYGYSVYW	1	-1	false
CARVNTRVIAAAGTCLDPW	1	-1	false
CARGPWGSGWFDPW	1	-1	false
CARGDVVVPADVW	1	-1	false
CARGPLHWDCSSTSCYPTHGMDVW	1	-1	false
CARSVAVAGLDWGYW	1	-1	false
CASTAPYSGSYYWGSYFDYW	1	-1	false
CARRARADRKYCSSTSCPFDPW	1	-1	false
CARITYYDFWSGRHEGGAFDIW	1	-1	false
CATIAIFGVVNPMGFDYW	1	-1	false
CARGDSSGYYYSGATPYYYYGMDVW	1	-1	false
CARSVLRYFDPHRGKPKKDYYYYMDVW	1	-1	false
CATDVGGPGYCSSTSCRSGYAFDIW	1	-1	false
CARSGYCSSTSCLLGDAFDIW	1	-1	false
CARGPIYNWNLAHWFDPW	1	-1	false
CARVTHRLYSSGLGYW	1	-1	false
CARGGDYSNYPSPNWFDPW	1	-1	false
CARVRVWRQRNSLAYW	1	-1	false
CARDTGDYVWGSYEAFDIW	1	-1	false
CARDNKYYDFWSGYYTSYYYYGMDVW	1	-1	false
CARIAGGGLRRVGW	1	-1	false
CARDAGPHDYSRNYYYYGMDVW	1	-1	false
CAGPLGEWSGYGMDVW	1	-1	false
CARGPAYDFWSGYSGGYNWFDPW	1	-1	false
CARGGNWFDPW	1	16	false
CARGSSEYQLLSRGFDPW	1	-1	false
CARGRYPYCSSTSCRGTNWFDPW	1	-1	false
CARGHLRHNWFDPW	1	-1	false
CARGHRGNWFDPW	2	-1	false
CARGPKGRYQLLWSGYAFDIW	1	-1	false
CARGLPRYDFWSGPSYYYMDVW	1	-1	false
CARGVLSVALLNWFDPW	1	-1	false
CARDLGGATFPCDYW	1	-1	false
CARDLGWELLGGNYYYGMDVW	1	-1	false
CARDLYGDPSSTLDAADNFDYW	1	-1	false
CARDPDDDFWSGYYFFGMDVW	1	-1	false
CARDHCSSTSCYFMAPYFQHW	1	-1	false
CARDQDSSGWYAGYYYYYYMDVW	1	-1	false
CARDGSADLHNADIVVVPAAMFFDYW	1	-1	false
CARDAGPWALYCSSTSCPAVWFDPW	1	-1	false
CAREGRYCSSTSCYRNWFDPW	1	-1	false
CAREWWQLAFDYW	1	-1	false
CARELRRQQKGHYYYYYGMDVW	1	-1	false
CARGYGETFDDAFDIW	2	-1	false
CARGKIVVVPAANPGFDYW	1	-1	false
CARGPDYGMDVW	1	-1	false
CARGGHYDFWSGYYPNYYYYMDVW	1	-1	false
CARVWTAAGTSFFSNW	1	-1	false
CARVLLDTENYYYYYMDVW	1	-1	false
CARVIIAAEPYYFDYW	1	-1	false
CARVLWSGGSHFDYW	2	-1	false
CARVYDFWSGYSPPDYW	1	-1	false
CARLVSGQLPGIDYW	2	-1	false
CARVTDFWSGYPEDYYYYYMDVW	2	-1	false
CARCIGYCSSTSCEAYYFDYW	1	-1	false
CARDAYSSSSGPYYYYYYMDVW	1	-1	false
CARDHIVVVPAAPLEIYYMDVW	2	-1	false
CARLSNLYHDYGERHDYW	1	-1	false
CANNDFWSGYYMVYW	1	-1	false
CARAATDIVVVPATGYLDYW	1	-1	false
CARGTIAAAIMDVW	1	-1	false
CARDSSSWFTYMDVW	1	-1	false
CARDIGDIVVVPAAMQNFDYW	1	-1	false
CARETRAYYYDSSGYYTDYW	1	-1	false
CARDRNDILTGYLNYYYYGMDVW	1	-1	false
CTRHVGGDIYYYYYMDVW	1	-1	false
CARGGGAASYGPRGYFDYW	1	-1	false
CAREIVNYDFWSGYYTGIHFDYW	1	-1	false
CARQSYGVYAFDIW	1	-1	false
CAREGLGEAFDYW	2	-1	false
CARGRGRLGAARAEVGGFDYW	1	-1	false
CVRDEGWTSTSGYGMDVW	1	-1	false
CASLYGDQPVWCDSFDCYYYGMDVW	1	-1	false
CARAKVVPEPFDYYYMDVW	2	-1	false
CARDTSFATYYDFWSGYIASAGDLSDAFDIW	1	-1	false
WARDSEGSGYYGDW	1	-1	false
CARDRAAISRVLAFDIW	1	-1	false
CARDRGYCSSTSCPEIGAFDIW	1	-1	false
CARDPYYYDGSGSRVRELTVDYW	1	-1	false
CARDPRYYYGSGSYYNGQFW	1	-1	false
CARDPGGSYFDYW	2	-1	false
CAKDKYSSGWYRFGDYW	2	-1	false
CAKEDGITIFGVVSYW	1	-1	false
CAKEAAAPTFDYW	1	-1	false
CAKESLLPPDYW	1	-1	false
CAKESIAVAGTFDYW	1	-1	false
CAKGGVLRFLEWLSATQNQDITDYW	1	-1	false
CAKGVWYYDILTGYSPYFDYW	1	-1	false
CAKGYPMVRGVRSMDVW	1	-1	false
CAKGNSPIQLELLTSFDYW	1	-1	false
CAKGKPRKRITIFGVVTPFDYW	1	-1	false
CAKGKAAAGTGPRNAFDIW	1	-1	false
CAKGGGEQYWLVQEIDYW	1	-1	false
CAKGPLRRGHYDFWSGNPGWFDPW	2	-1	false
CAKRKYPGIAVAGPIDYW	1	-1	false
CAKLWRLRGVITLGPFDPW	1	-1	false
CAKSRPEPAAIPLVGWYFDLW	1	-1	false
CAKRVIVGATLGAFDIW	1	-1	false
CAKRFRGVRDNGYW	1	-1	false
CAKSNGIFGVVIMVWSPFDYW	1	-1	false
CAKMFFDGFGEFEFSTPYDAFDIW	1	-1	false
CAKIGSDSKVMYFDYW	1	-1	false
CAKIGGGYDILTGYSLDGYNPDYW	1	-1	false
CAKIRGKPNTDYW	1	-1	false
CAKIVVVPAADIDYW	1	-1	false
CAKNPRILVDKNDYW	1	-1	false
CAKKIGHYYDSSGYSAYYYGMDVW	1	-1	false
CAKKELGGSFDYW	1	-1	false
CAKTIEQWLGTSPIAFDIW	1	-1	false
CARGVLRDIVVVPAATKRSEMRFDPW	1	-1	false
CAGQTTGTVDYW	1	-1	false
CARGAGSRGAVRFLEWLLRWFDPW	1	-1	false
CASLHFITDPEDFDYW	1	-1	false
CARGRVNYYYYMDVW	1	-1	false
CARGSVTIYYYYYMDVW	1	-1	false
CARVSRDYSSYFGTSGYMDVW	1	-1	false
CARGGGWYYYGSGSSFDPW	2	-1	false
CARGRRFARWFDPW	1	-1	false
CARSRDGYNFDYW	1	-1	false
CARGQTENCSSTSCHEGGLRWFDPW	1	-1	false
CARGREVVPAASRVAFDIW	1	-1	false
CARGRVAYSSSSRGRHFDYW	1	-1	false
CARGRGIGSDPNWNQPILYYYGMDVW	1	-1	false
CARGRGGRGRLGYCSSTSCAEYFQHW	1	-1	false
CARGRGSSNYW	1	-1	false
CARGRGGYCSSTSCYTAHYYYYYYMDVW	1	16	false
CARGPPYHPFYYYYYMDVW	1	-1	false
CARGPRGYSYGPTRYFDYW	1	-1	false
CARGPKRWLQLRSYYYYGMDVW	1	-1	false
CARGLKSPHDFWSGYYSGRNSDWFDPW	1	-1	false
CARGLVFARKAYDFWSGYPRTHDYW	1	-1	false
CARGLETPHIVVVPAASSAFDPW	1	-1	false
CARGLLRAMSDYW	1	-1	false
CARGERSLGDIVVVPGGRPSPEFDYW	1	-1	false
CARGGKVLKLLLLRYFQHW	1	-1	false
CARGGMGPQWLVRTQNWFDPW	1	-1	false
CARGGSGYRYYYYMDVW	1	-1	false
CARGGGVGAQVSPFYFDYW	2	-1	false
CARGGRLYYYDSSGYYFDYW	1	-1	false
CHGGGTGTTDYW	1	-1	false
CANGLWRTYDYVWGSYRPWYYW	1	-1	false
CAKDLAYDYVWGSYVQYYGMDVW	1	-1	false
CAKDRSEPPQSFLFVRYYYYGMDVW	1	-1	false
CAKDRVRKIWGVDYFDYW	1	-1	false
CARVQKVRASGGGVVNYYYYGMDVW	1	-1	false
CARNSHRDGYMW	1	-1	false
CARVRFGSSTSCHFLASPACGMDVW	1	-1	false
CARDLDRAGWELLIGGTDAFDIW	1	-1	false
CARGRGRYYDSSGYLDAFDIW	1	-1	false
CARGLPPIDDSSGYIGYW	1	-1	false
CARGDGITMIVFW	1	-1	false
CARGGGYSNYVVRRMDVW	1	-1	false
CARGCSSTSCYPFDIW	1	-1	false
CARGPRENWELLAYW	1	-1	false
CARGLTGYYNVFDYW	1	-1	false
CARDSGWYADFDYW	1	-1	false
CARDLARYCSSTSCYTFFFW	1	-1	false
CARDLGMVAGLDYW	1	-1	false
CARDRFWEQAGLFDYW	1	-1	false
CARDPCDSSGYICHYFDYW	1	-1	false
CARDLIEMATIYSPDYW	1	-1	false
CARPRWLQLTSARIDYW	1	-1	false
CARGGLQYYW	1	-1	false
CARGSQVGTRFLEWLFRDYYFDYW	1	-1	false
CARGITYCSGGSCYPEEYYYYYGMDVW	2	-1	false
CARGVGRTTNYYYYYMDVW	2	-1	false
CARAPDFWSGYYIGYYYYMDVW	1	-1	false
CARAGWELNFDYW	1	-1	false
CARARGRTLIFGVVIIPYYYMDVW	1	-1	false
CAREFKYCSSTSCNSANYYYYGMDVW	1	-1	false
CARVASGSISEGYSSSTHFAYW	1	-1	false
CARVFSSTSPNNWFDPW	1	-1	false
CARVREKTDIVATIYYFDYW	1	-1	false
CARVNTAMARQEIDYYYGMDVW	1	-1	false
CARVGAAAGTGDDYYYYMDVW	1	-1	false
CARRPTKVRFLEWLPGHNEDYYGMDVW	1	-1	false
CARIPAAIWVYYYYGMDVW	1	-1	false
CARIHDSDASYDFWSGYYTRATGYW	1	-1	false
CARRDFWSGYSTYYYYYYMDVW	1	-1	false
CARGVISYYYYGMDVW	1	-1	false
CARGNTAMGPYYYYMDVW	2	-1	false
CARGRQLKSSGCMFCRSGPAVGPRYYYYMDVW	1	-1	false
CARVDSSGYYPPFDYW	1	-1	false
CARDYCSSTSCYAGGEW	1	-1	false
CASLFTTVTTTDYYYGMDVW	1	-1	false
CARYTKEVTTISYW	2	-1	false
CARKVPAANNWFDPW	1	-1	false
CARIVGATGAFDIW	1	-1	false
CASFSSQLLSYAFDIW	1	-1	false
CASWYSSGWDELSLDYW	2	-1	false
CARDRIIAVAGLRAFDIW	1	-1	false
CARDPEYNHEHDW	1	-1	false
CAREKTAKRGYCSGGSCYSEIYYYYGMDVW	1	-1	false
CARDLDPYSGATIDGAYYYYGMDVW	1	-1	false
CARDSGYDFWSGYIQGGSAFDYW	1	-1	false
CAREEVRCSSTSCYDVLSFDYW	1	-1	false
CAHKGVGVDIVATAKYNWFDPW	1	-1	false
CARDSYGMDVW	1	-1	false
CAHSGEWELIAGIFLGVAFDIW	1	-1	false
CAHRPDWNDEEQAWFDPW	1	-1	false
CAHRTYYYDSSGYYYDDW	1	-1	false
CAHPYYDYVWGSYRLEYYFDYW	1	12	false
CAHEAPGGYNWNDGHGYFDYW	1	-1	false
CAHRSIAAAGTAVDAFDIW	1	-1	false
CAHRPTSCYSWVGCWFDPW	1	-1	false
CAHRQGYSSGWYSRGDPDYW	2	-1	false
CAHRRRQPDDIVVVPAASGFDYW	1	-1	false
CAHRRGYCSGGSCYLGAFDIW	2	-1	false
CAHRGARRGAFDIW	1	-1	false
CAHSLSSIVPAAMPFDYW	1	-1	false
CAHSRNDYDFDSVSWFDPW	1	-1	false
CAHSVGFGENWFDPW	1	-1	false
CAHRPDSDFWSGWGFDYW	1	-1	false
CARDLGRGYSYGLGLPLDYW	1	-1	false
CARDQVVVAATNYYYYGMDVW	1	-1	false
CARDLRSSPSKGQWLTRAFW	1	-1	false
CARDYSSGWDYW	1	-1	false
CARDGGYCSSTSCYDGRADAFDIW	1	-1	false
CARDGMVAMGSANRDFDYW	1	-1	false
CARDGQSVFGVVITFDYW	1	-1	false
CARDNGNFPFDYYGMDVW	1	-1	false
CARDKAGYCSGGSCYLGYW	1	-1	false
CARDTPNWNYDYW	1	-1	false
CARDRRFLEWPQIDYW	1	-1	false
CARDIVVVPAASSSGENYYYYMDVW	1	-1	false
CARDDDYGDYVAFDIW	1	-1	false
CAREDTAMVLGSAFDIW	1	-1	false
CAREGRRPHVPATNFDYW	1	-1	false
CAREGPGVPAANDPFDIW	1	-1	false
CAREYVVVPAATFDPW	1	-1	false
CAREPTEEGCSSTSCPRDYW	2	-1	false
CARGKQLVRGFWQEHGGFPSDFDYW	1	-1	false
CARGGMITFGGVIDYYYYMDVW	1	3	false
CARGDGVTTVW	1	-1	false
CARGGLYYYDSSGSIGCDYW	2	-1	false
CARGARSSTSWAAAFDIW	1	-1	false
CARVAAEARVYGDYYYFDYW	1	-1	false
CAKTPTSTSETQNYYYYGMDVW	1	-1	false
CAKTGYGMDVW	1	-1	false
CAKWERIAAAGITGIDYW	2	-1	false
CAKCPMVQLWFENYYYYGMDVW	1	-1	false
CAKCDVVVVAATGYYGMDVW	1	-1	false
CAKSQTYIAAAGLDYW	1	-1	false
CAKSPGYYGSGSYFGYW	2	-1	false
CAKSEEQWLHSFDIW	1	-1	false
CAKSLDGDYGINYFDYW	1	-1	false
CAKSGNLAVAGYFDYW	2	-1	false
CAKFPTMVPFGYW	1	-1	false
CAKFPLWLDTAMVIDYW	2	-1	false
CAKDGTYYDFWSGYYMDYMDVW	1	-1	false
CAKAGGPMDVW	1	-1	false
CAKASREWLRLGPWFDPW	1	-1	false
CAKAQVVVITTGHFDYW	1	-1	false
CANRYNWNDGFDPW	2	-1	false
CANPMTVGYCSSTSCYGLAW	1	-1	false
CANSPGRVW	1	-1	false
CANLGDGSGTVDYW	1	-1	false
CANTRWARRVWSLLGDGGVDYW	1	-1	false
CANAYYYDSSGYFRGDYW	1	-1	false
CANAAGQYSSSSGVYW	1	-1	false
CAIIVVVVADPNAFDIW	1	-1	false
CAMMKLTTGSANPTYW	1	-1	false
CAIGAGRPVVPAAMRPIADYW	1	-1	false
CASQRYSYGRSGLNYW	2	-1	false
CAVVVVTAYDYW	1	-1	false
CAGGVDNYQCDYW	1	-1	false
CAETTYSGSYYLPPFFW	1	-1	false
CAHHQRFYGDYLEYFQHW	1	-1	false
CASASLSEMATMGPYYFDYW	1	-1	false
CATPIVAATPYFDYW	1	-1	false
CAKDYDVVVPAEYNWFDPW	1	-1	false
CDSPGIVGARSTGNDYW	1	-1	false
CTFWSGYFDYW	2	-1	false
CAKVGRGSAAYW	1	-1	false
CAKDCPGAARPLYYYYGMDVW	1	-1	false
CARGAGFGGIAVAGDYW	1	-1	false
CARGLSYCSGGSCTHLAREGGFDPW	2	-1	false
CARGLGSSYSSGWYIGFVWFDPW	1	-1	false
CARGWGASYNWNYGWFDPW	1	-1	false
CARGYGGRVSLRNKLFYFDYW	1	-1	false
CARGRNYYDSSGYYEYYFDYW	1	-1	false
CARGRSVVLRFLEWLPHYYYYGMDVW	1	-1	false
CARGKRFLVVVWPYYFDYW	1	-1	false
CARGRRFGVVVPADRRDHYFDYW	1	-1	false
CARGPAVTDKTNDAFDIW	1	-1	false
CARGSVGGSYCSSTSCRYFDYW	1	-1	false
CARGVPYQLPPMKVMDVW	1	-1	false
CARGARSGPGLVVVPAAMAYW	1	-1	false
CARGARIVVVPAAHPNWFDPW	1	-1	false
CARGAYCSSTSCYIGIVVPSYYYGMDVW	1	-1	false
CARGGYGGSGSYYNGGDYYYYYMDVW	1	-1	false
CARGVTLLWFSSYYYYMDVW	1	-1	false
CARGRKSRRFLEWLLPFDYW	1	-1	false
CARGPDFWSGYFVYFDYW	1	-1	false
CARGINTYYYGSPSYPAFDIW	2	-1	false
CARGLTSAISSWYDLPDWFDPW	1	-1	false
CARGFCSSTSCSPIVDW	1	-1	false
CARGMRVRGYSYGYVYYYYMDVW	1	-1	false
CARGTAARGFDYW	1	-1	false
CARGGEDIVVVPAAIPIDYW	1	-1	false
CARGGSMGYYGMDVW	1	-1	false
CARGGPRYYDFWSGYYLNWFDPW	1	-1	false
CARGPFPTNCSSTSCYASAFDYW	2	-1	false
CARGLGYIVVVPAAMVWFDPW	1	-1	false
CARGLTYYDFWSGYGPRKTPDYW	1	-1	false
CARGCSSTSCPFDYW	1	-1	false
CARVIGVGFLAAFDIW	1	-1	false
CARVCMGCKPFDYW	1	-1	false
CARVIRRYCSSTSCYALSLNYMDVW	1	-1	false
CARSYSSSRLFEYFQHW	1	-1	false
CARSPKYSYGHVYYFDYW	1	-1	false
CASGIAVAGTSSHYW	1	-1	false
CARSSFVGLKPKQQLALDYW	1	-1	false
CARNPIPRGYSYGQYYGMDVW	1	-1	false
CASNYLIAAAGPYYYYGMDVW	1	-1	false
CATGGSGSYYRYYYGMDVW	1	-1	false
CATLVVPDTFDYW	1	-1	false
CARDGWNCGGDCYHPSDYW	1	-1	false
CARDLRIAAAGKISYYYYGMDVW	1	-1	false
CARGEIAVAVHFDYW	1	-1	false
CARGASRGGDSSWSGEFGYFDYW	1	-1	false
CARPPQLGMYYFDYW	1	-1	false
CARDCSSTSCLANDAFDIW	1	-1	false
CARSMVQGVNHYYYYYYMDVW	1	-1	false
CARDSPIYRDFRLLYYYYMDVW	1	-1	false
CARDGPVNYYYYMDVW	1	-1	false
CARDDCSSTSCYSRADTLFDYW	1	-1	false
CARDVYGDYGILGYW	1	-1	false
CARDVSNYWFDPW	1	-1	false
CARDPEYCSSTSCFEPLYYFDYW	1	-1	false
CARDRQQLALLIDYW	1	-1	false
CAREGIVVVPAAMYNYFDYW	1	-1	false
CARVRRIVVVPAAIGYW	1	-1	false
CARGGLSMITFGGVIVITFYYYYYYMDVW	1	3	false
CARGGVTGVMEYYYYYMDVW	1	-1	false
CARDLATYYYDSSGYLFDYW	1	-1	false
CARGGETLSDAFDLW	1	-1	false
CARATVYCSSTSCYVGWFDPW	1	-1	false
CARVSLAATRYYYYYMDVW	1	-1	false
CARDTHPDAEITIFGVVIRSPTYYMDVW	1	-1	false
CARDRGGLDYW	1	-1	false
CARESLGYGRGTTGTTPGRGYYFDYW	1	-1	false
CARDGDYCSSTSCYFGYW	1	-1	false
CARDVRYYFNYYMDVW	2	-1	false
CARDRLSGAYDFWSGYSSRNYYYYYMDVW	1	-1	false
CARDRAAFLGYYYYYYMDVW	1	-1	false
CARDQTGDSGYDWYYFDYW	1	-1	false
CARDSDVRLGYCSSTSCWDAFDIW	1	-1	false
CAREVEVPAAISFDYW	1	-1	false
CAREWVVPAAMFDYYYYYMDVW	1	-1	false
CARASPSFTDIVVVPAATGGFDYYYYMDVW	1	-1	false
CARAHNALGPNWFDPW	1	-1	false
CARGVWSAVWFDPW	1	-1	false
CARGGGYCSSTSCFYMDVW	1	-1	false
CARGRSGGLGAYYYYMDVW	1	-1	false
CARGSPAKEGFDPW	1	-1	false
CARGTFAADTSYYYYYYMDVW	1	-1	false
CARVSLRYFDWSNDAFDIW	1	-1	false
CARVSPRSVYYMDVW	1	-1	false
CARYDLTPDRHDYW	1	-1	false
CARCSSTSCYQDYW	1	-1	false
CARSKYYDILTGYSDDAFDIW	1	-1	false
CAREDIVVVPAAIVYWFDPW	1	-1	false
CAREPRYYDFWSANYYYYMDVW	1	-1	false
CARGELRFLIPDAFDIW	1	-1	false
CARGGYCSGGSCYILYW	1	-1	false
CASHFNYSPYYFDYW	2	-1	false
CAHWGLPYCGGDCYCFW	1	-1	false
CAHHNDYGDLPDYW	1	-1	false
CAHCSSTSCYGCFDYW	1	-1	false
CASLYYYDSSGYYHPRWYFDLW	1	-1	false
CARLTLAVAGTGRWFDPW	1	-1	false
CARHTYSSSWYDYYYYYMDVW	1	-1	false
CARTYPTYYDILTGLLSRAFDIW	1	-1	false
CARILPNDFWSGYYDNWFDPW	1	-1	false
CARTGITIFGVVIIPVPSLSDAFDIW	1	-1	false
CARHITIFGVVIAGDYYYMDVW	1	-1	false
CARHNPRGTISTQPPPDYW	1	-1	false
CARHTRSRGWSLYEYYYMDVW	1	-1	false
CARHVSRSSGWGQDYW	1	-1	false
CARHGSQDDAFDIW	1	-1	false
CARHGSDIVVVPAAITGVPMDVW	1	-1	false
CARHGRMGPSGSYLDYW	1	-1	false
CARHGFPSGDYGHDYYYYYYGMDVW	1	-1	false
CARHYAGYSGYDFFVALYYYYGMDVW	1	-1	false
CARHLRDYGSGSYYNGQGPTFDPW	1	-1	false
CARHSYDSSGYYPILSDYW	1	-1	false
CARHLGITIFGVVNNWFDPW	2	-1	false
CARHLAAAGSLWVYYYGMDVW	1	-1	false
CARQVPKDSRYDFWSGYYTPYYYYYMDVW	1	-1	false
CARQGFLVAGTSLSFDYW	1	-1	false
CARQAAAGDIYYYYYGMDVW	1	-1	false
CARQIIRITIFGVVIIHDAFDIW	1	-1	false
CARQYRKQGRDYYYGMDVW	1	-1	false
CASISGWYAPFDYW	1	-1	false
CAKDHTTGTTLYYYGMDVW	1	-1	false
CAAYYDFWSGYLDAFDIW	1	-1	false
CARTYSSSTAAHPFDYW	1	-1	false
CARDVLGSIGDYFDYW	1	-1	false
CARAPDLYSSSFKLGYWFDPW	1	-1	false
CARARGYSYGPTVDYFDYW	1	-1	false
CARQMRGPYSSSSAGWFDPW	1	-1	false
CASVKGYCSSTSCPNWFDPW	1	-1	false
CARAPRDYGDYRTSYYFDYW	1	-1	false
CARIGYCSSTSCHYYYYYYYMDVW	1	16	false
CARGVWSGYYTKNSKNFDYW	1	-1	false
CRGGSCSGGSCYSAGDDNWFDPW	1	-1	false
CARGSSPNWFDPW	1	-1	false
CARGREYPRVYYYDSSGYNAFDIW	1	-1	false
CARGGGGDSTYNWFDPW	1	-1	false
CARLTNRNSSGWYGGRRYYFDYW	1	-1	false
CARVYGAGSYDFWSGYPLYYYYYMDVW	1	-1	false
CARETYDWDYGDYGFSDYW	1	-1	false
CARDSDVMVFGVVTPPAYYYYYGMDVW	1	-1	false
CARDWAPAAKPWSYGMDVW	1	-1	false
CARYCSSTSCYNGMDVW	1	-1	false
CASRNYMTTSRPDLGDYYYYYYGMDVW	1	-1	false
CARCWNDLPNYHDAFDIW	1	-1	false
CASGRRSTIFGVVIMGDYYYMDVW	1	-1	false
CARVRTSSGYHDAFDIW	1	-1	false
CARADIVVVPAAIMSNYYGMDVW	1	-1	false
CARVLGYCSSTSCYASPLDYW	1	-1	false
CASHGGEGTDAFDIW	1	-1	false
CASMPRTDYYGSGSGVDYW	1	-1	false
CASAAGDYVSRWGGW	2	-1	false
CATPTVAGTTTTTEDNYYYGMDVW	1	-1	false
CASTPSIFGVVIIPAFLSYW	1	-1	false
CARSQIVGATTNNPKNNWFDPW	1	-1	false
CAKAYSSSRETLDYW	1	-1	false
CAKADYSNGGYYYYYYMDVW	1	-1	false
CARHSVFDVGITGTSRDYYYYMDVW	1	-1	false
CARGHCSSTSCYLQDYYYYYMDVW	1	-1	false
CARAKQDHYDFWSGYPGYYYYMDVW	1	-1	false
CARARGIAASVPNPKYGMDVW	2	-1	false
CARDRQDFWSGYYTGGYFDYW	1	-1	false
CAKAKTIFGVVPSDYW	1	-1	false
CAKDPAAGHHGW	1	-1	false
CARTTRIVVVPAAIGYW	1	-1	false
CASSSGSAMVRGVHYDWFDPW	3	-1	false
CARARSADYYYYGMDVW	1	-1	false
CATVSTIFGVVTRKNWFDPW	2	-1	false
CATTDRGYCSSTSCRGGDYW	1	-1	false
CARIETAHTNSFDYW	1	-1	false
CARIRGRDGYPTIDYW	1	-1	false
CARFPGTIAALDFGRIHDYW	1	-1	false
CARYHKHLSRYSSSWYYFDYW	1	-1	false
CARDQLAAAGTYYYYYGMDVW	1	-1	false
CAKDPPDFWSGDDAFDIW	1	-1	false
CARVTPTVTTLLIAFDIW	1	-1	false
CASEVASDPKDQEDGNGYGMDVW	1	-1	false
CARGQSGAKIFGVVKVSYNWFDPW	1	-1	false
CARGAPIFGVVIRRFDPW	1	-1	false
CARGLSDIYSNYDYW	1	-1	false
CARDYYDSSGLRVDIW	1	-1	false
CARGLCSTSCYSFYYMDVW	1	-1	false
CARGGGWFGELSRDYYYGMDVW	1	-1	false
CARAHPPIAVAAQTRTPKGHWFDPW	1	-1	false
CARFKGISLQDPW	2	-1	false
CARLEMATMVW	1	-1	false
CASIAVARGYYGMDVW	1	-1	false
CARDQFWFDPW	1	-1	false
CAHMTTCMDVW	1	-1	false
CAHSQVGNDYGDYSEVGTFDIW	2	-1	false
CAHSWEYFDYW	1	-1	false
CARGFSQWLVYKDRYGMDVW	1	-1	false
CARGRFLEWLPQKHYYMDVW	1	-1	false
CARGGYSYGPPPYYYYYYMDVW	2	16	false
CARVEREWLVPDGYYYYYYMDVW	1	-1	false
CARERTNPGYCTGGVCYIFRYYFDYW	1	-1	false
CARHVFFQPPLGYW	1	-1	false
CARQAYYYDSSGYYLDAFDIW	1	-1	false
CARVGYDYYYYYMDVW	1	16	false
CARVPDPGDYW	1	-1	false
CARVAVAAGPYYFDYW	1	-1	false
CARAGDIVVVPAADFDYW	1	-1	false
CARARIAVAGTVDYW	2	-1	false
CARAGRDYRELDYW	1	-1	false
CARASEDILTGYYKGYFDYW	1	-1	false
CARPAATYSAFDIW	1	-1	false
CARWVSYCSGGSCYYFDYW	1	-1	false
CARFWNYDFWSGYHNDAFDIW	1	-1	false
CARTRSMEGMDVW	1	-1	false
CARITRGVVPARGAFDIW	1	-1	false
CARSSTSVITIFGVSQLVGMDVW	1	-1	false
CARMDCSSTSCYSGNFDYW	1	-1	false
CARSPGAIVSSMDVW	2	-1	false
CARDGENYDFWVTINMDVW	1	-1	false
CARAGYNWNSNGAFDIW	1	-1	false
CARPGGGRPPYYYYYYMDVW	1	-1	false
CASLRWGLNGMDVW	1	-1	false
CASRWFGELPPYW	1	-1	false
CAKGGLYYGQLGEDDYW	1	-1	false
CATRFQVKIGGIW	1	-1	false
CATLSTVTTSDYW	2	-1	false
CAVGAIVVVPAAPPTPWYFDLW	1	-1	false
CAAGANYFDYW	1	-1	false
CAGKGIGITGTLLW	1	-1	false
CAGRSGYGAFGYWFDPW	2	-1	false
CASLGYCSSTSCYAAPYYYYYMDVW	1	-1	false
CARDRVVPAAIGQLLYYYYGMDVW	1	-1	false
CASLFVQGRVVAATMGFKGYYYYGMDVW	1	-1	false
CARDLRKDTAMVKGYW	2	-1	false
CARGRWYCSSTSCYAPSGGYYYYYMDVW	1	-1	false
CAKSITMVRGVQYGMDVW	1	0	false
CAKGRIIAARLFDYW	2	-1	false
CAKDLRPLWSGYYPLDYW	1	-1	false
CAKDLSYGSGWSLRPVLDPW	1	-1	false
CAKDRSGGREDYW	2	-1	false
CAKDPDSGWWGDWYFDLW	1	-1	false
CAKDTDVGYSYGYDYW	1	-1	false
CAKDEAIAARTPFDYW	1	-1	false
CAKDLAVGSGSVSSRANYYYYYGMDVW	1	-1	false
CAKAAVTIFGVVIIDYYYMDVW	1	-1	false
CAKLRGNRRYDYFDYW	1	-1	false
CAKTTKRYCSSTSCYCGSDYW	1	-1	false
CANEAVPAAMPSDYW	1	-1	false
CASGSGWELLPFDYW	1	-1	false
CARLGAIQDIVVVPGRHFDYW	1	-1	false
CAKLSGLIVVAHPDYW	1	-1	false
CAKDNDFWSGYCDYW	1	-1	false
CARRTVAGGYYFDYW	2	-1	false
CAKVGGLCGSYYLGCMGFDPW	1	-1	false
CAKEGSSSSVYYYGMDVW	1	-1	false
CAKGSAVVPAANFDYW	1	-1	false
CAKGVDYYDSSGYYSGCYFDYW	1	-1	false
CAKDPVDTAISSSRYYYYYMDVW	1	-1	false
CAKETTIFGVVKGGPFDYW	2	-1	false
CAKGYCSSTSCPFGGLGYYYYMDVW	1	-1	false
CAKATSDCGGGSCFYYYMDVW	1	-1	false
CARVPQTLYLYMDVW	1	-1	false
CARVAAVAGTYYYYYMDVW	1	-1	false
CARAVWFQTSYFWFDPW	1	-1	false
CARAGFWRPGFGVASRDAFDIW	1	-1	false
CARAQYCSSTSCYPQTRRGGAFDIW	1	-1	false
CARARRGPLHYYYYYMDVW	1	-1	false
CARAPSKLYPYYYYMDVW	1	-1	false
CARATGGVLELTEAYFDYW	1	-1	false
CARARGYSYGYHPKTDYW	2	-1	false
CARDPHYSSSLYNWFDPW	1	-1	false
CARDPYCTGGVCHHSHFDYW	1	-1	false
CARDIAVAGVSFDYW	1	-1	false
CAREGIVGATGSTTALDYW	1	-1	false
CAREGIVVVPAARTGAGYW	1	-1	false
CAREGSYSSGWYFLYYFDYW	1	-1	false
CAREIGAEISIHYYMDVW	1	-1	false
CARDGSTRFLRVPRWFDPW	2	-1	false
CARRGATGTTRRYFQHW	1	-1	false
CARLGSSWYGRYW	1	-1	false
CARLVVVVAAYSPWFDPW	1	-1	false
CARLRTPQYYDFWGGWFDPW	1	-1	false
CARHTPVGYYDFWSGSYYYYYYMDVW	1	-1	false
CARSVPRITIFGVVIIGWFDPW	1	-1	false
CARLSSGSYRGGGYYYYYYMDVW	1	-1	false
CARLGPGRSGYYTDWYYYMDVW	1	-1	false
CARYCSSTSCYAFDIW	3	-1	false
CARYNIFGVVISGRGIDYW	1	-1	false
CARCVNWKQRGAYYYYYYMDVW	2	-1	false
CARWETGSIAVADDRGDYW	2	-1	false
CARRAQYQLRRPFDYW	1	-1	false
CARRLAGKKPAFDYW	1	-1	false
CARSIVVVPAANSNYYYYMDVW	1	-1	false
CARSGYCSSTSCRGYYYYYMDVW	1	16	false
CARAFVWSEVVPAAMDYW	1	-1	false
CARAGAGYCSSTSCRPPYYYYYYMDVW	1	-1	false
CARSPSAKKRPQGWYFDYW	1	-1	false
CARSPRYQLPHDYYYYYMDVW	1	-1	false
CARNPRFLEWLLLVW	2	-1	false
CARSHGSTSCYLYCPAYMDVW	1	-1	false
CAAREGGDIVVVPAAMW	1	-1	false
CAGGAYIVANYW	1	-1	false
CARDTAMVKGPPTNW	1	-1	false
CARDYSIVVVPAANHDAFDIW	1	-1	false
CARDYVGGEIAAAGGYW	2	-1	false
CAKDRRGHGTRPGTEPEDYYYYGMDVW	1	-1	false
CAKSHKGVATISNHW	1	-1	false
CAKGIGYSGYDRRSFVDYW	1	-1	false
CARDVNWNVPDYW	1	-1	false
CARDVWAVAGRGAFDYW	1	-1	false
CASVEMATRPYGMDDW	1	-1	false
CARAHMIVVVITIPWFDYW	1	-1	false
CAKSIAVAASVSWFDPW	1	-1	false
CARDLWSGHHEAGGASYW	1	-1	false
CARDGLGIVVVPAAAYYMDVW	1	-1	false
CAREDIEYSSSSTYYYYGMDVW	1	-1	false
CARDPAGWGDSSSSGIDWFDPW	1	-1	false
CARDPRDCSSTSCYGNW	1	-1	false
CARDEVVVVPAAIYNWFDPW	1	-1	false
CANGWVEMATITYRDAFDIW	1	-1	false
CARDGAVAGTHAFDIW	1	-1	false
CAQGTEMTTSISIDYW	1	-1	false
CAKDPNSPVIGNWFDPW	1	-1	false
CARDWRIHVGAVAGTEFWYYYGMDVW	1	-1	false
CARDIDFWSGSHRAAYYYGMDVW	1	-1	false
CARDGVDTAMVTCSDYW	1	-1	false
CARVPYYDVWRSYGTYDYFYYMDVW	1	-1	false
CASETRERGVVVPAPHYYYYYYMDVW	2	-1	false
CAAALRISGYYYYYMDVW	1	-1	false
CAGGYSGYELWYYMDVW	1	-1	false
CARAAPYRSLLPVW	1	-1	false
CARDRSGDPDYYYYMDVW	1	-1	false
CAREIAVAGSYYFDYW	1	-1	false
CAREGQTDDVVVPAAIVNWFDPW	2	-1	false
CARDRRAYDFWSDTQGAYYYMDVW	1	-1	false
CAYYGGNPYYYYGMDVW	1	-1	false
CARYCSSTSCYAGAFDIW	1	-1	false
CARDSGIPW	1	-1	false
CARARTTSWFDPW	1	-1	false
CARAARPGDYDFWSGHRVPNWFDPW	3	-1	false
CARATYYYGSGSLGWFDPW	1	-1	false
CARARSVVVAGLHFDYW	1	-1	false
CARAISSGTGDYW	1	-1	false
CARARYSSSSPFEDYW	2	-1	false
CARVRTTPEYYYDSSGDIDYW	1	-1	false
CARVRSGSYYPFDYW	1	-1	false
CARVWGGSNWFDPW	1	-1	false
CARVCVDYYYGMDVW	1	-1	false
CARVLRWDNWFDPW	1	-1	false
CARTNRVGWYDFWSGHLDYYYYGMDVW	1	-1	false
CARSQRCSSTSCYQAIGYYYYGMDVW	1	-1	false
CARDCSSTSCPDRAFDYW	1	-1	false
CASQGPLQSSGAFDIW	1	-1	false
CATYGDYGGASGFDYW	2	-1	false
CARGVRVDIVVVPAFYFDYW	1	-1	false
CARGEAARRNWFDPW	1	-1	false
CARAPYYDFWSGYYMDVW	1	-1	false
CARVNVIFGVVTFDYW	2	-1	false
CARVGRGVPATHPDREPYYYYYMDVW	1	-1	false
CARYVVVAAMIDIW	1	-1	false
CARGWAPPGYCSSTSCPPGAFDIW	1	-1	false
CATSPVSGWPGDYW	1	-1	false
CARQQHDIVVVPAGKEFDYW	1	-1	false
CARQSVDTAMDDAFDIW	2	-1	false
CARHHIVVVPAAIDSHSNWFDPW	1	-1	false
CARRIRTRSIFGVVIIDAFDIW	1	-1	false
CARRAGYCSSTSCRDAFDIW	1	-1	false
CARRSLLAADFDYW	1	-1	false
CARLYGDYDYW	1	-1	false
CARLPGVVPAAIGTEYYYYYYMDVW	1	-1	false
CARLPPRPGLGDYPYW	1	-1	false
CARLRMVQGYYMDVW	1	-1	false
CARLGDWHPQYAFDIW	2	-1	false
CARLSFRGGYCSSTSCPQYFQHW	1	-1	false
CARLDSTKEGGMDVW	1	-1	false
CARLFLAARNTIFDAW	1	-1	false
CARLNGYSSSWYGVDERGWFDPW	1	-1	false
CARPYSSGWYKEDAFDIW	1	-1	false
CARPNMVRGFLGAPNNWFDPW	1	-1	false
CARPGRRAGLGKVDYW	1	-1	false
CARGSSWQNWFDPW	1	-1	false
CARAYSGSPYVIDIGFDYW	1	-1	false
CARVGQQLELLDFQGWFDPW	2	-1	false
CARSQGSITIFGVVIENLDYW	1	-1	false
CASHRIFGVVKHFDYW	1	-1	false
CASEEENKRSVAAAGTSMDYW	1	-1	false
CASSPFDYDILTGYYFDYW	1	-1	false
CARVIQLWLRVFDYW	1	-1	false
CARGGSSDPGYFDYW	2	-1	false
CARSSTWGEYFDYW	1	-1	false
CASLMYYYDSSGYYLAPGTARETPFSSYW	1	-1	false
CADGMAGIYFQHW	2	-1	false
CARGYSSSSGPW	2	-1	false
CTRDPPVLPAYTGYSSGWYAGGYYFDYW	1	-1	false
CTRDYGGSYYSPWWFDPW	1	-1	false
CTRDGSNEREIVLMAKGYYYYGMDVW	1	-1	false
CTREDSYVGDYW	1	-1	false
CTRVKLRWYFDLW	1	-1	false
CTRALSYYYDSSGYYNVDYW	2	-1	false
CTRGNGRGLFMRSFDYW	1	-1	false
CTRERYCGGDCYSPYDAFDIW	1	2	false
CTTGAYYDILTGYSTHDYW	3	-1	false
CATDGYSGYDSYYIDYW	1	-1	false
CTTDLWDCSSTSCFFWFDPW	3	-1	false
CTTDSRIVVVPADIRDYYYYYMDVW	1	-1	false
CTTSAKYSSGWYVLFEDAFDIW	1	-1	false
CTTFRVVSTYW	1	-1	false
CTTDDIGEYYDFWSGYQYFDYW	3	-1	false
CTTDPPMIVVVIGHW	1	-1	false
CTTDRWESIAGGWFDPW	1	-1	false
CTTDLIAAPPYW	2	-1	false
CTTDLRARDDYGDLRRSHAFDIW	1	-1	false
CTTDHPPLWSGYYTGENGEYYFDYW	1	-1	false
CTTDKSYYRPDDYW	1	-1	false
CTTDKPAPYVLRFLEWLPSFDPW	1	-1	false
CTTDMGVWDTAMVTGG	1	-1	false
CTTDIVVVPAARSFDYW	1	-1	false
CTTDTQYYYDSSGYYFYFDYW	1	-1	false
CTTDTPTW	1	-1	false
CTTEEGIAVAFVAFDIW	1	-1	false
CTTDHIVVVPAARAQDYYYYMDVW	1	-1	false
CTTDEITMVQGVISPPFDYW	1	-1	false
CTTVSDYYDSSGYQYYYGMDVW	3	-1	false
CTTVTAIMAPWKRGYYYGMDVW	1	-1	false
CTTGYSSGWYGDGYYYYMDVW	1	-1	false
CTTGGGGVDYDFWSGYPGQKPWFDPW	1	-1	false
CTTGESSSWDYYYYGMDVW	2	-1	false
CTTGLEYYDFWSGYCPGGGSCFDYW	1	-1	false
CTTHKNNWNYVAAYW	1	-1	false
CTTRDSSSSGDYW	2	-1	false
CTTGGRKSVAARPFFYW	1	-1	false
CTTCDSDYYYYYGMDVW	1	-1	false
CTSRYFDWLMFDYW	1	-1	false
CTRGTTIFGVVRAVKHYFDYW	1	-1	false
CARDWSEIIVVVPAASIDAFDIW	1	-1	false
CARDAYGGNSWASPETNRPDDAFDIW	1	-1	false
CARAAYCSSTSCSGPW	1	-1	false
CARMGGGSRGGYYYYYGMDVW	4	-1	false
CARVTPNCSSTSCYLTLRHDFWSGYYTGMDYW	1	-1	false
CARQGVTTEDAFDYW	1	-1	false
CARVYLKWELLDAFDIW	1	-1	false
CARGRVAGTEGEFDYW	1	-1	false
CARDTYCSSTSCHPAEYYMDVW	1	-1	false
CARVSRDGYNFRALDYW	1	-1	false
CASADPYYYDSSGFSFDYW	1	-1	false
CAGSPRLAGAQLDYW	1	-1	false
CARDYSIAGGAEWNDYW	1	-1	false
CARDLGYW	1	-1	false
CARDEGPEGLGVW	1	-1	false
CARDQRYDFWSGHGDLYYYYMDVW	1	-1	false
CARDQGYYGYW	1	-1	false
CARDRVSPPIPHYSNYYYYYYMDVW	1	-1	false
CARDRRDVDTAMLSEGDGYYFDYW	2	-1	false
CARDQYYGSGSYSVWRAFDIW	2	-1	false
CARESIPFYGMDVW	1	-1	false
CAREVHYYFDYW	1	-1	false
CAREERYSGYDYGAHGMDVW	1	-1	false
CAREGYYGSGSYIPFDYW	1	-1	false
CARETSYSGGAFDIW	1	-1	false
CARAYYYDSSGSYAFDIW	1	-1	false
CARAGDSSGYVEFADAFDIW	1	-1	false
CARGGLVRSWFDPW	1	-1	false
CARGAREDTALYRW	1	-1	false
CARGDCSSTSCYYFDYW	1	-1	false
CARGKGYGDYDRGGFDYW	1	-1	false
CARGPTIFGVVIDDYW	1	-1	false
CARVGAPHLEWLIYYYMDVW	1	-1	false
CAKIARPYYDSSGYYYDRGGPFDYW	1	-1	false
CAKNSASGRVQPHDYW	1	-1	false
CAKAWEGDIVVVPAAIV	1	-1	false
CAKVLSPAHSGSYIDGYW	1	-1	false
CAKVGATVTINYYYYGMDVW	1	-1	false
CAKAVSSCSSSSSRLLDYW	1	-1	false
CAINRGEAAAGNFDYW	1	-1	false
CAKDDHTVTTYSYW	2	-1	false
CAKCGGWEPTADYYYGMDVW	2	-1	false
CAKVDRVAVAGPGAYYYYGMDVW	1	-1	false
CARGDDDFLVVPADDAFDMW	1	-1	false
CARGIAAAGLDYW	1	-1	false
CAKCGDSSSCYNW	1	-1	false
CARNSYYSGMDSFDFW	1	-1	false
CASEHPSSSWSYYYYYGMDVW	1	-1	false
CAKDRLKGEMATIDPFPW	2	-1	false
CARGRGYSYGGETPYYYLYGMDVW	1	-1	false
CASYYYDSSGYYRYYGMDAW	1	-1	false
CARSTYYYDSSGRPLGWIDYW	1	-1	false
CARHHGRVVPAAITVDDPYYYYYGMDVW	1	-1	false
CAKDAYYHSVLLGDYMDVW	1	-1	false
CAKDMIGYCSSTSCYGIDYW	1	-1	false
CAKDRSYYGDYLFDYW	2	-1	false
CAKALSPGGGTKHNSNLGPNYYYYYMDVW	1	-1	false
CAKDGLVQNHYYGMDVW	1	-1	false
CANLGGAAAGTDPYFDYW	1	-1	false
CAKDISTLPYSGYEYYFDYW	1	-1	false
CAKDISSIVGIAVADTEYYFDYW	1	-1	false
CAKDMVDDYGDFLSNYYYYGMDVW	1	-1	false
CAKDNSGYSGYETTFDYW	1	-1	false
CAKDTRLQWLVELGWFDPW	1	-1	false
CAKDLGIQLWFEGFDYW	1	-1	false
CAKDVLAGITGTTGGGWFDPW	1	-1	false
CAKDGPLKYSSSGYGMDVW	1	-1	false
CARNGRYCSSTSCPGWFDPW	1	-1	false
CARTRRSPKRFLEWPALDYW	1	-1	false
CARTRDVCSSTSCYQDW	2	-1	false
CARGVYYDFWSGYYAEAYYYMDVW	1	-1	false
CARGSRVIVVVVAATPRHNWFDPW	1	-1	false
CARVCLGSSTSCPQNDYW	1	-1	false
CASFSVVAATGRARRGYYYMDVW	1	-1	false
CASYDSPRFDYW	1	-1	false
CASNTVVPPYYMDVW	1	-1	false
CASLPGYYYYYMDVW	1	-1	false
CATPNVAGSGGGFDYW	1	-1	false
CATAIVTTGWFDPW	1	-1	false
CAGFPHEAAAGFLVYW	1	-1	false
CARGDYYGSGSYYKGLDWFDPW	1	-1	false
CARGSGCSSTSCYGVFRGVWFDPW	1	-1	false
CARGYYGSGSYPYYYYYYMDVW	1	16	false
CARTRPTMVQGVTGPYYYYYYMDVW	1	-1	false
CASDQAAAGTVLDYYYGMDVW	1	-1	false
CARGRVLPAWFHPW	2	-1	false
CARDLYCSSNSCYARWGWFDPW	1	-1	false
CARADSSSSGWIFDYW	1	-1	false
CAGPMTTQPVSGMDVW	1	-1	false
CARDDRDFGVVIQAGHW	1	-1	false
CARAFGVVTNTNYW	1	-1	false
CGYGFLYYYYMDVW	1	-1	false
CARDNPPHSDAFDIW	1	-1	false
CARDCQDDYVWGSYRWFVGDYGMDVW	1	-1	false
CARDLTALRFLEWLGYFDLW	1	-1	false
CARDLVEVCMQLVVCRYYYYMDVW	1	-1	false
CARDSQYSGYDIW	1	-1	false
CARDSMTTVTTNAFDIW	1	-1	false
CARDSDYGDYVFDYW	1	-1	false
CARDDGYRNAFDIW	1	-1	false
CARDHVYSNYQLDYW	2	-1	false
CARDRGYYDILTGYYRFRYYGMDVW	1	-1	false
CAREGHCSSTSCYKAHMDVW	2	-1	false
CAREPRRYCSSTSCYYWW	1	-1	false
CARDWYDILTGYPYYTYGMDVW	1	-1	false
CARDSSVFRDYYYYGMDVW	1	-1	false
CARGYGDIDYW	1	-1	false
CARGGPEQWLEENYYYYYYMDVW	1	-1	false
CARGAAVVNFRLLDYW	1	-1	false
CARGGRNVVHEGAFDIW	1	-1	false
CARAVYYDSSGYYYGYW	1	-1	false
CARAQDIVATDAGHYYYYYYMDVW	1	-1	false
CARFAEDCSSTSCYRGYFDYW	1	-1	false
CARLSSGDSYYGMDVW	1	-1	false
CAREVTIFGVVIIPSPFNFDYW	1	-1	false
CARMARYYYDSSGCPYFDYW	1	-1	false
CARMGGYSGYDPLRVTTFSLSPYYGMDVW	1	-1	false
CARGVIVVEPIDYW	1	-1	false
CARVIRGEEYYFDYW	1	-1	false
CARDCYYGSGSQRNNWFDPW	1	-1	false
CARGYYYDSSGLDYW	1	-1	false
CARAAGVVPYYFDYW	1	-1	false
CASGPAIYYYDSSGYFVRAFDIW	1	-1	false
CAGVKNGGAFFDYW	1	-1	false
CARDLGDYGGNPNAFDIW	1	-1	false
CAAFLTEITIFGVVIHNWFDPW	1	-1	false
CARVGIHEAWLSARETGGVDPW	1	-1	false
CARDFGYCSSTSCYENWFDPW	1	-1	false
CARDTLGPKEDWYFDLW	1	-1	false
CARESVRIAARPRIDYW	1	-1	false
CARAERDGDIVVVPAAQYFDYW	1	-1	false
CARVPPPKYCSGGSCYTW	1	-1	false
CARVPDDAFDIW	1	-1	false
CARIYCTGGVCFFDYW	1	-1	false
CARFRFSIGYCSSTSCYASDYW	1	-1	false
CASIPVPAATLYYYYYYMDVW	2	-1	false
CASREIVVVPAAMFYAFDIW	1	-1	false
CARDTVRAGIAARRGFDYW	2	-1	false
CARARVTIPPKLRPPRGDAFDIW	1	-1	false
CARAFPYSSSWYGGLQPTQWYFDLW	1	-1	false
CARGVDDYSSSRTINWFDPW	1	-1	false
CARGTVGGYYYMDVW	1	-1	false
CARVGPYYDFWSGYWQGDYYYYGMDVW	1	-1	false
CARGVKVCSGGSCYSSFDYW	1	-1	false
CAGEGRRYYDFWSGYSNEEGNYYYYMDVW	1	-1	false
CARGYDSSGYYYARVLATRYWYFDLW	1	-1	false
CARGGGNNYGSGSYIPEKYYYYGMDVW	1	-1	false
CARDRASGSYTGYLGGRTHYYYYGMDVW	1	-1	false
CARDRGPRGLYYYYGMDVW	1	-1	false
CARDRGGYSSGYSFYYW	1	-1	false
CARDIVVVPAAHMGWHYFDYW	1	-1	false
CALGGDYSGLWYYGMDVW	1	-1	false
CARGQIYDFWSGYLGWFDPW	1	-1	false
CARLPPEYSSGSLDYW	1	-1	false
CARLGRYYYDSGYW	1	-1	false
CARGGYCSSTSCPTINWFDPW	1	-1	false
CASYKDTAMARDRGPGISEYFQHW	1	-1	false
CARVYCGRTCYGDYEGNWYFDLW	1	-1	false
CARGGGPPTWYFDYW	1	-1	false
CARGMGYCSSTSCYTGTHFDYW	1	-1	false
CARAQYGSGSYYEFDYW	1	-1	false
CASLTAVAGTGGGDYW	1	-1	false
CARDGDLGYCSSTSCYGGYYYGMDVW	2	-1	false
CTTSLVDTDYW	1	-1	false
CARPVVPAAKAVGAFDIW	1	-1	false
CARGGRATATESYYYGMDVW	1	-1	false
CARILVPLVVGHYYYYMDVW	1	-1	false
CAVLPGVVVTHPRRAFDIW	1	-1	false
CAAGRGAYSYGPFEFDYW	1	-1	false
CAAVPMIVVVIDDAFDIW	1	-1	false
CAADGSSSGWYGDYW	2	-1	false
CAAYDSSGYSFDYW	1	-1	false
CAGSSGWSPFDYW	2	-1	false
CAAVDEDYYYMDVW	1	-1	false
CAADFATTGDAFDIW	4	-1	false
CARDSAATIYGVLYYYYGMDVW	1	-1	false
CARPPSRQGGVLRFLEWLYYMDVW	1	-1	false
CARVNHRERITIFGVVTRKAEIDYW	1	-1	false
CARHVPESHIVVVPAAPPDAFDIW	2	-1	false
CARALDLHPVRLYCTNGVCDNWFDPW	2	-1	false
CARVDGAYSNRIW	2	-1	false
CTTKDVVVVAADNYYYYMDVW	1	-1	false
CTTAFTFYCSSTSCEDRFDYW	1	-1	false
CTTDSYEYSWRDYW	1	-1	false
CTTGEAAAGKGYYFDYW	1	-1	false
CTTDLQDPRTYDFWSGYYHSGFDYW	1	-1	false
CTTVVGGYCSSTSCYIRNIGYSSSWVWFDPW	1	-1	false
CARRVVVAATPFQIADYW	1	-1	false
CASSCSSTSCYGDAFDIW	2	-1	false
CARGVRYATAHDYW	1	-1	false
CARVWGPIDYW	1	-1	false
CARISRIAAAGLSPFDPW	1	-1	false
CSAMRNLLRLW	1	-1	false
CTRQVAAAGGVDYW	1	-1	false
CTRLLTGTTWFDPW	1	-1	false
CARDLCRSTSCYSLGLEYW	17	-1	false
CARDRPVEMATINWFDPW	1	-1	false
CARDSPYYDFWSGYHPPRWYMDVW	1	-1	false
CGTSYCGGDCKDAGVIDYW	1	-1	false
CARDGQSSIVVVPAAITKDLW	1	-1	false
CARDLGVPINYYYGMDVW	1	-1	false
CARESYKMDVW	2	-1	false
CARGDYDFWSGTEEDAFDIW	1	-1	false
CARGGRLVYPGEVAFDPW	1	-1	false
CASRRGIVGATGVIW	1	-1	false
CARDQMRVTSAFDIW	1	-1	false
CARRGARTGAFDIW	1	-1	false
CARLVKTYDFKWFDPW	1	-1	false
CARHSRWSSGWYYYYMDVW	1	-1	false
CATTTRHYCSSTSCYSKHHYWYFDLW	1	-1	false
CARQGYCSSTSCYGSARWFDPW	1	-1	false
CARHEDGDCSSTSCYDPLADYW	1	-1	false
CARHQYCSSTSCYYYYYMDVW	1	16	false
CARQATIFGVVRAFDIW	1	-1	false
CARRKGIVATRENAFDIW	1	-1	false
CAKEGASRYDFWSGYYHNWFDPW	1	-1	false
CAKGTKGKYSSGWFDYW	1	-1	false
CAKVITYGDYVGGFDYW	1	-1	false
CAKVLSYGGGGMDVW	1	-1	false
CAKRNKGYNWNDVAFDIW	1	-1	false
CAKPGGAAAGTFGYYFDYW	1	-1	false
CAKARLRGYYYYYGMDVW	1	-1	false
CAKSLEPVSEIDYW	2	-1	false
CATVKYYYDSSGYSKTWPYYFDYW	1	-1	false
CAKDFLDTAMGGW	1	-1	false
CAKDWSRFGESLYDAFDIW	1	-1	false
CAKDFTMIVVGVDYW	1	-1	false
CAKDLVEGPGDYYYYYMDVW	1	-1	false
CAKDIGGGLGRTGTTTAYFDYW	1	-1	false
CAKDIGGEGEDGMDVW	1	-1	false
CAKDIAPYSSSYDYW	1	-1	false
CAKDISYQQLGNLDYW	1	-1	false
CAKDISPTQGLGVDYW	1	-1	false
CAKDIYSYGYQPDYW	1	-1	false
CAKDITYYGSGGIDYW	2	-1	false
CAKDITPRFYYYDSSGYPNFDYW	2	-1	false
CAKDITPTYSSSSLDYW	1	-1	false
CAKDMVSSGWIDLNPFDYW	1	-1	false
CAKDMGSVYYYYYYMDVW	1	-1	false
CAKDIQGCTNGVCPYYYYYGMDVW	1	-1	false
CAKDILETIYTVGQARRIHGYFDLW	1	-1	false
CAKDIRAVAGTSLAFDIW	1	-1	false
CAKDNVDNWNDEGYFDYW	2	-1	false
CAKDNYYDFWSGYYAHSWFDPW	1	-1	false
CAKDKAGDDYYGSGSYGGYYGMDVW	1	-1	false
CAKDKGGYSYGLPDYW	1	-1	false
CAKDSRGYSYGRFDYW	1	-1	false
CAKDRRYDILSGGSDYW	1	-1	false
CAKDSCSSTSCYDDYYMDVW	1	-1	false
CAKDTGSSGWYVFDYW	1	-1	false
CARRALFGVVIIPYYFDYW	1	-1	false
CARAYRYCSSTSCLTSYYYYYMDVW	1	-1	false
CARGTAPQGVVVPAATYNWFDPW	1	-1	false
CARGQGITIFGVVIRPLDYW	1	-1	false
CARETYGGNSGYYFDYW	1	-1	false
CARDKKRSPVCSSTSCYQPVDYW	2	-1	false
CARGRSSGAPSDAFDIW	1	-1	false
CARAPRYDFWSGYPIEYYYYGMDVW	1	-1	false
CARDLGGIFVFDYW	1	-1	false
CARDTSGYSTFDYW	1	-1	false
CARPVIDLGDYGMDVW	2	-1	false
CARDLRWDYGDYGDAFDIW	1	-1	false
CARDLRPVLTYYGDRGVDYW	2	-1	false
CARDLGYYDSSGHPFDPW	1	-1	false
CARDLVEDIVVVPAAIFDYW	1	-1	false
CARDQREQQLIVWYFDYW	1	-1	false
CARDRGCSSTSCYVFDAFDIW	1	-1	false
CARDRVYYYGSGKGNWFDPW	1	-1	false
CARDRSVRYFDYW	1	-1	false
CARDRHVPAANGYYFDYW	1	-1	false
CARDRGGSFDYW	1	-1	false
CARDREADSSSWYYYYYYMDVW	2	-1	false
CARDPIDYW	1	-1	false
CARDAVVVPAASTFDIW	1	-1	false
CARDAVREIVVVISRSGMDVW	1	-1	false
CARDGGGVDGIYDILTGYYRVLVNYGMDVW	1	-1	false
CARDTAMPGDNYYYYGMDVW	1	-1	false
CARDSRGYSYGPQYW	1	-1	false
CARDKRDFWSGYLDYW	1	-1	false
CARDWGWTAAAGTFDYW	1	-1	false
CARDLMRQWLGLRGDKFDYW	3	-1	false
CARDLMATNHDLAVTTRMGDYW	1	-1	false
CARDYKQWHPHPGVFDPW	1	-1	false
CARGTLYGDGYNYEDYYYGMDVW	1	-1	false
CARGGRFLPLDYYYMDVW	1	-1	false
CARAGREGPYDSSGYYLKGPELYYYGMDVW	1	-1	false
CARSTVIHYFDYW	1	-1	false
CARDHHGYDFWSGYSDAFDIW	1	7	false
CARDSRWAATTMTPQYFDYW	1	-1	false
CARDAGQQLVPNYYYYYMDVW	1	-1	false
CARELGDQWTSRSYYYGMDVW	1	-1	false
CARASETNCSSTSCYTPDGYYYGMDVW	1	-1	false
CARDLSIATDYYYYGMDVW	1	-1	false
CAREPEYSSSLCNYW	1	-1	false
CAREVAQPPGWLLPYYGMDVW	1	-1	false
CAREVYGSGALFSEPDDYW	1	-1	false
CARECLGASCYLGGMDVW	1	-1	false
CARESSYGDYVSYDAFDIW	1	-1	false
CARDQAYAPITWYFDLW	1	-1	false
CARDHNTMVRPPYYYYGMDVW	1	-1	false
CARDLAGTTGLDVDYW	1	-1	false
CARDAEEDGEGYYYYYGMDVW	1	-1	false
CARDVDGHCSGGSCYEEGDFDYW	1	-1	false
CARDSRLRFLEWLSTAEGNWFDPW	1	-1	false
CARDPDIVVVVAAPPDYW	1	-1	false
CARDANMYYYDSSGYYQDYW	1	-1	false
CARDGRPERIVVVITSYYYGMDVW	1	-1	false
CAREPGEWFDPW	3	-1	false
CARGGDFMVRGVIITDYYYYGMDVW	1	-1	false
CARDHLGYCSSTSCNHDAFDIW	1	-1	false
CARVGIFGVVITHPGSTGWFDPW	1	-1	false
CARVTYCGGDCFEPW	2	-1	false
CARVSGYDILSYMDVW	1	-1	false
CARVRGVESPARGSSAIDYW	1	-1	false
CARAEMATIKYFDYW	2	-1	false
CARAVMGRITGGGYCSSTSCYSAIEVNWFDPW	1	-1	false
CARAIHEPPFDYW	1	-1	false
CARASSSFSIDLYYYYGMDVW	1	-1	false
CARAYRSSTTFGMDVW	1	-1	false
CARLRFLEWLVGSYYMDVW	1	-1	false
CARTAMALGAGDYW	1	-1	false
CASRGGMYDFWSGYLGAFDIW	1	-1	false
CARLYSGYDPLDYW	1	-1	false
CARIYDSSGMDAFDIW	1	-1	false
CATLGPSSVVDYW	1	-1	false
CATILVVYARDWYFDLW	1	-1	false
CARDLYFDLW	1	-1	false
CARGQSPYGNFDYW	1	-1	false
CARGSSDIVVVPAAKHGMDVW	2	-1	false
CARSRPYYYGSGSYEIIGVYGMDVW	1	-1	false
CARDGREAGSSSGAGWFDPW	1	-1	false
CARLSGPGYCSSTICYTFDYW	1	-1	false
CAREDIGMDVW	1	-1	false
CARVYDILTGYYNLNWFDPW	1	-1	false
CARNLGGSVGTDYW	1	-1	false
CARGRRFTVTTVRYYYYYMDVW	2	-1	false
CAKAGYDAFDIW	1	-1	false
CAREDTDIVVVPAAISFDLW	2	-1	false
CARLSDFDYW	1	-1	false
CASVFVDEGGTLYPPTFDYW	1	-1	false
CARLRITMVRGVPKASNWFDPW	1	-1	false
CARDRDYGDYAPYNWFDPW	1	-1	false
CARARAARETPLDYW	1	-1	false
CARGVRNCSSTSCYPPTDNWFDPW	1	-1	false
CTTDFDYVRIKPALIAAAGSYYYYYMDVW	1	-1	false
CARDEPYGDYTPPFDYW	1	-1	false
CARETLLRYFDWFYYGMDVW	1	-1	false
CASSPNTVTTSYGW	1	-1	false
CARGYYDFWSGKSPPDVW	1	-1	false
CARDLVVVAATRDGTNWFDPW	1	-1	false
CARPLRDYYDSSGQGGAFDIW	2	-1	false
CAKELDLDTAMVKYYYYYGMDVW	1	-1	false
CARGERHTYYYDSSGYFGFDYW	1	-1	false
CTTAVVAAPLSLNW	1	-1	false
CTTVGATGGNFDYW	1	-1	false
CAKGGQLVIYYGMDVW	1	-1	false
CASQQEGSAAGVSEYW	1	-1	false
CARETYRFAQQLGQAYYYYGMDVW	2	-1	false
CAMEVDTARAFDYW	2	-1	false
CARDISSGYFDYW	1	-1	false
CATMAVVGRYFDNW	1	-1	false
CARVGLHDFWSVSDLDYW	2	-1	false
CARAVTRQGEFDYW	1	-1	false
CARVRGDLRFLEDNYWFDPW	1	-1	false
CARGVQTDAFDIW	1	-1	false
CTTLDPDVLLWPEGYMDVW	1	-1	false
CTTDLSPDDYGDYGDAFDIW	1	-1	false
CTTDPAKPAASGYYYYGMDVW	1	-1	false
CARGGYYDSSGYHYW	1	-1	false
CARRGVMYSSSSGDYYYGMDVW	1	-1	false
CARVNQYSHTGDFWSVMNGMDVW	1	-1	false
CARDYFPTTVTNDAFDIW	1	-1	false
CARGKIPDNWFDPW	1	-1	false
CARDGGYSYGYGRGTDAFDIW	1	-1	false
CARDFTRGAGATPDYW	1	-1	false
CARDYVPDCSSTSCYVSNYYYGMDVW	1	-1	false
CARDGLYYGMDVW	1	-1	false
CARESVVGSGYYQPPNWFDPW	1	-1	false
CARVSTVTTVKEKTIDYW	1	-1	false
CARVGTTVTTWVYYYYGMDVW	1	-1	false
CARVHIVVVVAATNYGMDVW	1	-1	false
CARGGITIFGVVTHRAYYW	1	-1	false
CARAPFIAVAGLIDYW	1	-1	false
CASLDGATVVTQVDYW	1	-1	false
CANSRVRYGDYYYYYGMDVW	1	-1	false
CAKSSGYYYEGADYW	1	-1	false
CATGNIVVVPAFPIPDYMDVW	1	-1	false
CARDHPYCSSTSCSFDYW	1	-1	false
CARDLPLGHDFWSGYYTAEHEPYFDYW	1	-1	false
CARDVYGDYEGYYFDYW	1	-1	false
CARDGLEVPAAMRRGDLFRGLDYW	2	-1	false
CARDSSNRKTTNYGFDPW	2	-1	false
CARASRYCSSTSCYYYYYMDVW	1	16	false
CARSGYCSSTSCSYYMDVW	1	16	false
CARRHDITMVRGDYGMDVW	1	-1	false
CAREISGYCSSTSCYIRYYGMDVW	1	-1	false
CARDQYYYGSGSYPYNWFDPW	1	-1	false
CARATTYYDFWSGYYNLDLAAGPEKDFDYW	1	-1	false
CARHCSSTSCYGYW	1	-1	false
CARREGYCSSTSCYVRFAFDIW	1	-1	false
CARLGSSSPYHHFDYW	2	-1	false
CARGGRIAARSGDAFDIW	1	-1	false
CARGADRITIFGVVPGDAFDIW	1	-1	false
CARSGGFGVVRYFDYW	1	-1	false
CARRAPKTQVLVVSPWYFDYW	1	-1	false
CAKVVSSPNDAFDIW	1	-1	false
CARLGRNYYGMDVW	1	-1	false
CARRSDYGDYLGGSYYFDYW	1	-1	false
CARRSGDYGDYLRGGDYYGMDVW	1	-1	false
CARHEGPFDPW	1	-1	false
CARQGWESGYYYYGMDVW	1	-1	false
CARLRIAAAGTNWFDPW	1	-1	false
CARLSASGEDYFDYW	1	-1	false
CARPPYSSGWYYFDYW	1	14	false
CARPVYYDSSGYYPTIDYW	1	-1	false
CASSDDYGDYGRFVW	1	-1	false
CARGLLGDSSGYYWVPFDYW	2	-1	false
CATGPPDYYYGMDVW	1	-1	false
CARRMGYSYGPDAFDIW	1	-1	false
CAKDSGYSSSWNRFDPW	1	-1	false
CAKTPSDYTKQNNWFDPW	1	-1	false
CAKDKVDTAMVTSFDYW	1	-1	false
CAKDPPAEYYDFWSGYYTDDAFDIW	1	-1	false
CAKDRRIGYCSSTSCYEGRWGDYYYYMDVW	1	-1	false
CAKATWDPTLSQWLAPKRYYYYGMDVW	1	-1	false
CAGRGGYCSSTSCYFDVYFSSGGDRPGHPTFDYW	1	-1	false
CAKGLCSGGSCPLDYW	1	-1	false
CAKDTMVRGAIDAFDIW	1	-1	false
CAKDTRLLRFLEWARFDIW	1	-1	false
CAKDGVPAASYYYYYMDVW	1	-1	false
CAKDAGGVGATWGSYFDYW	1	-1	false
CAKDASGWYLGGYFDLW	1	-1	false
CAKDEGYDILTANWFDPW	2	-1	false
CAKDREGYYDSSGYYRTGRFDYW	1	-1	false
CAKERTFGTVTTFFDYW	1	-1	false
CAKDQTSERPSGWTDWYFDLW	2	-1	false
CAKGSTELDAFDIW	1	-1	false
CAKGAELSKSYSSSWYRVLVYFDYW	1	-1	false
CAKGQEGGYNQGVGYW	1	-1	false
CAKGSYSGSYYGVFDYW	1	-1	false
CAKGATIFGVVSHYYYYYMDVW	1	-1	false
CAKVSYSIAGGYYFDYW	2	-1	false
CAKVYGSGSYRYFDYW	1	-1	false
CAKAGKDYVWGSYREYYFDYW	1	-1	false
CAKAPGQSSSFDYW	1	-1	false
CAKAPAHCSSTSCPFDYW	1	-1	false
CAKATTGLLGPEKYGMDVW	1	-1	false
CAKSIFGDYYYYYMDVW	1	-1	false
CAKIQGPYSSSWGLDYW	1	-1	false
CAKPGQYYDFWSGFDYW	1	-1	false
CAKGYNWNDGGDYW	1	-1	false
CARDSQGGYDNAQVLDYW	1	-1	false
CARDTTKYFDYW	1	-1	false
CARDYCSGGSCYWFDPW	1	-1	false
CAREDSGYEEGSWVYYYYGMDVW	1	-1	false
CARESSRKYYYYYMDVW	1	-1	false
CARESYITSCYHMDVW	1	-1	false
CARESCGGDCYHSPVDYW	1	-1	false
CARERMVTALAYYYGMDVW	1	-1	false
CARECDFWSGFVHPFDYW	1	-1	false
CAREGSTSIFNWFDPW	1	-1	false
CAREGGEVPAAIGFDYW	1	-1	false
CARATGNGALNWYFDLW	1	-1	false
CARANKWFGEFIHGMDVW	1	-1	false
CARGSSSSWSLDYW	1	-1	false
CARGDDGDYVYYGMDVW	1	-1	false
CARGGQYYYDSSGYYDYW	1	15	false
CARGDAAMSSRFVLPFDYW	1	-1	false
CARGDGMDVW	1	-1	false
CARGTGTVGATLRTPLLDFQHW	1	-1	false
CARGGYSYGIYYYYGMDVW	1	-1	false
CARGPYAETRTSPRNGDSIAARPRFDYW	1	-1	false
CARVEDYDFWSGDYYGMDVW	1	-1	false
CARVDLSYSNRDYYGMDVW	1	-1	false
CARISDEDPVAYCGGDCYPVDYW	1	-1	false
CARPGNGYSSGWYFFDYW	1	-1	false
CARYYGDYLAGGYYYGMDVW	1	-1	false
CARVYSSSSFDAFDIW	1	-1	false
CARVGGGHPNPDYYDSSGYYEGYMDVW	1	-1	false
CAREGYCSSTSCYFDYW	1	-1	false
CARKKSGPDYW	1	-1	false
CASQIAAAGNFDYW	1	-1	false
CASSSTAGWFDPW	1	-1	false
CAVIVVVPAAPDAFDIW	1	-1	false
CARGPHVVPAASVDW	1	-1	false
CARGPLGYCSSTSCYTVAFRWRDYYYYYGMDVW	2	-1	false
CARGRRYFDWLQQGGYYGMDVW	1	-1	false
CARVVSVVAANYFDYW	1	-1	false
CARVEYYYDSSGYFDEETYYYGMDVW	1	-1	false
CARVEDTW	1	-1	false
CARAGNIVVVTATHPHGDDAFDIW	1	-1	false
CARWGDSGSYYYGMDVW	1	-1	false
CARSAGLYDSSGYPLFGDAFDIW	1	-1	false
CARPGIAVAGPMFDPW	1	-1	false
CARIIGMVRGVIWNWFDPW	1	-1	false
CARAARDYDGKGFDPW	1	-1	false
CARAGGNSVSDYW	1	-1	false
CARAIQEGQTGWYDYW	1	-1	false
CARSPIPVLYCSSTSCYEGWFDPW	1	-1	false
CARTDSSGYYYYYFDYW	1	-1	false
CASTYSSFNW	1	-1	false
CASLVGYDYGDYW	1	-1	false
CASPDSRGERGWDGFFDYW	1	-1	false
CAGEPEGWRYDSSGYYLLNWYFDLW	1	-1	false
CARPNENWFDPW	1	-1	false
CARDYCTGGVCYIGGGVQGLLSNW	1	-1	false
CARDSEGPGRYCTGGVCHSGYYYYYMDVW	1	-1	false
CAMQFGVVIINAFDIW	1	-1	false
CAKTPAEWQYYYYGMDVW	1	-1	false
CARVTYSGSYYGYW	1	-1	false
CARDLITMARYYYYGMDVW	1	-1	false
CARDHTGYGDYYYYGMDVW	1	-1	false
CARDLLRGGHDAWFDPW	1	-1	false
CARDSPPGWAAAGTVRFDPW	1	-1	false
CARDISTVVTPYFDYW	1	-1	false
CARGLAIVWPHTVKDAKLGPNGVEVMDVW	1	-1	false
CARQVQETAMVTSWYFDLW	1	-1	false
CARSVDTAMVGGYYFDYW	1	-1	false
CARSLQTTVTAREVSLYNWFDPW	1	-1	false
CARAHYYGSVPYAFDIW	1	-1	false
CAKSYYDFWSGYYSWFDPW	1	-1	false
CARDHPPEATTYYFDYW	1	-1	false
CARDAGYCSGGSCPYYYYYYMDVW	1	-1	false
CARDRGVVPAAIESHTFDPW	1	-1	false
CARDSQVTTVTTNEETRYYYYYYMDVW	1	-1	false
CARETAIAAAGTTRDYW	1	-1	false
CAREDGWGCSSTSCQNWFDPW	4	-1	false
CARAQYYDFWSGYRTPFDYW	1	-1	false
CARGGGGYCSSTSCYWDPFDPW	1	-1	false
CARGVRGYCSSTSCDGGDYW	1	-1	false
CARVRGRSTSCQYMDVW	1	-1	false
CARRSATGWFRELSFFDYW	1	-1	false
CASTRTTGTTSIGAFDIW	1	-1	false
CASFNRNCSSTSCPNFPYYYYYYYMDVW	1	-1	false
CARDSGSVVAARRAGFDYW	1	-1	false
CARDRVWSGYSNNWFDPW	2	-1	false
CARDGDCSSTSCYGFPPRRGSYYYYMDVW	1	-1	false
CARDMVAARLLHYYYYMDVW	1	-1	false
CARAISGPIAAVMRPTKYYYYMDVW	1	-1	false
CARVPHYDFWSGYPTLEPVFDYW	1	-1	false
CATGAQWELRPLYYFDYW	1	-1	false
CADYQLQRGWFDPW	1	-1	false
CATGIGAFDIW	1	-1	false
CARDGGDNWNYSEYFQHW	3	-1	false
CARSRAITIFGVVIIPGPFDYW	1	-1	false
CARDSAAAGYYYYGMDVW	1	-1	false
CAKVWHRYDFWSGFDYW	1	-1	false
CTTDTTMIVVVMAGAFDIW	1	-1	false
CAKESDYYDSSGYYYSSDFDYW	1	-1	false
CAKDSRYSSSYNWFDPW	1	-1	false
CARVYDIVVVPAATLRVHDAFDIW	1	-1	false
CARGYSGYEDYYYYYMDVW	1	16	false
CAITIAVAGTYGYFQHW	1	-1	false
CARDPYYDILTGTTYYYGMDVW	1	-1	false
CARAPQECTGGVCYPLWYFDLW	1	-1	false
CARGPIFGVAPVRFDPW	1	-1	false
CARALRGYSFLGSGMDVW	1	-1	false
CARAPGYSHSSYYYYYYMDVW	1	-1	false
CARGANNWNDGDAFDIW	1	-1	false
CARTAMVDYYYYGMDVW	1	-1	false
CARVGGYYDFWSGYYSNAFDIW	1	-1	false
CARDPQYPPGKQWLVTGAFDIW	1	-1	false
CARESRLSPW	1	-1	false
CTRYGSSRMCSSTSCPFDYW	1	-1	false
CTRQHTAYCSSTSCYEVHFDYW	1	-1	false
CTRTGRVGWYSSGWYNYW	1	-1	false
CTRDNVVVPAAMEFWFDPW	1	-1	false
CTRDRFLMSDYW	1	-1	false
CTRETRTTGTTDYW	1	-1	false
CTRELAVPAAMPVNDYW	1	-1	false
CTREGWTITIFGVVPPDDAFDIW	1	-1	false
CTRDSIQNYCSSTSCYEDAGFYYYYYMDVW	1	-1	false
CTRADWGDYW	1	-1	false
CTRAQASTIVVVPAAHEGYYFDYW	1	-1	false
CTRKYTRFDYW	1	-1	false
CTRDDTNYDFWSGYPDYYYYMDVW	1	-1	false
CARDRGLWYCSSTSCYSLDVGDGGDYGMDVW	1	-1	false
CARAATDXVVVPATGYLDYW	1	-1	false
CARDPGNSSPNSYYYYYGMDVW	1	-1	false
CARDIQGDCSSTSCYMRGYYYYYYMDVW	1	-1	false
CAREVYSGSSYYYYGMDVW	1	-1	false
CAYYDFWSGYWDYW	1	-1	false
CASDCDCSSTSCYVCDDYW	1	-1	false
CAKEVRSTSFFW	1	-1	false
CAKDQGWELLTSLYNDYW	1	-1	false
CAKSHPLFIWSGYDRSSPFDYW	1	-1	false
CGSTVTTRPAGWYFDLW	1	-1	false
CASSSSSFSLLVGKENWFDPW	1	-1	false
CAKVLVEMATINPYYFDYW	1	-1	false
CAKVVERPYYFDYW	2	-1	false
CAKVITMIVVVIPLGFDYW	2	-1	false
CAKVPSDDFWSGKNWFDPW	1	-1	false
CAKVYDFWSGKLYFDYW	1	-1	false
CAKVGEWELLGGW	1	-1	false
CAKVLSTTGTTDTWGYYYYYGMDVW	1	-1	false
CAKVGIVVVPAAIIW	1	-1	false
CAKVVLWFGENPLPGGDYW	1	-1	false
CAKAPLHAFDIW	1	-1	false
CAKALVEYYYDSSGYRYGMDVW	1	-1	false
CAKAMATTRDYW	1	-1	false
CAKAGQYSSSPFDLW	1	-1	false
CAKAGCSSTSCYYYYGMDVW	1	-1	false
CAKAHLRSARPHAFDYW	2	-1	false
CAKAARSMIVVVITTFDPW	1	-1	false
CAKEERYCSSTSCYVYFQHW	2	-1	false
CAKEGVGQYYDILTGYPRGDYW	2	-1	false
CAKDQVPYSNQYWYFDLW	1	-1	false
CAKDQGIVGATHAVDYW	2	-1	false
CAKDQWFGHCSSTSCWFDPW	1	-1	false
CAKDHRVIAVAGLDAFDIW	1	-1	false
CAKDLRLRLGELSLGHDAFDIW	2	-1	false
CAKDLGLSGYSKKAIDYW	1	-1	false
CAKDLAVPAAPWGDRDNWFDPW	1	-1	false
CAKDLAPGVYW	1	-1	false
CAKDLVVTMVRGGAFDYW	1	-1	false
CAKDLGYCSSTSCYDAGGYFDYW	1	-1	false
CAKDLEGAVDYW	1	-1	false
CANACSSTSCSSYW	1	-1	false
CARVKLFASEWELNTYGGDYYYYGMDVW	1	-1	false
CAAQGIAAAHTENYYYYYGMDVW	1	-1	false
CAISYQGYCSGGSCYKPSDYW	1	-1	false
CANSLSVGYCSSTSCYGAAFDIW	1	-1	false
CAKEGGLYIAAAGTPTPIDYW	1	-1	false
CAKDIPSKMDSSGYYRMGAFDIW	1	-1	false
CAKVLQPRGSSWYWGYYYYYGMDVW	1	-1	false
CAKDIRGRVTPRTYFDYW	1	-1	false
CAKDIRPGGSGYVNYYYGMDVW	1	-1	false
CAKAREYQLLMSAFDIW	1	-1	false
CAKDISLAVAGTFDYFDYW	1	-1	false
CAKSLWFRDGWFDPW	1	-1	false
CAKDIQDIVVVPAAMTFDYW	1	-1	false
CAKDHGYSSGRGTFDIW	2	-1	false
CAKDNDGGSKPAGSYFDYW	1	-1	false
CAKDISGDLSNTWHYGMDVW	1	-1	false
CAKGRRDGYNYLDYW	1	-1	false
CAKDEGYDSSGYLEYAFDIW	1	-1	false
CAKDTGAGFDYW	1	-1	false
CAKDIRPDAEEIFGVVTPGGFDYW	1	-1	false
CAKGGSNWPFPDYW	1	-1	false
CAKAFSGWGEPWYFDYW	1	-1	false
CAKGLPTVGYYYGMDVW	1	-1	false
CAKVSEPNYYYYGMDVW	1	-1	false
CAKGRYNWNHGEDMDVW	1	-1	false
CARGFVNCSSTSCYPFWTRFDYW	2	-1	false
CARETSSGLTARHDAFDIW	1	-1	false
CTRGAVTNFGWFDPW	1	-1	false
CTRPGLEWLLSYGDLTDYW	2	-1	false
CAKGRRYCSSTSCQPDYW	1	-1	false
CARDFYGDYATRGAYYFDYW	1	-1	false
CATDWVVPVILSYW	1	-1	false
CASRTIVGIEYYMDVW	1	-1	false
CAKDSNIAAAGEIDYW	1	-1	false
CAKDDSSGYYPRPGYW	1	-1	false
CASYQLLPADNWFDPW	2	-1	false
CARHAFDGDYEDVASYW	2	-1	false
CARGYYYGMDVW	1	16	false
CARDGSSTSCCYGMDVW	3	-1	false
CARAKSTSCYCFDYW	1	-1	false
CARDPIWGTIFGVVTGRLQDSDYW	1	-1	false
CARDPVVTAAKYGMDVW	1	-1	false
CARGEGLYCSSTSCYHHDGAFDIW	1	-1	false
CARGGDIVVVPAAMLGVAYYFDYW	1	-1	false
CARDRSPWLGSTSCYLGYW	1	-1	false
CARDLLAGYYYDSSGYSSPDYW	1	-1	false
CARDSGRDIDYFDYW	1	-1	false
CARDSFQGDGYNLNVW	1	-1	false
CARDPSTGTTTYNWFDPW	1	-1	false
CASDSSTRWGYLTVW	1	-1	false
CARYEAGESWFDPW	1	-1	false
CARDRFYGADTAMAQADYYYGMDVW	1	-1	false
CARSYIVIPDYW	1	-1	false
CATDIVVVPAAIDDAFDIW	1	-1	false
CARCYYYDSSGYSEFDYW	1	-1	false
CARDRVRGVYMRYYYYGMDVW	1	-1	false
CARDHRHTVVTPGYW	1	-1	false
CARGGGSAVEDWFDPW	1	-1	false
CARDYGEAKGFDPW	1	-1	false
CAKAGQYCSSTSCYPDSNYMSHYYFDYW	1	-1	false
CAKVDDSPQSGGYYYGMDVW	1	-1	false
CAKVEGGLPHYYYYGMDVW	1	-1	false
CAKDHSFYGMDVW	1	-1	false
CAKDPPLYGDYTLAVPRLFTRPYYFDYW	1	-1	false
CAKDQYSSSDPYFDYW	1	-1	false
CAKGAITMIVVVTDLGIDYW	1	-1	false
CARGRTAMVTSPTFDYW	2	-1	false
CARDVSCYYGSGSYCYYYYYMDVW	1	-1	false
CARNPLITMVQGVIPNDYW	1	-1	false
CARGDIVVVPAAMGWVYW	1	-1	false
CARRDRMTTVVDYW	1	-1	false
CARRRVAVAGEYYYYYYGMDVW	1	-1	false
CARNTDGRFDPW	1	-1	false
CARDLYYVGTIFGVGGYYYYGMDVW	1	-1	false
CARDGGASYQPTNWFDPW	1	-1	false
CARNSDYYDFWSGYLKSRERRFDYW	1	-1	false
CARDRIVVVPAAYYDPW	2	-1	false
CARDRGEL	2	-1	false
CARDSIFDFWSGPIYYYYGMDVW	1	-1	false
CARDLGGGATYRDYYYYGMDVW	1	-1	false
CARDADYDFWSGRYYFDYW	1	-1	false
CARDAKPLRYSGYDRHVVHDYW	1	-1	false
CARDKFDSSPPLDLGAFDIW	1	-1	false
CARDPSRLGEYSSSADYW	1	-1	false
CARDSGSVGLGGDYVIYW	1	-1	false
CARDEGYCSSTSCYGRRDYYYYYGMDVW	1	-1	false
CARADSDCSSTSCPFFDYW	1	-1	false
CARARSWDIVATMISNWFDPW	1	-1	false
CARALTRVVYATYW	1	-1	false
CARVEEAAAGTPGDYW	1	-1	false
CATGGFGYW	1	-1	false
CATGGYNWNDQYAFDIW	2	-1	false
CATGGNQWELLGGSDYW	1	-1	false
CATDHNWNGGDW	1	-1	false
CATVRTRTLNWFDPW	1	-1	false
CATVLGFYGYYFDYW	2	-1	false
CATVVVPAAIHDAFDIW	1	-1	false
CATVVPAAKPWALRYGNWFDPW	1	-1	false
CATGYCSSTSCYIFAFDIW	1	-1	false
CATNILPAAIRVDYYYYMDVW	1	-1	false
CARIIVVVPAAMPLDYYYYMDVW	1	-1	false
CARIGAYYYDSSGYSDAFDIW	1	7	false
CARTVNDFWNGYANDYW	1	-1	false
CARTPYPTYGYQTFDYW	1	-1	false
CARKTFYGDWIVFDYW	1	-1	false
CARILAVAGHNYYYYYGMDVW	1	-1	false
CARTGITGTNYYYYGMDVW	1	-1	false
CARIPNYYDSSYNNRGWYFDLW	1	-1	false
CARFAPFYCTGGVCYNNWFDPW	1	-1	false
CARDTRRTGTTQTEQGTLDYW	1	-1	false
CARDRVEWGDIVVVPAATDYYYYGMDVW	1	-1	false
CARDRRSRRYYDFWSGYFDYW	1	-1	false
CARDLGYSYGSLGNWYFDLW	1	-1	false
CARDRGYCTNGVCYQDYW	1	8	false
CARDRNVVVVAANSFDYW	1	-1	false
CARDRQYCSSTSCIPNDAFDIW	1	-1	false
CARDPHYDFWSGYWDYW	1	-1	false
CARDPQYYDYGDLWAEQGYFDYW	1	-1	false
CARDVVPAALSWFDPW	1	-1	false
CARESMTDYGDYSGAFDIW	1	-1	false
CAREGGLVVGATGLSDYW	1	-1	false
CAREPPLTVTTSGVDYW	1	-1	false
CAREDIVVVPAAAVYYYYYYGMDVW	1	-1	false
CARGPIGGPTYYYGSGSYRYW	1	-1	false
CARGTYYYGSGSYWW	1	-1	false
CARVGGELGDLLDYW	1	-1	false
CARVSRQLVRYLNYW	1	-1	false
CARVPHNTAARCDYMDVW	1	-1	false
CARVGKRYCSSTSCYIDYW	1	-1	false
CARAPPYYDFWSGYYIFYDYW	1	-1	false
CARKGVPIVVVPAAIHDAFDIW	1	-1	false
CARKLDDSSGYYFAFDIW	1	-1	false
CARLTPLGSLGW	1	-1	false
CARAYYYDSSGRDAFDIW	1	-1	false
CARAGYSSGWYKVDYW	1	-1	false
CARDLLGSSWYGGYW	1	-1	false
CAGYCSSTSCLVETDYW	1	-1	false
CARDPLQLAAAGDYYMDVW	1	-1	false
CARDIGGYDWGVFDYW	1	-1	false
CARDPLSEGYDFWSGYYTPEGYFDYW	1	-1	false
CAKDRMIVVVINAFDIW	1	-1	false
CAKDRLVVVTVGPFDYW	1	-1	false
CAKDRTYSSSSIFGYYYGMDVW	1	-1	false
CAKDRLRVQKYFDYW	1	-1	false
CAKDRAYYDILTGYYTIASYYFDYW	1	-1	false
CAKDRSSSWFSLNTHDAFDIW	1	-1	false
CAKDPSGWYGQGYW	1	-1	false
CAKDPRGITIFGVAYTEDNWFDPW	1	-1	false
CAKDPPRSYQLLLYSEGDWFDPW	2	-1	false
CAKDPGGYSSSWYWFDPW	1	-1	false
CAKDPLRKYYFDYW	1	-1	false
CAKDEERTAMVIETEYFQHW	1	-1	false
CAKDGGGQLVSYYYYGMDVW	1	-1	false
CAKDGTVWKWARYFDYW	1	-1	false
CAKDVAYYDFWSGYPTTGWFDPW	1	-1	false
CAKDVAPPDDYGDYEPPDYYYYGMDVW	1	-1	false
CAKDITPGYCSGGSCYGSEYYFDYW	1	-1	false
CAKDRGVPAARWVRYYYYYMDVW	1	-1	false
CAKDRAITMIWSAFDIW	1	-1	false
CAKDRAVAGHDAFDIW	1	-1	false
CAKDKSPHFRGSGSYFDYW	1	-1	false
CAKDWIHYYDSSGAFDIW	1	-1	false
CAKDWSGSGWLIDYW	1	-1	false
CAKDSSIAAYYW	2	-1	false
CAKDSAIFGVARYYYMDVW	1	-1	false
CAKDFTSDLEWLFGRYYGMDVW	1	-1	false
CAKDSPYYYDSSGYPYNWFDPW	1	-1	false
CAKDPGWYHDYW	1	-1	false
CAKDPHIVVVTDALDYW	1	-1	false
CARDSRDGYNVW	1	-1	false
CARDTIVVVPAAMDYYYYGMDVW	1	-1	false
CARGPYCSGGSCFPYGMDVW	2	-1	false
CAREVVEDKQLVWFDPW	2	-1	false
CARDWSGYYYRGVEHYMDVW	1	-1	false
CARDPTPVGTSYLSYW	1	-1	false
CARDGARADFWSGSLDGWFDPW	1	-1	false
CARDQGPFVVVPAAMGAFDIW	1	-1	false
CARALPGYSSGWRLLSFDPW	2	-1	false
CARDLISEGFWSGYYSPGDYYYYGMDVW	1	-1	false
CARDGTGSGGYRWGGWFDPW	1	-1	false
CARAPYYDSSGYKYW	1	-1	false
CAHLPADDYSNYWWFDPW	1	-1	false
CTPVPAASMNGYW	1	-1	false
CARDGMVGYCSGGSCYGSRFDYW	1	-1	false
CARANNRWGSSRAGWFDPW	1	-1	false
CARDVPRWFREPTENDAFDIW	1	-1	false
CARDASGSYDYW	1	-1	false
CARWGGGSAVGVNDYW	1	-1	false
CARDLHYDFWSGYYRWPYNWFDPW	1	-1	false
CAKTVVVITSGGYYFDYW	1	-1	false
CARDLGARPYYYMDVW	1	-1	false
CARDRYPPDYW	1	-1	false
CARVFTXFGVVFIFDXW	1	-1	false
CARGSRDVVVPAAMGPKSAFDIW	1	-1	false
CARGRNVVVPAAIYVPHNYYYYYYMDVW	1	-1	false
CARGRSGWYPITFDYW	1	-1	false
CAKDFRRYDILTGYYIHYYYYGMDVW	1	-1	false
CAKDGNVVATISYFDYW	1	-1	false
CAKDAAIYYYYGMDVW	1	-1	false
CAKDVYSSGQEYFQHW	1	-1	false
CAKDRSYDSSGPYGEFDYW	2	-1	false
CAKDRFPYSSIAAPIAGRGGDYW	1	-1	false
CAKDRCSSTSCYLDYW	1	-1	false
CAKDRGKAMPTRVYYYYGMDVW	1	-1	false
CAKDPIVGAPYW	2	-1	false
CAKDNQVSGMANWFDPW	1	-1	false
CAKDKGDGMDVW	1	-1	false
CAKDMGFGVQLWIGDYW	2	-1	false
CAKDFHYYALYYFDYW	1	-1	false
CAKDLGMATIFGGDYW	1	-1	false
CAKEHYDSSGYYHFDYW	1	-1	false
CAKESSTIFGVAHYGMDVW	1	-1	false
CAKEGVRFLKGAGYYYGMDVW	1	-1	false
CAKDLAVAGTYYGMDVW	1	-1	false
CAKDTGYCSGGSCYWVDYW	2	-1	false
CAKDSNYANWFDPW	1	-1	false
CAKAYGPSRIKLGGWSDFDYW	1	-1	false
CAKGPYSSGWYWSRGSGAFDYW	1	-1	false
CAKGLTTSFRYYYYGMDVW	1	-1	false
CAKGRYGDYAHWYFDLW	1	-1	false
CAKGQMVYAINFDYW	1	-1	false
CAKGQYYYDSSGYYIDFDYW	1	-1	false
CAKRGFRTGVVAATVGPDKNWFDPW	1	-1	false
CANLDYGDSPDYYGMDVW	2	-1	false
CARIAVAGRTTRNYYYGMDVW	1	-1	false
CARGRGSSGWYGDFSDYW	1	-1	false
CARRADGVAGPRYAFDIW	1	-1	false
CARAHFDWLPLVGDYW	1	-1	false
CARLDGYYYDSSGPRSFHYYYGMDVW	1	-1	false
CASVPRRDIVNLAFDIW	1	-1	false
CASRSSDIDYW	1	-1	false
CATDPPGIAVAGDAFDIW	1	-1	false
CARGGILGYSYGYEVSFDIW	1	-1	false
CARGAVAIRAPRDAFDIW	1	-1	false
CAREIISLGYNWFDPW	1	-1	false
CARATGVLRGYCSSTSCYGGYDAFDIW	1	-1	false
CATDRRGSSSWTDW	1	-1	false
CARAGPYSSGWYMPVNWFDPW	1	-1	false
CARVLRTVHWFDPW	1	-1	false
CASLAAAGTPSPDYW	1	-1	false
CARXRPRLSRWFDPW	1	-1	false
CARGTYYDFWSGLGRGIFTGHYYYYYMDVW	2	-1	false
CARGLSYYDSSGYYTWFDPW	1	-1	false
CARGRYPLRRVQGVIKDYYMDVW	1	-1	false
CARGPTLIAAAGKKKNYYYYYMDVW	1	-1	false
CARGPLYQLHEGGNWFDPW	1	-1	false
CARGLGVVVPAANYYMDVW	1	-1	false
CARGERAARPTYYYYGMDVW	1	-1	false
CARDPLNSSGYYFDWYFDLW	1	-1	false
CARDDGYYDFWRGFDPW	1	-1	false
CARDEGAYNTIFGVVIKNWFDPW	1	-1	false
CARDGSWNYYDSSGYLYW	1	-1	false
CARDVSQPLSWFDPW	1	-1	false
CARDIVVVPAAITCNFDYW	1	-1	false
CARDTPYGDQLRGSYYYGMDVW	1	-1	false
CARDLVFLTVTTGLDAFDIW	1	-1	false
CARDSYLLVAAHW	1	-1	false
CARDYRYCSSTSCGSWFDPW	1	-1	false
CARDWNSGGYGYYYYYYMDVW	1	-1	false
CARDCSGGSCYDYW	1	-1	false
CAREPAKVAAASLDYW	1	-1	false
CAREARPYCSGGSCSFDYW	1	-1	false
CARGPLKLWFGDLGDYW	1	-1	false
CARGRSPNIEAFDIW	1	-1	false
CARGFDPYGDYEGYW	1	-1	false
CARGYYDSSGSNLPFQKFDYW	1	-1	false
CARAKRGDYSSGWYRWFDPW	2	-1	false
CARAHRQLLHNWFDPW	1	-1	false
CARYNTAMVDYW	1	-1	false
CARLARYCSSTSCYSRDYW	1	-1	false
CARLLTGTLPEADYW	1	-1	false
CARPPYGSGSYYADYW	1	-1	false
CARSPGTKRYYYYYMDVW	1	-1	false
CARPLSASSSSSVYFDYW	1	-1	false
CAREYCSSTSCYAGGDYYYMDVW	1	-1	false
CARGDYDILTGYLFDYW	1	-1	false
CARTYSSSVTGNNWFDPW	1	-1	false
CARDQEIFGVVSADAFDIW	1	-1	false
CARDHGLYYYGSGNRPRYYYYYMDVW	1	-1	false
CARDHPYYDFWSGYSGYYFDYW	1	-1	false
CARDDRSGGDFWSGYYGSPPFDYW	1	-1	false
CTTTGSSISVDVW	1	-1	false
CTSPAYCGGDCYPGGW	1	-1	false
CARTARLRGYYYYYMDVW	1	-1	false
CARSPLYYDSSDDAFDIW	1	-1	false
CARGTLEWLLGYYYYMDVW	1	-1	false
CARPHQAVVPAAKGGGRYYYYMDVW	1	-1	false
CARDVGDFWSGYYAYYFDYW	2	-1	false
CARDAGDCSSTSCHRVRNYYYYGMDVW	1	-1	false
CARRRDYGSGSYQDYW	1	-1	false
CARDSVVVPAAIETGYYYYGMDVW	1	-1	false
CAGPPSSSSPYYW	1	-1	false
CARDYGDYAGRYYYGMDVW	1	-1	false
CARDRVEYYFDYW	2	-1	false
CARDRTGGRFAFDIW	1	-1	false
CARDPGGCTGGVCYFDYW	1	-1	false
CARDPRWHLDAFDIW	1	-1	false
CARDLRGYSDRHDAFDIW	1	-1	false
CARDLGDWGRYYFDYW	1	-1	false
CAKDHPGYDFWSGYYMDVW	1	-1	false
CAKDHDSSGYYERLFDYW	1	-1	false
CAKDIVGATLDVDAFDIW	1	-1	false
CAKDKVATPFSFDIW	1	-1	false
CAKDGGSGGPVYYFDYW	1	-1	false
CAKEGFFYDFWSGYSSGLGYW	1	-1	false
CAKEKLLSRNYYYYGMDVW	1	-1	false
CAKGREQPRGW	1	-1	false
CAKGDYGDYPGGPGDSNPPGGYWYFDLW	1	-1	false
CAKGVDVVVVPAAIHYFDYW	2	-1	false
CAKGDTIFGGIHWFDPW	1	-1	false
CAKGLGAVARDYYGMDVW	1	-1	false
CAKGPLIAVAGPGFDYW	1	-1	false
CAKGARLAGYYYYYMDVW	1	-1	false
CAKGVAVAGIGLGDYW	1	-1	false
CAKGAVVPAAYIGIALRFNWFDPW	1	-1	false
CAKPGSTSCYGAFDIW	1	-1	false
CAKRGEVPAAIEPYYYYYGMDVW	1	-1	false
CAKRRVGVVIIGRAAWFDPW	1	-1	false
CAKLPIGELPNYYFDYW	1	-1	false
CAKQGENYGDYDSPLDYW	1	-1	false
CAKSAWFRELFPPPLTPDYW	1	-1	false
CAKRAYSGSYGDW	1	-1	false
CAKSLTGYQLRDSWFDPW	1	-1	false
CAKMTREYQHYYYYYGMDVW	1	-1	false
CAKMGSIQLWWFDYW	1	-1	false
CAKMGIVVVPAVRMDVW	4	-1	false
CAKKVSVVRGTTLGNYYGMDVW	1	-1	false
CARVIRGWGCSSTSCEVSFDYW	1	-1	false
CAGGTVTTGADYW	1	-1	false
CATKRFPVPAAIYNYYYYYMDVW	1	-1	false
CARIYGDYPDYW	1	-1	false
CAGGDVVVPAAMVRTDKHTYYFDYW	1	-1	false
CARAEYQLLSWYYGMDVW	1	-1	false
CAHRANMTTGMDVW	1	-1	false
CARGHDYDFSSGAFDIW	1	-1	false
CARGHIYEDIAVAGIGVKGFDYW	1	-1	false
CARGRAGYSSSWYGDDYW	1	-1	false
CARGRTVVPAAKVTPLRYW	1	-1	false
CARGRDCSSTSCRNNYFDYW	1	-1	false
CARGRLARNYDFWSGYYTGIDYYYYYMDVW	1	-1	false
CARGRCSSTSCLYHAFDIW	1	-1	false
CARGPSGVLWFRELYYW	2	-1	false
CARGPSRRDQLQYW	1	-1	false
CARGPPTRSSRIQSGYYYYMDVW	1	-1	false
CARGPRKYSNWFDPW	1	-1	false
CARGPRGPCSSTSCYGGWRYYYYYYMDVW	1	-1	false
CARGLSLTMIVVVMAGFYFDYW	1	-1	false
CARGLIMSYW	1	-1	false
CARGLPIHYYDSSGYYSGDYW	1	-1	false
CARGGRHSSGWYALGYW	1	-1	false
CARGGAITIFGVVIHDFDYW	2	-1	false
CARGGSVVVPAGDFDYW	1	-1	false
CARGGRRYYYDSSGYYYW	1	-1	false
CARGGTDYGDYVLWFDPW	1	-1	false
CARGGDYGYW	1	-1	false
CARGGRFWSGYYRRGWYFDLW	1	-1	false
CAKDIGGGPTAMVTGDGMDVW	1	-1	false
CAKDSGLRSGSDYW	1	-1	false
CAKVKGGSYGSPGAFDIW	1	-1	false
CAKVVGYCSSTSCPVDYW	1	-1	false
CAKAKGSKRDSSGWFQHW	1	-1	false
CARDRGYYDSSGYYSYYYYYGMDVW	1	16	false
CARVQVVVPAAWMGYFDYW	1	-1	false
CARESRDTAMALPWFDPW	1	-1	false
CARDVSSSPYYYYYGMDVW	2	-1	false
CARDRRIGYSGYDVGGADYW	1	-1	false
CARGDSSSASAFDIW	1	-1	false
CARGDVVPAAIILDYW	1	-1	false
CARGRSSGWSDFDYW	1	-1	false
CARDHSVWFGELLGFSGYYGMDVW	1	-1	false
CARDQSLGDLEDW	1	-1	false
CARDQIYSFAFDIW	1	-1	false
CARDHGIAAAGNFDYW	1	-1	false
CARDFRSGWYHAGGYW	1	-1	false
CARDGTHYDSSENYFDYW	1	-1	false
CARDVLNDRYYYYGMDVW	1	-1	false
CARDKAVAGTGWFDPW	1	10	false
CARDKEKDRGSGYYYYGMDVW	1	-1	false
CARETGSRTLYYYYGMDVW	1	-1	false
CAREIAVAGVFDYW	1	-1	false
CAREKPPTTVTPMPYFQHW	1	-1	false
CARASRGVSAMVPEGFDYW	1	-1	false
CARAPSNCSSTSCYPKDYYGMDVW	1	-1	false
CARAGIVVVPAANDGPYYYYYGMDVW	2	-1	false
CARAGGKEYYYYGMDVW	1	-1	false
CARVLVRFLEWLTTPYYYYYGMDVW	1	-1	false
CARVAYYDSSGYYQTNTDAFDIW	1	-1	false
CARRGEGEQWLVDYYYYGMDVW	1	-1	false
CARGDIVVVPAATRGSSGWYW	2	-1	false
CARGDIVVVPPNYYYYYMDVW	1	-1	false
CARGGVGSDYW	2	-1	false
CARGSSDYW	1	-1	false
CARGYYGTVTSYYYYYYYMDVW	1	16	false
CARGYVYYDSSGFSEGSNWFDPW	1	-1	false
CARGKEDTAMVLNWFDPW	1	-1	false
CARGTFPQRVTIFGVVISGPDHWFDPW	1	-1	false
CARGTLYCSSTSCFPGSLMDVW	1	-1	false
CARGGARHYYDSNFDYW	1	-1	false
CARGERWLQFNYYYGMDVW	1	-1	false
CARGRGKSTSSARKDYW	1	-1	false
CARGSGSGSYYSNDYYYYGMDVW	1	-1	false
CARAPDPYSHYYYYYYMDVW	1	-1	false
CARAGNEYRRGAYYFDYW	1	-1	false
CARAAKRQAVAGTKIDYW	1	-1	false
CARDGDIVVVPTNRYYYYYMDVW	1	-1	false
CARFDDRTYYYYYGMDVW	1	-1	false
CARFEGATKRFTSDYW	1	-1	false
CARYTPRRSSGWYRVEKSWYYYGMDVW	1	-1	false
CARTGFDSSGYYANFDYW	1	-1	false
CARTRWFGELLFDYW	1	-1	false
CARSCYDFWSGYYSLYYYYYMDVW	1	-1	false
CARRTFTVTTPYYYYYMDVW	1	-1	false
CARRPSLYYDFWSGYYGDYYYYGMDVW	1	-1	false
CARSYSSGWYGLNYYYYGMDVW	1	-1	false
CARNSGRRSPRSINNWFDPW	1	-1	false
CARRRQLVRGNWFDPW	1	-1	false
CARLGQGYSSGWLPQYYYYYGMDVW	1	-1	false
CARRHRLSSGYSSLGYW	1	-1	false
CARPYYDSSGYYNYW	2	-1	false
CARGIAVAGSKYFQHW	1	-1	false
CARTRGAEYRYCSSTSCYTGRYYYYGMDVW	1	-1	false
CASHFYDRSDYW	1	-1	false
CATVRYFDWLGDW	1	-1	false
CAIGRESSSWYLKHDAFDIW	1	-1	false
CAIVRPSITIFGVVSREDDYW	1	-1	false
CALSVAGGIFDPW	1	-1	false
CARGPMVRGVMGPFDPW	1	-1	false
CARGGPPPRYYDFWSQLPLDYNWFDPW	1	-1	false
CASLRITIFGVVTPFDYW	1	-1	false
CAISGDYGDPSGVYW	1	-1	false
CATAGYSSSRYVEWDYYYGMDVW	2	-1	false
CARDRTRDSHNQYGYW	1	-1	false
CARDQILLWFGELSTHYNWFDPW	1	-1	false
CARESPDFWSGHATYYYYYYMDVW	1	-1	false
CARETAGGDYW	1	-1	false
CARDTRYGDYRYYFDYW	1	-1	false
CASINWNYPNWFDPW	1	-1	false
CARELVRSSWYLITFGGVMQNTFDYW	1	-1	false
CARETVEQQLVRTGLYYYYYYGMDVW	1	-1	false
CARGDYYMDVW	1	-1	false
CARASEHSLGCGGDCYSIGGFDYW	1	-1	false
CARAYYYFDYW	1	-1	false
CARVLAVAGALDYW	1	-1	false
CAREPYYDFWSGYYTHYYYGMDVW	1	-1	false
CTTTPVLRFLEWLSNFDYW	1	-1	false
CARHYYDFWSGYYTW	1	-1	false
CATTPKVWGSWGSRYFQHW	1	-1	false
CAHTRHVGDFWSGYYYLNCAFDIW	1	-1	false
CAHRAWFPAEYFQHW	1	-1	false
CAHRMVRGVINPDWFDPW	1	-1	false
CAHLLLGDFWSGIYYGMDVW	1	-1	false
CAHGADSSSSLFDPW	2	-1	false
CARTYYDFWSGYFDYW	2	-1	false
CAHRSLVPADAFDIW	1	-1	false
CAHRPYGSYGYHYFDYW	1	-1	false
CAHRGRSSSWHPDFDYW	1	-1	false
CAHSPQEYNYDFWSGTPPRARFDYW	1	-1	false
CAHSPLLVQGVITNWFDPW	2	-1	false
CAHSMVIDAFDIW	1	-1	false
CARDHCSSTSCYNYYMDVW	1	-1	false
CARDHQYCSSTSCPNYYYYYYMDVW	1	-1	false
CARDQTPAYIYYYDSSGYYYLDYW	1	-1	false
CARDQDVVVVTATELWRNYYYYYMDVW	1	-1	false
CARDHQLLSW	1	-1	false
CARDFTARPIVVVPAAINWFDPW	2	-1	false
CARDFDDYVWGSYRYDHYW	1	-1	false
CARDFQQLGYYYYYMDVW	1	-1	false
CARDLSSYDFWSGYLALTGHYYYYGMDVW	1	-1	false
CARDSVAVPAVIDYW	1	-1	false
CARDYYDDAFDIW	1	-1	false
CARDYTGYSSSSGSMDVW	1	-1	false
CARDCRNYYDSSGYYQQRYYCYYYGMDVW	1	-1	false
CARDWPYSYGSLPYYYGMDVW	1	-1	false
CARDVMVQGPREFDYW	1	-1	false
CARDGEYSSSEWSDFDYW	1	-1	false
CARDGSRYCSSTSCYSDYW	2	-1	false
CARDGGDFWSGYYLFDPW	1	-1	false
CARDDDYGGNRDAFDIW	1	-1	false
CARDDQAMFYQNFDYW	1	-1	false
CARDAEVVPAAIMDAFDIW	1	-1	false
CARDNGYCSSTSCSRLGFDPW	1	-1	false
CARDSSSSLSLDYW	1	-1	false
CARDRRLWFGELHDAFDIW	1	-1	false
CARDRRWSFGDYMDVW	1	-1	false
CARDPYYYDSSGYPKFPGTYGMDVW	1	-1	false
CARDVVPAARTHGPAEYFQHW	1	-1	false
CARDLPRGDYYGMDVW	1	-1	false
CAREGGSAVPAVPDTEDWYFDLW	1	-1	false
CAREVRYCSSTSCFLFYGMDVW	1	-1	false
CAREAFIWEDSDFDYW	1	-1	false
CARERNYDILAHIDYMDVW	1	-1	false
CARENTHEQLYAVPAATALDYW	1	-1	false
CARGDHSGGRERWFDPW	1	-1	false
CARGGSRGTMPRPPFDYW	1	-1	false
CARGRTTIFGVVIKKYYFDYW	1	-1	false
CARGYDFWSGYYQDGMDVW	1	-1	false
CARGSYPSYYDFWSGYFENSSMDVW	1	-1	false
CARVVVVPAAMRGGYYYYGMDVW	1	-1	false
CAKWDDYDVYFDYW	2	-1	false
CAKWAYCSGGSCHDEGNGFDYW	1	-1	false
CAKSGYFGVVTDYYYYYYGMDVW	2	-1	false
CAKSAKTIFGVVIKYPFDYW	1	-1	false
CAKSTAIGFNWFDPW	1	-1	false
CAKSPYCGGDCYSWYFDLW	2	2	false
CAKFRENGINWFDPW	2	-1	false
CAKDGDYGLELYGMDVW	1	-1	false
CAKGDAVVVPAAGLPEWAFDIW	1	-1	false
CAKTSGGSPSPYYYYYYMDVW	1	-1	false
CANLVAGQYYYYYGMDVW	1	-1	false
CANVRDYSKGWDYW	2	-1	false
CANSLRGYSYGYPDYW	1	-1	false
CAIRAPTPYWYFDLW	1	-1	false
CAMYDFWSGYYKPHYYYGMDVW	1	-1	false
CAILPQGNIVVVPAADPDYYYYYMDVW	1	-1	false
CARLYIAAPGRFDPW	1	-1	false
CARTDLLIYVTGTTPVDW	1	-1	false
CATYTVTRVAFDIW	1	-1	false
CAKDILFAVTYYYGMDVW	1	-1	false
CAKGGVIVVVPAAIGRRATWENW	1	-1	false
CAKDIVVVPAAKDYW	1	-1	false
CARRRIAVYRYGMDVW	1	-1	false
CAKRGLDSSGYYNGFDYW	1	-1	false
CGGNSGPFGG	1	-1	false
CARGGRATVTDPPEFYYYGMDVW	2	-1	false
CARGSYYDFWSGYSTPYYFDYW	1	-1	false
CARGSRGNYYYYMDVW	2	-1	false
CARGSGAAAGDRGWFDPW	1	-1	false
CARGFAGYSSGWYPPLPYYFDYW	1	-1	false
CARGTTWWLVNYW	1	-1	false
CARGTKVPAAVVPSGRKGSDWFDPW	1	-1	false
CARGRGEGIVVVPADDHYYYYYMDVW	1	-1	false
CARGIGLITMVRGSYNWFDPW	1	-1	false
CARGRIRGYCSSTSCYGDHAFDIW	1	-1	false
CARGRYDYYGSGSYYRGYYYYYGMDVW	1	16	false
CARGHKNSLSGYSTSNRWFDPW	1	-1	false
CARGREGLWTASYYYYYMDVW	1	-1	false
CARGYCSSTSCYRYYMDVW	1	16	false
CARGSNVLRFFLAPGGNYYYYMDVW	2	-1	false
CARGALRFDLRGWFDPW	1	-1	false
CARGDIVAYFDYW	1	-1	false
CARGDTVTTIWGLPNIYGKEDAFDIW	2	-1	false
CARGGVKGSWFRGW	2	-1	false
CARGVIDYYGSGSEALVGMDVW	2	-1	false
CARGVGRYYDFWSGYRSFDYW	1	-1	false
CARGQRVVSDRYCSSTSCHREKTFDYW	1	-1	false
CARGRGSGYYGSGSYRRRDRYFDYW	1	-1	false
CARGKGYCSSTSCYAAYYYYYMDVW	1	-1	false
CARGTPKWLRLGNLDYW	1	-1	false
CARGAADCSSTSCYGGNDYW	1	-1	false
CARGRKSIAARFSYYYYYMDVW	1	-1	false
CARGLGWNENGGYYYYYMDVW	1	-1	false
CARGFRRKREYYYDSSGYYSFGYW	1	-1	false
CARGSFSPGIAVAGQRSYYYYMDVW	1	-1	false
CARVTISVKKDCSSTSCRLRDYYYMDVW	1	-1	false
CARVIRYCSSTSCYYVSSYYYYMDVW	1	-1	false
CARVRKYDFWSGYLPTGGMDVW	1	-1	false
CARVPTIPSANTVTNPGDDYW	1	-1	false
CARVVVVPAAASSVDYW	1	-1	false
CARVLRVVLSGAKTNYYYYYMDVW	1	-1	false
CARSSVVVVVAATPGDYW	1	9	false
CARSVGTYYYDSSGSYFDYW	1	-1	false
CARLRYSSGWYGSGYYGMDVW	1	-1	false
CARIFGTMVRENGMDVW	1	-1	false
CASGRAGRSNSNGSNYYYYGMDVW	1	-1	false
CARFDTAMACMDVW	1	-1	false
CARSVGAMVAFDYW	1	-1	false
CAREGPPSIAAAGFSLNYYYGMDVW	1	-1	false
CASQIRFLEWLPKSVFDYW	1	-1	false
CAELNSGYVGYW	1	-1	false
CARDWFIMGGSSGWYDDAFDIW	1	-1	false
CARDLLGNWNYDSVGHNWFDPW	1	-1	false
CARGPGDYGDLGGGGYW	1	-1	false
CARDFIGGGAEIGQENSSSSGGYYYYYGMDVW	1	-1	false
CASMYQLLIPSLGRYGMDVW	1	-1	false
CARDTRGAAAAGTLSGYW	1	-1	false
CARDGVGGLYGMDVW	1	-1	false
CARVGISGWSDYYYGMDVW	1	-1	false
CARAGFDCSSTSCYGDWFDPW	1	-1	false
CARDYGDGWYQLEEIDYW	1	-1	false
CARDGYCSSTSCYDRAFDIW	1	-1	false
CARDGNVGAAGHYYYYMDVW	1	-1	false
CARDEQGWEDPMRRGHKIDYW	1	-1	false
CARDDFDIVVVPAAMRAPYFDYW	1	-1	false
CARDRDCSSTSCYPLYYYYYYMDVW	1	16	false
CARDRLGYCSGGSCYVFDYW	1	-1	false
CARDSYCSSTSCYGVDYW	1	-1	false
CARVTQLRFLEWLFYYW	2	-1	false
CARGNFDWLLFRNSPTDYYYYYMDVW	1	-1	false
CARGGASYYNGYYFDYW	1	-1	false
CARGRGARITIFGVVIDYW	1	4	false
CARDTECSGGSCQAYYYYGMDVW	2	-1	false
CARGPAYDFWSGYYGDEGVDVW	1	-1	false
XARERGLFGYCSSTSCYGEDYYYYGMDVW	1	-1	false
CARERRPAASSWFDPW	1	-1	false
SARGGQFLEWLLIDYW	1	-1	false
CARDRSGTGYYGMDVW	1	-1	false
CARDPTYSSSVGSQSGFDPW	1	-1	false
CASGELGDFWSGNYYYYYMDVW	1	-1	false
CARDAGSYYYYYMDVW	1	16	false
CARGYDDFWSGLPDPGAFDIW	1	-1	false
CARQYSSSWSSAVDYW	1	-1	false
CARRGVVPAAMRFDAFDIW	1	-1	false
CARERGDIVVVPAALRTYYYYMDVW	1	-1	false
CAREIVPAANFDYW	1	-1	false
CAREDIVVARWAFDIW	1	-1	false
CARDDHCSGGSCYSGGIW	1	-1	false
CARDVREPEGYCSSTSCYAFVDIW	1	-1	false
CARDTSSGWYENYYYYMDVW	1	-1	false
CARDYVVVVPAASGWFDPW	1	-1	false
CARDYERSWFDPW	1	-1	false
CARESSSSSGYYYYYMDVW	1	16	false
CARETTEGSYYYYYYMDVW	1	-1	false
CARDTDKFPFGSYYYYMDVW	1	-1	false
CARAGIAARLGVGEDNWFDPW	1	-1	false
CARGRKDFWSGYASGLVYYFDYW	1	-1	false
CARGVLYYDILTGYYGDNWFDPW	1	-1	false
CARGETRIFYAFDIW	2	-1	false
CARGGPRFLEWLFHYW	1	-1	false
CARGPLRFLEWLELMDAFDIW	1	-1	false
CARVGFGDGDNYYYYYMDVW	1	-1	false
CARVGGADCSSTSCYQYYFDYW	1	-1	false
CARVALQRSIAARLVPWFDPW	1	-1	false
CARSSLRINHDAFDIW	1	-1	false
CARMRIAALPPGKYYFDYW	1	-1	false
CARDNQPGISWFDPW	1	-1	false
CAHTVQLRVLDYW	1	-1	false
CAHISVVVPAAMAYYYYYMDVW	1	-1	false
CAHSSDYPPFDYW	1	-1	false
CARDGSWIQLGKLGETLLSQGPGDYW	1	-1	false
CARIRGFPGIAAPLW	1	-1	false
CARQLPVSVWYW	1	-1	false
CARGGITIFGVVIISGFDNW	1	-1	false
CARHGGTSPTPNYYYYYMDVW	1	-1	false
CARQGQPLDIVVVPAAYYYYYMDVW	1	-1	false
XARHPGGIAAAGDYYFDYW	1	-1	false
CARTAYSSGWYYSLDPQGDYYYYYMDVW	1	-1	false
CARHKGRVFGVARESLLYYYMDVW	1	-1	false
CARHRSVVKKMYYYYMDVW	1	-1	false
CARHVLDGSGVVIIVLGWFDPW	1	-1	false
CARHDCSSTSCPPRFRYYYMDVW	1	-1	false
CARHGRPWAELVYYYYYMDVW	1	-1	false
CARHGRNYDFFDHWFDPW	1	-1	false
CARHGLPGIAVAGQYYFDYW	1	-1	false
CARHYCSSTSCYAYYYYYYYMDVW	1	16	false
CARHPRGIVATIAGNAFDIW	2	-1	false
CARHLSGNTYYDFWSGYYFDYW	1	-1	false
CARQGGSDILTGWTTPDQFDYW	1	-1	false
CARQGLIYDIVVVPAAMMEYALW	2	-1	false
CARQAFLGGVQSPTYYYYYMDVW	1	-1	false
CARQTTELDYW	1	-1	false
CARQSYSNYFDYW	1	-1	false
CARADIVVVPAANVYFDYW	1	-1	false
CARVPIWSGYGYYYYGMDVW	1	-1	false
CARQEGVTIFGVVIIGSTRFDYW	1	-1	false
CARRGRFTMVQGVMSAFDIW	1	-1	false
CARLAVAGTAVNWFDPW	1	-1	false
CARLRVSRLRFLEWPTYHWFDPW	1	-1	false
CARFVDTAILTLGVSYFDYW	1	-1	false
CARQYTYSSGWYSYYYYGMDVW	1	-1	false
CARTSNIVVVPAAIIPESNPFDYW	1	-1	false
CARIDSSSSNAFDIW	1	-1	false
CARGGPVVVPVGWSHYYMDVW	2	-1	false
CARGKWEPDANWFDPW	1	-1	false
CARPYGGNSGYW	1	-1	false
CARAAGGKYCSSTSCSIDPFDYW	1	-1	false
CARRDGTMGSFDYW	1	-1	false
CARGTNDYSNLSWFDYW	1	-1	false
CATKADFGVVITRW	1	-1	false
CARYGGGTTGTIGW	1	-1	false
CARVRRGDYGDYWDFDYW	1	-1	false
CAKTYDILTGYYPPLDYW	1	-1	false
CARVPPWDYYGSGSSKTFDYW	1	-1	false
CARVGDDDAYRHYYGMDVW	1	-1	false
CARGGNTYYYDSSGYYFSGW	3	-1	false
CTARMVAVAGLFDYW	1	-1	false
CARDVMVGWFDPW	1	-1	false
CARGRFECSSTSCYTQPYYYYGMDVW	1	-1	false
CARDLDYYDSSGYYTLMADYW	1	-1	false
CARDFDSSGYYGFDYW	1	-1	false
CARGGAPYLAAAGIWAYYYYYMDVW	1	-1	false
CARTIVGATSDIIGYW	1	-1	false
CARETYLETTVVTGGFDYW	1	-1	false
CAKDHDSSSSLPIYYYYYGMDVW	1	-1	false
CARVGEYYGSGSYPDYW	1	-1	false
CAKTAPAAMFSGVFDYW	1	-1	false
CAREEYCSSTSCYVDYW	1	-1	false
CTRDGSTSCYRCDWFDPW	1	-1	false
CAKDPSARLYYYDSDAFDIW	1	-1	false
CARIYYDSSGYYYFDYW	1	-1	false
CARSIAAAGMEGWFDPW	1	-1	false
CANHGDQDYW	1	-1	false
CARAEGSSWYGYW	1	-1	false
CARLVGATLWAFDIW	1	-1	false
CARSIAARSVDLRARQYYYGMDVW	1	-1	false
CASQTIAVAGSDYYYYYGMDVW	1	-1	false
CARGPIVVVPAAILGWFDPW	1	-1	false
CASTDSQGTLAHYYYGMDVW	1	-1	false
CARVPERYYMDVW	1	-1	false
CASGIGGYSYGYPIYYMDVW	1	-1	false
CARHQRITIFGVYYYYYMDVW	1	-1	false
CAKGLSDGDGHAYW	3	-1	false
CARGVGRWELHNPIGYW	1	-1	false
CAINLGRGDFWSGYYGVRSFRSCQYCWFDPW	1	-1	false
CARERAEAAAGTVSYGYW	1	-1	false
CATACPDIVVVPAAIRWHYYYGMDVW	1	-1	false
CATRTIGWLYGMDVW	2	-1	false
CARDIGDDFWSGYYISVYYYYGMDVW	1	-1	false
CAKDLLGW	1	-1	false
CARGPAHFDWLLFFDYW	2	-1	false
CAKDLHDAVLGLLYGPQGEYYYYYGMDVW	2	-1	false
CARGREYCSSTSCWRGRYYYYYYMDVW	1	-1	false
CARGLYAGDRNSVGYW	1	-1	false
CAREGTTYYDFWSGYYNRVAFDIW	1	-1	false
CARSRYSSSSGDYW	1	-1	false
CARCITMVRGVIPPPQRNYGMDVW	1	-1	false
CARGGGGYSLIGWKNAFDIW	1	-1	false
CARVENEKAIVVVITRSFYYYGMDVW	1	-1	false
CARVDRYCSSTSCYNYWYFDLW	2	-1	false
CNIRGYSYGSEDYFDYW	2	-1	false
CAHSQVLGAGYCSSTSCYTDYYYGMDVW	1	-1	false
CAHRFQDGVELGSSWAYFDYW	1	-1	false
CAHSPRSGYYTGMDYW	1	-1	false
CAHSADWNYAGGAFDIW	1	-1	false
CARGVRGEVVAAPTTKEYYFDYW	1	-1	false
CARWDSITPLDYW	1	-1	false
CAREEVYFDYW	1	-1	false
CARVYYDFWFAFDIW	1	-1	false
CASRSSYYDSPDVW	1	-1	false
CARPGGYSYADAFDIW	1	-1	false
CARHSRGESRREYYFDYW	2	-1	false
CARMSIVVVPAAIYYFDYW	1	-1	false
CARTFLSGYYGWFDPW	1	-1	false
CARHVCGYQLLSEHHRPCSGWFDPW	1	-1	false
CARHQWRVNSGYDWDWYFDLW	1	-1	false
CARQSTRTGKINWFDPW	1	-1	false
CARVGYDILTGVDYW	3	-1	false
CARVLVIGDYDAFDIW	1	-1	false
CARAGVPAATDYW	3	-1	false
CARADTMVREVDYYYGMDVW	2	-1	false
CARAAWTIFGVVFDYW	1	-1	false
CARAPYYYDSSGYYSAW	1	-1	false
CARACSSFLAFDIW	1	-1	false
CARLYRGYW	1	-1	false
CARQQLGYCSSTSCYTGTDAFDIW	1	-1	false
CARWVMVRGGRDYGMDVW	1	-1	false
CARFRQVITIFGVVIGDYYYMDVW	1	-1	false
CARSRRGYCSSTSCYVRQSLDIW	1	-1	false
CARSTSWPPFDYW	1	-1	false
CARLSSGSNDYW	1	-1	false
CARQPADCSSTSCYAFDYW	1	-1	false
CARQGFGEDYYYYYGMDVW	1	-1	false
CARYSGYDDYW	1	-1	false
CASHMKYQLPQHYYYYGMDVW	1	-1	false
CASKAGSGYYWGDYW	1	-1	false
CATGPRREVVVVPAAITDYW	3	-1	false
CAAIVVVPAAMGDWFDPW	1	-1	false
CAGSSSSSVRGWGNLGSYYYYGMDVW	1	-1	false
CASFGGYDSDYW	1	-1	false
CAWDYYGSGSYYPPGVSGMDVW	1	-1	false
CARGESGYGSGSYYFLYW	1	-1	false
CAREAFSQYYYYMDVW	1	-1	false
CARDEYGSGVDYW	1	-1	false
CAKWKSNYGGTNGMDVW	1	-1	false
CARDPLLHYYYYYMDVW	1	-1	false
CAREPAIPAAIYYYYYMDVW	1	-1	false
CARDLEEDIVLMVYAMPTPVGYYYGMDVW	1	-1	false
CASKGWGSSWYDIIPPRFQYYYYGMDVW	1	-1	false
CASWAGIAVAGISFYYYYGMDVW	1	-1	false
CAREYQLLSIYYYYYMDVW	1	-1	false
CAIDPQDIVVVPAAIW	1	-1	false
CAKDLSYGGNSFLGAFDIW	1	-1	false
CCIAAAGRGGRDYYYYYYMDVW	1	-1	false
CVGYGDYRGVTDAFDIW	1	-1	false
CAKDLEGYCSSTSCLPNWFDPW	1	-1	false
CAKDLVVVPAAISPPAPQNWFDPW	1	-1	false
CAKDQVGIGYYYYYGMDVW	1	-1	false
CAKDPRVMAASSPPDYW	1	-1	false
CAKDSRSENDFWSGYYTGGALYYYYYGMDVW	1	-1	false
CAKDSFFHCSSTSCYTYW	1	-1	false
CAKVLQLYWWDSFDYW	1	-1	false
CAKGLTYCSSTSCYFPWIW	1	-1	false
CAKGGGYCSGGSCYRGKFDYW	1	-1	false
CAKLGGTAVARRSGPDITRDYW	1	-1	false
CAKRPCSGGSCPPPFDYW	2	-1	false
CAKRIFANWFDPW	1	-1	false
CAKSLQSNIVVVVAAITAFDIW	1	-1	false
CAKSIGQLAHTPYYYYGMDVW	1	-1	false
CAKYIVVVPAARFYYYYYYGMDVW	1	-1	false
CAKKVGAGPYYYGSGSPHGTRFDYW	1	-1	false
CAKNQDTAMVHQVDYW	1	-1	false
CANLYDFWSGSDYYYYMDVW	1	-1	false
CAKAYDSSGYTYYYGMDVW	1	-1	false
CAKDVWYRGYSYDPYYYGMDVW	1	-1	false
CACSAYCSSTSCYVRYYYYYMDVW	1	-1	false
CAKDHSYGSGSYYSDGMDVW	1	-1	false
CAKDGSIFGVVMPLFGIW	1	-1	false
CAKSIGSGPGVPKIE	1	-1	false
CAKDIGPTIFGVVILFDYW	1	-1	false
CAKGVPMIVVVITFLDYW	1	-1	false
CAKDRLIVVVPAATNWFDPW	1	-1	false
CAKDRWARIAAAGMEW	1	-1	false
CAKGLEGVRGVGQIDYW	1	-1	false
CAKDLYYYDSSGYYYYAFDIW	1	-1	false
CAKVTTGGVCYWGVCSSYYFDYW	1	-1	false
CANRGGGQYYGSGTLAGRDNWFDPW	2	-1	false
CAKDRPHDFWSGYYDYYYYGMDVW	1	-1	false
CARVLETKYYFDYW	1	-1	false
CARVRVITGLRTQWNAYYYYYYMDVW	1	-1	false
CARVYCSSTSCYYFDYW	1	-1	false
CARAGSGYSNYARGKIDYW	1	-1	false
CARAGPILGYCSSTSCYPDYW	1	-1	false
CARAQDREYHLWVDPW	1	-1	false
CARALHYDFWSGSNGAYFDYW	1	-1	false
CARANRRYCSGGSCYSGLPTLYFDYW	1	-1	false
CARAVGSSYYYYYMDVW	1	-1	false
CARAVVYNWNIAYDYW	1	-1	false
CARDPSYCSSTSCYGGYW	1	-1	false
CARDFSYYYMDVW	1	-1	false
CARDCLLEYSSTSCYKDAFDIW	1	-1	false
CAREDRLLYWEYW	1	-1	false
CAREVRGSYSNSILTDNGYYYYMDVW	1	-1	false
CAREETTSAVEMATTGGWFDPW	1	-1	false
CARLPLGYCSSTSCYAFDIW	1	-1	false
CARLTAYYYDSSGQGYGMDVW	1	-1	false
CARSGKYCSSTSCYHWFDPW	2	-1	false
CARSGVRGPWLSYYYYMDVW	1	-1	false
CARSRADVITIFGVVTPPWGVLMDVW	1	-1	false
CARFRPYCSGGSCRSFDPW	1	-1	false
CARLSGYQEGSVYYMDVW	1	-1	false
CARRVGYYYGSGSYRPPYYFDYW	1	-1	false
CARRVPEDYYYGMDVW	1	-1	false
CARARQQRRWDYMDVW	1	-1	false
CARAPDPLTTVTTLRYW	1	-1	false
CARDIDSSRALDAFDIW	1	-1	false
CATLDIVVVVAATEITPTNYMDVW	1	-1	false
CARDWSQDVVPAARLDGDAFDIW	1	-1	false
CARDAQYGVVPAATHGAYYYYGMDVW	1	-1	false
CAKDKGLYSRLNWFDPW	1	-1	false
CARDQCIAVAEIPHYYYYYGMDVW	1	-1	false
CARDCFFSQLPNTRNYYYYGMDVW	1	-1	false
CARDPDRDYYDSSGYFEYADDAFDIW	1	-1	false
CARGSLRVRGVMWAYHTKYYYYGMDVW	1	-1	false
CARDKMVGGRDGYNFGYW	1	-1	false
CAKSFITYYYDTSGLEDAFDIW	1	-1	false
CARDPIVVPAAPVGYNWFDPW	2	-1	false
CAREGDQGPDSRWNHYYYGMDVW	1	-1	false
CARDSHAKAVAGHIDYW	1	-1	false
CAAPGRVQGTLVVPAAIIPVSCLDPW	1	-1	false
CARPMTTVPTDYYYYGMDVW	1	-1	false
CAKNYLEESSSSRGYYYYGMDVW	1	-1	false
CARRGYGSGSYYNVSIDYW	1	-1	false
CARDHSNYGAPIFGVVIIIGYFDYW	1	-1	false
CARDHRDIVVVPAATSRTSYYYYGMDVW	1	-1	false
CAKEDSSYFPIDYW	1	-1	false
CARESVEGYCTGGVCYVMDYW	1	-1	false
CAKGPNSSGWSSVWAYYYYGMDVW	1	-1	false
CAKGRLRLFKEDAFDIW	1	-1	false
CARDPSYYDFWSPRGSSYFDYW	1	-1	false
CAKAIGENVDPTDYW	1	-1	false
CARDIYPRARYCSSTSCYTEFVLDGMDVW	1	-1	false
CARGLLWFGESPYYFDYW	1	-1	false
CASRRTRKPDDYYYYMDVW	2	-1	false
CASEHVW	1	-1	false
CARDAVVVVPAARYYYMDVW	1	-1	false
CARAPLGELSENWFDPW	1	-1	false
CARMKIVVVMEVRPYYFDYW	1	-1	false
CARGGFPMVRGVPILSDYYYYGMDVW	1	-1	false
CARGPLGYCSSTSCFGYFDYW	1	-1	false
CARGFGSGSFGGLSWFDYW	1	-1	false
CAREQPVSRFYYYGMDVW	1	-1	false
CARERADILTGYQHFDYW	1	-1	false
CAREGAEGYCSSTSCYMWFDPW	1	-1	false
CAREWAAADHGEIDYW	1	-1	false
CARDRGPKSYYYYGMDVW	2	-1	false
CARDKGVGATHYYYYGMDVW	1	-1	false
CARDKYYYDSSGYYPHGFDIW	1	-1	false
CARDSGRYCSSTSCQMDVW	2	-1	false
CARDSTINWNDVDYYYYYGMDVW	1	-1	false
CARDFDYW	1	-1	false
CARDWARWGSSTDHRYYYGMDVW	1	-1	false
CARDLNSEGGNYYYYGMDVW	1	-1	false
CARDSRYCSSTSCRNYYYYGMDVW	1	-1	false
CARDGQWLAIDYW	1	-1	false
CARAVHDGSGSYPLFNWFDPW	1	-1	false
CARARPWELPTRYYFDYW	1	-1	false
CARVTDDEVRSYSYYYYGMDVW	1	-1	false
CARVGYGDYFDYW	1	-1	false
CARYQSSGWPFDYW	1	-1	false
CARWPYSRIAARPESFDYW	1	-1	false
CARVPIYDSSGYYFNVQVYW	1	-1	false
CARGYSYGHYYIDYW	1	-1	false
CARAYCSGGSCHFDYW	1	-1	false
CASCVSTPNWFDPW	1	-1	false
CATQRTPKKVGPPPYGMDVW	1	-1	false
CARGRSGYDFRYYYYMDVW	1	-1	false
CARALSLDFWSGYYVAFDIW	1	-1	false
CARATHYCSSTSCYGWFDPW	1	-1	false
CARAVTSGFDYYYYGMDVW	1	-1	false
CARGATTGYYYYGMDVW	1	-1	false
CARHQTTVTTDFDYW	1	-1	false
CARHYYDSSGRTDDAFDIW	1	-1	false
CARRSYSSSYLAEYYFDYW	1	-1	false
CARRAGSGWTVSLKGGAFDIW	1	-1	false
CARRISGSYSYFDYW	2	-1	false
CARRGGSYIPDSYGMDVW	1	-1	false
CARLRGQEDFWSGYFSHFDYW	1	-1	false
CARLVVVPAATRYYYYYYYMDVW	2	16	false
CARLNIVVVPAKGAIDYW	1	-1	false
CARLAYGDNNWFDPW	1	-1	false
CARLGDYVVTWFDPW	2	-1	false
CARPPFPNYGDATGDYYYYMDVW	1	-1	false
CARPMYSSGWYFDYW	1	-1	false
CARGHIVVYYFDYW	1	-1	false
CARYWSDIVVVPAARADAFDIW	1	-1	false
CARFALPIVVVPAEDLGWFDPW	1	-1	false
CASFEGYCSSTSCYLEDQFGLRDYW	1	-1	false
CASQPSSGVPQLAVAGTW	1	-1	false
CASPYGSAAFDPW	1	-1	false
CARGYCTNGVCYTGPGGGLDYFDYW	1	8	false
CASPPAMFGGNRGAFDIW	2	-1	false
CAGLLQLDSSLVEYYYYGMDVW	2	-1	false
CAYRTTPYYYYYMDVW	1	-1	false
CTTTQCSGGSCYDYW	1	-1	false
CARGDWLDPW	1	-1	false
CTRGKEQYYDSFTSHFDYW	1	-1	false
CTRDRRSWKIGYCSGGSCYSDSYYYYGMDVW	1	-1	false
CTRDRVMITFGGVPDPYNWFDPW	1	-1	false
CTRGGGLQSLYW	1	-1	false
CTSPLDCSSTSCYRLDPW	1	-1	false
CTRTYVWGSYRYPFDYW	1	-1	false
CTREAQCRDGYAEQECDDYW	1	-1	false
CTTGAVPSW	1	-1	false
CTTDRTMVQGATAGYYYYYYMDVW	1	-1	false
CTTDYDLLWFRDGWFDPW	1	-1	false
CTTSYCSSTSCYYHNFDYW	1	-1	false
CTTEGGIDFWSGYREINFDYW	1	-1	false
CTTDDSVWGGVW	1	-1	false
CTTDEYSSGWFGSYPGFDYW	1	-1	false
CTTDDLNDFWSGYIDYW	1	-1	false
CTTDDTLSDYDSSGYYSDYW	1	-1	false
CTTDGGVRIYYYYYGMDVW	1	-1	false
CTTDAYCSSTSCYAVGVLDW	2	-1	false
CTTDPSIFGVVTTIYYYYMDVW	1	-1	false
CTTDPAYSSGWYVYYYYYMDVW	1	-1	false
CTTDPELNWNYGTDYW	1	-1	false
CTTDPSTSTSSGWFNFDYW	1	-1	false
CTTDPMIVVVMITEFDYW	2	-1	false
CTTDRGGYTGSYYNVYYYYYYMDVW	1	-1	false
CTTDRHYDFWSGYYTGIWFDPW	1	-1	false
CTTDFKGKCSSTSCYGLHYYYMDVW	1	-1	false
CTTDFAPTRVGYCSSTSCWIDYW	1	-1	false
CTTDFSSYDFWSGYYIYNWFDPW	1	-1	false
CTTDSKGAYYYDSSGYRTFDYW	1	-1	false
CTTESPYYDFWSGYYKGHIYYYMDVW	1	-1	false
CTTEDIVGAIFTFDYW	1	-1	false
CTTVSLVVPAAMDYW	1	-1	false
CTTVGAW	1	-1	false
CTTVLNYYDSSGTIDYW	1	-1	false
CTTVVPYSSGWYLDPEAVGYYGMDVW	1	-1	false
CTTVIWVGVVTIDYW	1	-1	false
CTTGSLLRGSDFDYW	1	-1	false
CTTAWFW	1	-1	false
CTTQGGPYCSSSSCYLIAG	1	-1	false
CTTRGYSYGHQLPGVDYW	1	-1	false
CTTDNWNYFYQFDYW	1	-1	false
CTTGIAARIW	1	-1	false
CTTHADIVVVPAAMPGEFDYW	1	-1	false
CTTCITGTEYYYYYYMDVW	1	-1	false
CTTTYSGSYFFAFDIW	1	-1	false
CTTEGYSYGYPLYYYGMDVW	1	-1	false
CTTGPWLVDYW	1	-1	false
CTTPDLVVPAAGDPW	1	-1	false
CTSLGVFGVVTPPVW	1	-1	false
CTLLHPDIVVVPAAMASDDFDYW	1	-1	false
CTARGYSYADAFDIW	1	-1	false
CARHKVVVVPAAILPPQPNYYYYGMDVW	1	-1	false
CARGVGSGGSCYSCHSYYGMDVW	1	-1	false
CARENPGARGW	1	-1	false
CARGRDGSGYYYEGLHWFDPW	1	-1	false
CARARGSLTAKNWFDPW	1	-1	false
CARGYGSGDYW	1	-1	false
CASLPGLLCSSTSCLPPHMDVW	1	-1	false
CAREVPAVTTGLGYFDYW	1	-1	false
CARVWSGGDFWSGYPVKGGANWFDPW	1	-1	false
CARGTKRPDYFDYW	2	-1	false
CARDSVTTPEPDYW	1	-1	false
CARDSPKSGSPPFAYYGMDVW	1	-1	false
CARDGVYCSSTSCPYYYYYYMDVW	1	-1	false
CARDRGAVAYFDYW	1	-1	false
CARDRVAGAREGTGAFDIW	1	-1	false
CARDRLWFGDTHYYYYGMDVW	1	-1	false
CARDRGYCSSTSCYSTEGGFDPW	1	-1	false
CARDIRPVPGGAITPRNYYGMDVW	1	-1	false
CAREGTSSVAPYYYYYMDVW	1	-1	false
CAREWNFDYW	1	-1	false
CARAYYVTDPFDYW	2	-1	false
CARAWDSSGSDAFDIW	1	-1	false
CARALTEAPQNWFDPW	1	-1	false
CARAPGYW	1	-1	false
CARGFHGYDSSGYYRGPSDYW	1	-1	false
CARGCSSTSCWASSHAFDIW	1	-1	false
CARGRNGMDVW	1	-1	false
CARVIAAAGTAYMDVW	1	-1	false
CARVLDPSVEKSGYYLSPGFAFDIW	1	-1	false
CARVGEASQFDSSGATTVDWFDPW	1	-1	false
CAKDRLLANW	1	-1	false
CAKQAGPYYDSSGYSSPRQFDYW	1	-1	false
CAKEPKNYYDSSGYYYYFDYW	1	-1	false
CAKDGGLGNIVVVVAANNHDYW	1	-1	false
CAKDGAMASTGTTTRFDPW	1	-1	false
CAKAQEWVKVTATIHPFDYW	1	-1	false
CAKDEIVVVPAALEDDAFDIW	1	-1	false
CAKGSDSTWYHFYYYMDVW	5	-1	false
CAKSPRADFWNGPYFDSW	3	-1	false
CVSEPAIGYW	1	-1	false
CAKSISCGSPSCYVFDYW	2	-1	false
CAKDSAQISVFGSDYW	3	-1	false
CARDIWDHRDYYDGAEFDPW	1	-1	false
CARSPDIVVVPAAMRGDDYSNWKGGFDYW	1	-1	false
CARDKYSSPRYGMDVW	1	-1	false
CARQRGSYCSSTSCYFFAPPNPGIGQKNFDYW	1	-1	false
CAREWCSSTSCYDGDDWFDPW	1	-1	false
CAKVAEGYCSSTSCYGFDYW	1	-1	false
CTKDRAWGAVTGNRAAFDCW	1	-1	false
CAKDLRAGTYYGMDVW	1	-1	false
CAKGSCTSCYVFDYW	2	-1	false
CAKDIWRYSYGCGSDYW	1	-1	false
CAKDICHCTNGVCSGFDPW	3	-1	false
CAKDIGIGGSYGGYDYW	1	-1	false
CAKDTRVGAQTW	2	-1	false
CAKDGSYDFWSGYNNEPRDNWFDPW	1	-1	false
CARIRGPYIAARFDYW	1	-1	false
CARGRLDNCSSTSCHDSHYYYYMDVW	1	-1	false
CARQRSLGPVSNW	1	-1	false
CARRDLLWFGGTFVYW	1	-1	false
CARLIKQHYYYYYGMDVW	1	-1	false
CARTYGGYYYYGMDVW	1	-1	false
CASSITGTTSGDYW	1	-1	false
CASRVYCTGGVCRDYW	1	-1	false
CASIQLPYYYGMDVW	1	-1	false
CASRGYSSGGHW	1	-1	false
CASFYSSSWYAGHWRSDYW	1	-1	false
CASRKWQQLVPGPKPYDYW	1	-1	false
CASTTYYDFWSGYPGACFQHW	1	-1	false
CASPFRHYYDSSGLRVVNDW	1	-1	false
CASGYEPDFDYW	1	-1	false
CANYQQNIAAAGIYFVYW	3	-1	false
CATRAGSWVNW	1	-1	false
CATPSTVTPPYYFDYW	1	-1	false
CAGSASHMDVW	1	-1	false
CAVKSGYHYYYYYMDVW	2	-1	false
CALFPIVVVPAAIPNFDYW	1	-1	false
CVGFPDTAMVTRWEVDYW	1	-1	false
CARGNVDTAMVVDAFDIW	1	-1	false
CARGLGPKNCSSTSCYSYYYMDVW	1	-1	false
CARGDYVWGSHKRIDAFDIW	1	-1	false
CARGKLGPKYYDFWSGYYGYAFDIW	1	-1	false
CSGTVMSPLGYYYSMDVW	1	-1	false
CARIGGYSSGWRPPHYYYYYMDVW	1	-1	false
CASNYHSNYDFWSGYSYDYYYGMDVW	1	-1	false
CARDKEWWEPHGAAFDIW	1	-1	false
CARDSVRIVVVPAAMEDYYYYYMDVW	1	-1	false
CARDSAYYGSGSYLPDYYYYGMDVW	2	-1	false
CARDSLKYYDSSGYPDYW	1	-1	false
CARDGGYCSSTSCYIYFDYW	1	-1	false
CARDGPGIEVAGSDYW	1	-1	false
CARDHPAAIDFEYAFDIW	1	-1	false
CARDQAAAGMDGFDYW	1	-1	false
CAREGGSWFRELLPDPHFDYW	1	-1	false
CAREGDYRDGMDVW	1	-1	false
CARDKNDLFDPRREADAFDIW	1	-1	false
CARDLVVVAATGIDYW	1	-1	false
CARGIEYSSSLAYYGMDVW	1	-1	false
CARGGYCSSTSCYMSYYYYGMDVW	1	-1	false
CARGRKDSPYYYDSSGSGDGKVYGMDVW	1	-1	false
CARATSSDWFDW	1	-1	false
CARVNGIDYGSGSYYKYYYYGMDVW	1	-1	false
CARVKSSGWSVAGAFDIW	1	-1	false
CARVTSLSGCSSTSCYGVEAYYYYYYYMDVW	1	-1	false
CARVYGRKIDYW	1	-1	false
CARVSYCSSTSCYLSFWYYMDVW	1	-1	false
CARYIVAVPAGGQFDPW	1	-1	false
CARAFGYCTNGVCYEPYFDYW	1	8	false
CARYRGEYQLLYPMVRDPGSDYYYYYYGMDVW	1	-1	false
CARQTMYYYDSSGYYPLDYW	1	-1	false
CASPGFWSGYYLWDYAFDIW	1	-1	false
CASSLGYCSSTSCYDYGMLSYFQHW	1	-1	false
CARVIRDGDYSFGWFDPW	1	-1	false
CAREPNYGDYDGNDYW	1	-1	false
CAREDSGSYRFYW	1	-1	false
CAREDHPLYGDYKPGMDVW	1	-1	false
CARGRGRDGPGKKNWFDPW	1	-1	false
CARALFRGYDILTGRLERGAFDIW	1	-1	false
CARSSITGTMAGGDYW	1	-1	false
CARVHIVVVPAAKRNYYYYGMDVW	1	-1	false
CAGVLRYFDWLLEGNYYYYYMDVW	1	-1	false
CASRSSGLVVPAATFAFDIW	1	-1	false
CARDKVMATNHYYYYYMDVW	1	-1	false
CARELRSSYNWFDPW	1	-1	false
CARDSADVNYYYYYMDVW	1	-1	false
CARGWAKSPFSFW	1	-1	false
CARGVAYQLLLAWFDPW	1	-1	false
CARGGGWNDADAFDIW	1	-1	false
CARVLLGYCSGGSCYSLVSAGFDPW	1	-1	false
CASEHTYDYVWGPLAYW	1	-1	false
CAGWGYDFWSGMMGSSFYW	1	-1	false
CARGSRYSGSTSLDYYYMDVW	1	-1	false
CARGGGARDAFDIW	1	-1	false
CARGGTMVQGVIYFDYW	1	-1	false
CARDRAWFDPW	1	-1	false
CARDGSYSNYIRWFDPW	1	-1	false
CARTPTDLIYYYYYMDVW	1	-1	false
CRGYCSGGSCYGRNWFDPW	1	-1	false
CSRVTRSKLADYW	1	-1	false
CARGVKGDSSSWYYYYGMDVW	1	-1	false
CASPTISASRDAFDIW	2	-1	false
CARYQLLSWFDPW	1	-1	false
CARHPRSGPARCRRCAFDIW	2	-1	false
CARERERRGYYYGSGSDYYFDYW	1	-1	false
CARVGHYYGSGSYFPDAFDIW	1	-1	false
CARWGGYSYGGLRAFDIW	1	-1	false
CARFSMTTYQNWFDPW	1	-1	false
CATDGGATYFDYW	1	-1	false
CATAARAVFDYW	1	-1	false
CAREQKVVPAAIVDW	1	-1	false
CAAGGRTLSVIGGYYYYMDVW	1	-1	false
CAADLDIVVVPVYMDVW	1	-1	false
CARDNGYTLYFYYMDVW	3	-1	false
CARVMYYDFWSGLGRAFDIW	1	-1	false
CARLGWLQSNFDYW	1	-1	false
CARLQGYYDSSGYYLNWFDPW	1	-1	false
CARSATLTRGNIIASKWFDPW	13	-1	false
CAKDSGTGIVGEPDFFFFDYW	1	-1	false
CARGDCSSTSCYSGYYYYMDVW	2	-1	false
CTGGLDIVVVPAAIGEYIYPLTFDYYYMDVW	1	-1	false
CTTADDQYW	1	-1	false
CTTDIYYYDFWSFPSNPTDAFDIW	1	-1	false
CTTGYIGSSSYW	2	-1	false
CTTSTAPPYYYYYYGMDVW	1	-1	false
CTTASHYYDSSGYTKIYYYYGMDVW	1	-1	false
CARRSGLRSPFDPW	1	-1	false
CARPFHYGGNPW	1	-1	false
CARYSTKQSQRIYYYYYMDVW	1	-1	false
CASPKGDGYNQFDYW	2	-1	false
CARGSGSYADYW	1	-1	false
CASNTIFGVGYW	1	-1	false
CTRLAVVALGGVDYW	3	-1	false
CTRHMYSYGMNWFDPW	1	-1	false
CTRQEAARVLGLYYYYGMDVW	1	-1	false
CRAGGSGTHADFVDYW	1	-1	false
CARDNTIFGVVTNFDYW	1	-1	false
CARDYCSSTSCYADAFDIW	1	-1	false
CAREREYYDSSGYYGMDVW	1	-1	false
CARGEINDFWSGYLIDYW	1	-1	false
CARGCTGGVCSLGAFDIW	1	-1	false
CARVREGVERRYKVEHGMDVW	1	-1	false
CARSNLQLWPNDIFDYW	1	-1	false
CARTRINYMDVW	1	-1	false
CARWRFAGGYDW	1	-1	false
CARGGPVPAAIGFDPW	1	-1	false
CTTXPGLGGYGDYDPLFTRVDYW	1	-1	false
CARHSRGYSENYYYYYMDVW	1	-1	false
CARHGSDGDYADYW	2	-1	false
CARHADLYYDFWSGYYREYNWFDPW	1	-1	false
CARHLQKYGSGSYYDYFDYW	1	-1	false
CARHNTYYDFWSGSRNKTNYYMDVW	1	-1	false
CARHSSSSPYSNRNAFDIW	1	-1	false
CARQSLGITAKYYFDYW	1	-1	false
CARQGRQQLAHDAFDIW	1	-1	false
CAKDLLRKGVGWFDPW	1	-1	false
CAKDHQAEWLRLPRSKTVPLNW	1	-1	false
CAKGSFRYRGGYFDYW	1	-1	false
CAKVGGSLVYSTFSW	1	-1	false
CAKTAGYSSGWHLDYW	1	-1	false
CARSIFGVVILDAFDIW	1	-1	false
CAKGYSSGWQKPYYFDYW	1	-1	false
CAKDIRPVGATGPLIDYW	1	-1	false
CAKVMTTDIDYW	2	-1	false
CAKDWAIFGSDGAFDIW	1	-1	false
CAKDWERRDGYENAFDIW	1	-1	false
CAKDSGYSSSSGFDYW	1	-1	false
CAKDYYGSGIGTYWFDPW	1	-1	false
CAKDFMREPDAFDIW	1	-1	false
CAKDLAPQGIAVAGGHAFDIW	1	-1	false
CAKDFDTHYDSSGYPDYW	1	-1	false
CAKDIRPHDFWSGYYYYYGMDVW	1	-1	false
CAKDILPYVGGDYFDYW	1	-1	false
CAKDIRGAVAGIVPLLGSW	1	-1	false
CAKDISPIYQLPDYW	2	-1	false
CAKDINSGYSYYYYGMDVW	1	-1	false
CAKDITRRIAAAGYYFDYW	1	-1	false
CAKDIYETWIQRDYYGMDVW	1	-1	false
CAKDIENQRWLQLLPNFDYW	1	-1	false
CAKDIFEGVPAAMGFLDAFDIW	1	-1	false
CAKDIREDYGGSRNYGMDVW	1	-1	false
CAKDNQIGGVDTAMVPDDDSIGDAFDIW	1	-1	false
CAKDNSEYGDYVTGEIDYW	1	-1	false
CAKDKGGYQRNYYYGMDVW	3	-1	false
CAKDNQLLSYYYYGMDVW	1	-1	false
CAKDKKSYYYDSSGYPQSF	2	-1	false
CAKDRGSGSYYYYYGMDVW	1	16	false
CAKDRDSRNYYYYMDVW	1	-1	false
CARGGYGDGRSGSGYFQHW	1	-1	false
CARASSGYPPGWFDPW	1	-1	false
CARGGGQSNTFDYW	1	-1	false
CASGDFYYYDSSGYYPFDYW	1	-1	false
CARGTDLDYGDYHTRLYYYYGMDVW	1	-1	false
CARDWLLNCSSSSCQHPYYHYYYYMDVW	1	-1	false
CARDLRMYSSGWYHNDYW	1	-1	false
CARDLGPPLTLRNYLDYW	1	-1	false
CARGKPTKFIVVVPAQNFDYW	1	-1	false
CAREYYDFWSGYFDYW	2	-1	false
CARDLYYGSGSYYYYYMDVW	1	16	false
CARDLGARSAGELRFLEWLLIGEGFDYW	1	-1	false
CARDHPWPNYYMDVW	2	-1	false
CARDHERYQLLFSSGVFDPW	2	-1	false
CARDQLEWYYYYYGMDVW	1	-1	false
CARDRVTYYYDSSGYPGDYYYYGMDVW	1	-1	false
CARDRHVRW	1	-1	false
CARDRVTLDYW	1	-1	false
CARDRGASMVRGVIITRPPGFDPW	1	-1	false
CARDRYDSSGYYETYYFDYW	1	-1	false
CARDPAVHCSSTSCQRRDYYYMDVW	1	-1	false
CARDPGLAARDYYYYGMDVW	1	-1	false
CARDPGLVTSGSYNPDYW	1	-1	false
CARDDDYGGNLDYW	4	-1	false
CARDEVADFWSGYYKGYYYYGMDVW	1	-1	false
CARDGVVVVPAAILVSGSYYYGMDVW	1	-1	false
CARDGGWDIVVVPAAIPWYYGMDVW	1	-1	false
CARDKVDSGSYRPRPMDVW	1	-1	false
CARDISSYYYYGMDVW	1	-1	false
CARDMGVVPAATPDYW	1	-1	false
CARDMVPYGDQGGYW	1	-1	false
CARDMIGNGGYSYGYPGYYYYGMDVW	1	-1	false
CARDLVYGDYYYYYGMDVW	2	-1	false
CARDQGWKW	1	-1	false
CARDPGVGAHVDYW	1	-1	false
CARDSTFSGSYLSWFDPW	1	-1	false
CARVGAYCSSTSCYYYYYMDVW	1	16	false
CARVSYGSDLLGYYYYGMDVW	1	-1	false
CARVDGYKPDIEIYYYYGMDVW	1	-1	false
CARDGVCSGGSCYSGGRRIRYGMDVW	1	-1	false
CARRYYDYVWGSYRYFDYW	1	12	false
CARDYSPGATAMVTGGFDYW	1	-1	false
CASSTTRGYSGYPTPFDYW	1	-1	false
CAREYGDTIFGVAKNRWFDPW	1	-1	false
CAREDLQYYYDSSGYYHESNAFDIW	1	-1	false
CARESSGYYYDSSGYYLFRYW	1	-1	false
CARDQGSGSYSDYYYYGMDVW	1	-1	false
CARDGGPRGYCSSTSCPKHNWFDPW	1	-1	false
CARDVSEYSGYEELDAFDIW	1	-1	false
CARDSSFGYGSGRAGMEDLGWFDPW	1	-1	false
CARDSEMATKLW	1	-1	false
CARDLWGFGELPTYYYGMDVW	1	-1	false
CARDVEMATILWDRYYFDYW	1	-1	false
CAREANEAVAVNW	2	-1	false
CAREIFGIVGATFQGYHIDYW	1	-1	false
CAREGCSSTSCYAGRDAFDIW	1	-1	false
CARVGFNWNSHFDYW	1	-1	false
CARVVGELSGDAFDIW	2	-1	false
CARVDTAMVRYFDYW	1	-1	false
CARVYSSSVSGMDVW	1	-1	false
CARVIPHCSGGSCYPWYFDYW	1	-1	false
CARVDQRHGRGYSYGPTYYYYYMDVW	1	-1	false
CARAHLSIYMDVW	1	-1	false
CARALGLGGFRELTYYYYYMDVW	1	-1	false
CARAVRGESPHYYYYGMDVW	1	-1	false
CARARGDFWSGYYPYYYGMDVW	1	-1	false
CARAVPYYDFWSGSTNYYYYYGMDVW	1	-1	false
CARAMGHYYGSGLNGMDVW	1	-1	false
CARAPHYDYSNFHYYYYYYMDVW	1	-1	false
CARYGYYDSSGYYLSWFDPW	1	-1	false
CARSGEYSGYDGSGWFDPW	1	-1	false
CARTVDASFDYW	1	-1	false
CASNLRLGYSYGYGDAFDIW	1	-1	false
CARDSDYYGSGSSSYYMDVW	1	-1	false
CARGVVPAAHLFDYW	1	-1	false
CARNYDFGAQTDMDVW	1	-1	false
CATRSNSSSWYPYYYYYYYMDVW	1	-1	false
CARVDTAMELGIW	1	-1	false
CARGREVFVEMATEPW	1	-1	false
CARDSLDIPGRYGMDVW	1	-1	false
CARDHRVAVRYYYYGMDVW	1	-1	false
CARDSYCGGDCANWFDPW	2	-1	false
CARVPRYQLPSVTTLFDYW	1	-1	false
CARGSSDNWNDRYYDSSGYYYCAFDIW	1	-1	false
CARDRGYADYYYYGMDVW	1	-1	false
CARDSAVVGVVRGVSHYGMDVW	1	-1	false
CARLKKSTTGTIEIDYW	1	-1	false
CARDTHHYDFWSGANGYW	2	-1	false
CARDDGVVIGFYYYYYMDVW	1	-1	false
CARAGEGGATGTTEGLRFDPW	1	-1	false
CARGSDYYDSSSYCYHW	1	-1	false
CAKGLGYCSSTNCYGGLNWFDPW	1	-1	false
CARCPPSTVPAVILSYYYCYMDVW	1	-1	false
CAKDPPSPYCGGDCYGSAFDIW	3	2	false
CARDFPPAYDYVWGSYHGSDYW	1	-1	false
CAKAQGDVVVPAAPPLPFDYW	1	-1	false
CASGSSSSVAFDPW	1	-1	false
CARDPGPGYSYGYEEPGTPIDYW	1	-1	false
CARGTPQYCGYDCFYYYYYMDVW	1	-1	false
CARRFAAWGLTVDW	1	-1	false
CTRDRDTMVQGVHNYYYYMDVW	1	-1	false
CARGRYQLLIYLRGYMDVW	1	-1	false
CAKEVRVWVHSEYYYDSSGTNDYW	2	-1	false
CARVVGGIVYNWNDLGGAFDIW	1	-1	false
CARGLRYYDILTGYSPARYYYYMDVW	1	-1	false
CAKDGLLGYNSKPFSW	1	-1	false
CARHAPLEVHQLLWRRPKYYMDVW	1	-1	false
CARDKRYCSSTSCYRVLDYW	1	-1	false
CTRDRVFDYYYYYMDVW	1	-1	false
CARSLSTSSWYTWTGGWFDPW	1	-1	false
CARSFPHPTGDYYYYYAMDVW	1	-1	false
CAKVSKQWLVHFFFYYW	1	-1	false
CANSRGSSWYTAFDIW	1	-1	false
CTTSSYDSSALYYW	1	-1	false
CTTDLSYCSSTSCHGMTSFDYW	1	-1	false
CARVAKGGTWIQLWFSPYMDVW	1	-1	false
CARLYCSSTSCYPYYYYYYYMDVW	1	16	false
CAREEGIAAAPGWVYYYYGMDVW	1	-1	false
CARESVVVVPAAIPYYYYYMDVW	1	-1	false
CARDHGYFDWFSPRDFDYW	2	-1	false
CARDMLGYYYDSSGYYYRYVFDYW	1	-1	false
CARDDGIAVAGNPYW	1	-1	false
CARDRIPEPLDYGMDVW	1	-1	false
CARDGGDGYITHDAFDIW	1	-1	false
CARETTSGYCSSTSCYSRYYYGMDVW	1	-1	false
CAREDRLVTLNYW	1	-1	false
CARAIIGGLRHYYYYYGMDVW	1	-1	false
CAILETATIFEWGDAFDIW	1	-1	false
CARDPNGYCSSTSCDPNWFDPW	1	-1	false
CARDPGGYCSSTSCDVSGHDYW	2	-1	false
CARDSPPAYYGSYFDYYYMDVW	2	-1	false
CARDGYCSSTSCYGSGAFDIW	1	16	false
CARDDVGVPAAAGHPNYYYYMDVW	1	-1	false
CAREGDIVVVPAAFDAFDIW	1	-1	false
CAREARPGGEMGYW	1	-1	false
CARCPTVTTNYMDVW	1	-1	false
CARFREDSYGYEYYYYYYMDVW	1	-1	false
CASLAVAGPNFDYW	1	-1	false
CARSGQLLSPFDPW	1	-1	false
CARGALQCSTSCPGMDYW	1	-1	false
CARRAVVPAAMPGDYYYYMDVW	1	-1	false
CARRGLDKSRDAFDIW	1	-1	false
CARLSGDPRLYPYYYYYYMDVW	1	-1	false
CARSPYCGGDCYPLDYW	1	2	false
CARTLGAATGKFDYW	1	-1	false
CATGGIVVVPAAIVPPFDIW	1	-1	false
CARLPRESGFDYW	1	-1	false
CARIPVWYGGNVSDYW	1	-1	false
CARRLTYNWNLNAFDIW	1	-1	false
CARRGTAGEDWFDPW	2	-1	false
CARRGYYYDSSGYYTDDAFDIW	1	-1	false
CARRMEGWDGVVILGGMDVW	1	-1	false
CARQCGGDCPTAEYFQHW	1	-1	false
CARQGYGSGSYYAGAW	1	-1	false
CARLREQLVQFWFDYW	1	-1	false
CARLPRYCSGGSCLYYFDYW	1	-1	false
CARLEAYPEYCTNGVCYTDYYYGMDVW	1	-1	false
CARPLYYDSSGSDAFDIW	1	7	false
CARSEYYFDYW	1	-1	false
CARSPGIAAADFWFDPW	2	-1	false
CARLASVVVPAAIIRYYFDYW	1	-1	false
CASLGGYGSGSIYTGYW	1	-1	false
CASARGWSSRDKYYFDYW	1	-1	false
CARLRHDYSTSDYYYGMDVW	1	-1	false
CARASGLRLPFDYW	1	-1	false
CTTEGAAGPFDYW	1	-1	false
CAKDLSLRGSTDLFDYW	2	-1	false
CAKETTLSSGWPFDYW	1	-1	false
CAKVSANLAPDGDYGSDYYFDYW	1	-1	false
CAKVDYDSSGPARYYFDYW	1	-1	false
CAKDQRDDYGDYDLLGWFDPW	2	-1	false
CAKCLTIFGQRFDPW	1	-1	false
CAKDTERGYDSSGYFDYW	1	-1	false
CAKDGSAVELTRSYCGGDCYSWGWFDPW	1	-1	false
CAKDGYVWGSYRYTGEYYFDYW	1	-1	false
CAKDGILGGYCSSTSCYWYYFDYW	1	-1	false
CAKDDRDEGYYYYMDVW	1	-1	false
CAKDVGVNSGWSNYDTPWFDPW	1	-1	false
CAKDPSLSSSGGAFDIW	1	-1	false
CAKEEVVVVAAGGIGYYFDYW	1	-1	false
CAKEIQQLGDYYYGMDVW	1	-1	false
CAKDLMVVAATLDYW	1	-1	false
CAKDLGYCSSTSCPDYYYYGMDVW	1	-1	false
CAKDNELTIFGVVNYMDVW	1	-1	false
CAKEGVVYYYYGMDVW	2	-1	false
CAKETRAYSSSDHGQGGFDYW	1	-1	false
CAKEKGDYGDYGAFDIW	1	-1	false
CAKGRFRELLWRDYFDYW	1	-1	false
CAKGGRETYYYYMDVW	1	-1	false
CAKGGLVVPAAMDFGNFDYW	1	-1	false
CAKGMYDFWSGYPFDYW	1	-1	false
CAKGGIVVVPAAMPNGAFDIW	2	-1	false
CAKGGLFESYYYYMDVW	1	-1	false
CAKGLYCSSTSCHIETYNWFDPW	1	-1	false
CAKGQLDYSPKRRLHNWFDPW	1	-1	false
CAKGGLPAAILVLDYW	1	-1	false
CAKGRTGSYDRSGYYFDYW	1	-1	false
CAKVTYYYDSSGYKNNWFDPW	1	-1	false
CAKVTVDYYDSSGYYYGWYFDLW	1	-1	false
CAKAVAGEYNWFDPW	2	-1	false
CAKAGIAVAGIYVGIDAFDIW	1	-1	false
CAKARAAGYCSSTSCYSGDDWFDPW	1	-1	false
CAKSGWSHCSSTSCYGLIDAFDIW	1	-1	false
CAKSESGSYLNYYYYYGMDVW	1	-1	false
CAKFPQSGWELLEGWYW	1	-1	false
CAKPQWHNWNDDPSDAFDIW	1	-1	false
CAKKDIRSHWYFDLW	1	-1	false
CARDYDILTGYYGFDYW	1	16	false
CARDSIAAAGRLNWFDPW	2	-1	false
CARDLIQMTTVTYYYYYGMDVW	1	-1	false
CARDRLMAEYYYYGMDVW	1	-1	false
CARDLGGWTQQLVLSYGMDVW	2	-1	false
CAREEHSGPKNYYYYGMDVW	1	-1	false
CAREAVAGYYYYYYYMDVW	1	16	false
CARERVRSSTSENDYW	1	-1	false
CAREKVLTRPIRWFGEDPEPYYYGMDVW	1	-1	false
CARELGGIGEGYYYYYGMDVW	1	-1	false
CAREETTVGARLTFAFDIW	1	-1	false
CARERTAFDIW	2	-1	false
CARAGYDYYDSSGYSRAQYFPFDIW	1	-1	false
CARAPGIAAAGTIEGDYW	1	-1	false
CARGVVPAANPYYYYYYMDVW	1	16	false
CARGAHSSGWYRATKVGLCDYW	1	-1	false
CARGGNVDTAMVGDYW	1	-1	false
CARGHTTPKIDDAFDIW	1	-1	false
CARGASPDYYYYGMDVW	1	-1	false
CARGETSARRHYYYYYYMDVW	1	-1	false
CARGRDYYDSSGYYNYW	1	-1	false
CARGNRYFDWLLPSLLDYW	1	-1	false
CARGGGYCSGGSCIRDYFDYW	1	-1	false
CARVYGGNSVDYW	1	-1	false
CARVLGYCSGGSCSLYYYYGMDVW	1	-1	false
CARVRDLPPYFDWNPSFDYW	1	-1	false
CARSGAYCSSTSCYGRFDYW	1	-1	false
CARTGFEGWFGELFLSNW	1	-1	false
CARPYDSSGYYPDYW	1	-1	false
CARYAGDQLLEYSSSSYFDYW	1	-1	false
CARGYSYYYYYMDVW	1	16	false
CATGDNWGYEGKYYYYYGMDVW	1	-1	false
CAVLAVAEPIDYW	1	-1	false
CARGLRYFDTSGWFDPW	1	-1	false
CARVGGKGYCSGGSCYGIWGW	1	-1	false
CARVSMTTDGGMDVW	2	-1	false
CARVPEFGELFAATW	1	-1	false
CARLNGDYASGADDYW	1	-1	false
CARLGGYCSGGSCSGYW	1	-1	false
CARFGRLDYYDSSGYYYDPLPIDYW	1	-1	false
CARHGYSGYDYW	1	-1	false
CARPYGRTNWFDPW	2	-1	false
CARRDCSSTSCYSWWFDPW	2	-1	false
CARELTWELRYFDYW	1	-1	false
CARSGYYGDAFDIW	3	-1	false
CASTSSPYCTNGVCLIENYGMDVW	1	-1	false
CAVGYCSGGSCYRYYYGMDVW	1	-1	false
CARDDYYDSSGTMWFDPW	1	-1	false
CARVRGAVAAGDLDYW	1	-1	false
CANTWEVGNW	1	-1	false
CAREDYW	1	-1	false
CARVPTVAGTKPYGMDVW	1	-1	false
CARVKRYYYDSSGYPYDYW	1	-1	false
CARDGSSSWSVMGDYW	1	-1	false
CARAGAWFGNPYPRDYYYYGMDVW	1	-1	false
CARGGDEEYGMDVW	2	-1	false
CARGYSSSWLGVGW	1	-1	false
CARSTNAFDIW	2	-1	false
CARFGSVSDYWYFDLW	1	-1	false
CARTPTNRVFDYW	1	-1	false
CASGAKTAQSGDFDYW	1	-1	false
CARTKRITIFGGYYYYMDVW	1	-1	false
CARGLGYCSSTSCYNNWFDPW	1	-1	false
CARDPGYCSSTSCYFWFDPW	1	-1	false
CARDGVVLWFRELLSPWFDPW	1	-1	false
CARDERRGGMQQLAPLDYW	1	-1	false
CARALRAFYSVPIYYGSGNW	1	-1	false
CARGWGGLRLGELSLGSDYW	2	-1	false
CARGYYDFWSGYLAYMDVW	1	-1	false
CASSQLERYYYYYYMDVW	2	-1	false
CASGIAVAGFFDYW	2	-1	false
CAREGGGHSSSSKYYYYYMDVW	1	-1	false
CARDFGYCSSTSCYVRGGDYYYYMDVW	1	-1	false
CARDPCSSTSCYGIAEYFQHW	1	6	true
CARDRCSSTSCPYYFDYW	1	-1	false
CARETGVVTIFGGNYYMDVW	1	-1	false
CARGCSGGSCYYYYMDVW	1	17	false
CARGAERFLEWLLFPEYFQHW	2	-1	false
CARAVIQPHPYYYYMDVW	1	-1	false
CARRRGYCSSTSCHYYYYYMDVW	1	16	false
CATDFYPSGYDGHDW	1	-1	false
CATGCRDGYNYLRYYFDYW	2	-1	false
CARDHGDYAGYYGMDVW	2	-1	false
CAKDGGAGTSYFDYW	1	-1	false
CARGRRLIVPAARDAFDIW	1	-1	false
CAIRSRDYDFWSGFDYYYYYYMDVW	1	-1	false
CALTTIVVVPAAIHRPFDPW	1	-1	false
CAKDEYSYGFEGWFDPW	4	-1	false
CARDSGPRNTMIVVYYYYYGMDVW	1	-1	false
CTTDLLVATVELWFDPW	1	-1	false
CARGRWEGDNPYYYYGLDVW	1	-1	false
CARDPAVAGGYWYFDLW	1	-1	false
CARDFPVVVPAAIVDYW	1	-1	false
CARATPTKNFDYW	1	-1	false
CAREDSIQPRGYGMDVW	1	-1	false
CARDSGRRNNNYWYFDLW	1	-1	false
CARDRGSTSGWGPHNWYFDLW	1	-1	false
CARGSQSYYYDSSGYYPPVWDGPGGFDYW	1	-1	false
CARGLGDYGDYTYYFDYW	1	-1	false
CARGGVDYYYGMDVW	2	-1	false
CARGRSRMPYQLDAFDIW	1	-1	false
CARIPPPVYDSSGYHYYYYYGMDVW	1	-1	false
CTRDPLLRFLEWLLPPQSGYYMDVW	1	-1	false
CTRYKVYYYYYMDVW	1	-1	false
CTRRTRHDYSNYELFDYW	1	-1	false
CTRDVDLYYDILTESDYW	1	-1	false
CTRDGVVPAAHDYW	1	-1	false
CTRDRRLIRPNIVVVPAAFYW	1	-1	false
CTRERLLLDYYYYYMDVW	1	-1	false
CTRDPITIFGVAVFYFDYW	2	-1	false
CTRGFKGFLEWLNNLDYW	1	-1	false
CTRGIAVAGPWGYWFDPW	1	-1	false
CTRDVSRGIRFDYDILTGYLSRRTDAFDIW	1	-1	false
CTRGVSSVPAATPYYYYYMDVW	1	-1	false
CTRGIGVCSSTSCYGGSWFDPW	1	-1	false
CTRGGRGSTSPQPLYW	1	-1	false
CARDQAHYYDSSGYYYYYYYGMDVW	1	-1	false
CARDDGATYYGSGSYGKLDAFDIW	1	-1	false
CAAGVLRFLEWLDYW	1	-1	false
CARARRASFWSGYGTVDYW	2	-1	false
CASLFAYW	1	-1	false
CARDQGEYYYGSGSYSPFDYW	1	-1	false
CASKEPYYFDYW	1	-1	false
CARDQIKGYCSSTSCYTGYYGMDVW	1	-1	false
CAKVYYDSSGYYYDFLHYYYGMDVW	1	-1	false
CAKDLHCSGGSCYPYYFDYW	2	-1	false
CAKGMVGTRSYGMDVW	1	-1	false
CAKDVVAATSSSDYW	2	-1	false
CAKVGSSGYYDYW	1	-1	false
CAKVKYYYDSSGYYSGFDYYYYGMDVW	4	-1	false
CAKVPVTTSQIKFSYYYYYYMDVW	1	-1	false
CAKVYGYGDQKFDYW	2	-1	false
CAKVVWSGIHYYYYGMDVW	1	-1	false
CAKVRRGITGTEYYFDYW	1	-1	false
CAKAHEPGPWFGELSYYGMDVW	2	-1	false
CAKAASPLRFLVPHYYYGMDVW	1	-1	false
CAKAQAGYSSGWYVPALDYW	1	-1	false
CAKARPVCSSTSCYPARYFDYW	1	-1	false
CAKEGRIFGVVIIDYW	1	-1	false
CAKEGRWLQLEGHFDYW	1	-1	false
CAKEHLRYSLDTAMADYW	1	-1	false
CAKERLGELSEEYFDLW	1	-1	false
CAKETIYSYDNNYYYYYMDVW	1	-1	false
CAKDQIFGVVTPVYYGMDVW	1	-1	false
CAKDQPPMIVVVTQGAFDIW	2	-1	false
CAKDHMGSSGYYSLYYFDYW	1	-1	false
CAKDLEDCGGDCSPIDPW	1	-1	false
CAKDLLGRRWGGSPGEYYYYMDVW	1	-1	false
CAKDLLNYDFWSGYWNDAFDIW	1	-1	false
CAKDLSYDYGDYDDAFDIW	1	-1	false
CAKDLWAARSLNVGRATKNAFDIW	1	-1	false
CAKDLHNVGITIFGVVTATFDYW	1	-1	false
CAKDLRAAAGKDYW	1	-1	false
CAKDLRVQGVIGW	1	-1	false
CAKDLLPVGYDYSNSDWFDPW	1	-1	false
CAKDLPDVRAWELQHGFDYW	1	-1	false
CANLAAAGTMAPDYW	1	-1	false
CARDRKRSGYCSGGSCYASTFDPW	1	-1	false
CARSIAATYYYYGMDVW	1	-1	false
CAAAGTGGDNWFDPW	1	-1	false
CALDYGDYGLFDYW	1	-1	false
CAAHPYYFDYW	1	-1	false
CCYSEPPTTAYGMDVW	1	-1	false
CAKDGANCTGGVCYKGPFDYW	1	-1	false
CAKDRQLVWGAFDIW	1	-1	false
CAKDYSNYESFYYYMDVW	1	-1	false
CAKDIGCSSTSCYFDYYYYGMDVW	1	-1	false
CAKSGIVVVPAAIHDAFDIW	1	-1	false
CAKDNLDGYYYYGMDVW	1	-1	false
CAKGIHWLPTNYYYYYMDVW	1	-1	false
CAKDMAHLTYYFDYW	1	-1	false
CAKSRSEYQLRNDAFDIW	1	-1	false
CAKDMEVGEGITNWFDPW	1	-1	false
CAKGNQGAFDIW	1	-1	false
CASVSNSGYDRGHKFDPW	1	-1	false
CAKDMLPVRGVIHYYYYGMDVW	1	-1	false
CAKGSNYDSSGYPFDYW	1	-1	false
CAKGGPSGQWLVPHYGMDVW	1	-1	false
CSRDHSVKVLW	1	-1	false
CARPPGYCSSTSCYPAPHYYYYYMDVW	2	-1	false
CTRGTEVVVVTAIGGYFDYW	1	-1	false
CARDPHMITFGGVIVGSWFDPW	1	3	false
CARDIYLGYCSSTSCNFDGMDVW	1	-1	false
CARGVAAAGTNWFDPW	1	10	false
CARGTPAGYCTNGVCSESW	1	-1	false
CAKDKGHVGDDFWSGLVDYW	2	-1	false
CARAQIVVVLENTINWFDPW	1	-1	false
CARVGIYCSGGSCYSGPYYFDYW	1	-1	false
CARGEIYGDYGSFDYW	1	-1	false
CATHPRSGREWLQSFRGYYMDVW	1	-1	false
CARHDYPDSVGARYYYYGMDVW	1	-1	false
CARDLLRFLEWTSKGDYW	1	-1	false
CARGPDYSNYDWFDPW	1	-1	false
CAREKPAARGMDVW	1	-1	false
CARDDYGFNFDYW	1	-1	false
CARDPGDYGGNRDVDYYYYYGMDVW	1	-1	false
CARDRVYSYGSEYYFDYW	1	-1	false
CARDASGYQQGRVDYW	1	-1	false
CAREGFDYGDYVMSPPFDYW	1	-1	false
CARGTPEYSSGWFDYW	1	-1	false
CASDPRPGIAAAYVGWFDPW	1	-1	false
CARSRGGTGTTPYYYYYGMDVW	1	-1	false
CARDGPTVPAAKAINWFDPW	1	-1	false
CARGDDYGDYEEVPYYYYGMDVW	1	-1	false
CARGGRITIFGVVINENWFDPW	1	-1	false
CARDRGITIFGVVNDAFDIW	1	5	false
CARDPLPLGGGFLGYW	1	-1	false
CARDPSGYCSSTSCYRRYYGMDVW	1	-1	false
CARESYSSSWYVSFYNWFDPW	1	-1	false
CARDLSQVTLRRAPVTTYYYGMDVW	1	-1	false
CAREDIVVVPAAILTTNYYYYGMDVW	1	-1	false
CAREGPPRSSRAGDPWDGYYFDYW	1	-1	false
CAREESICSSTSCYDGGWFDPW	1	-1	false
CARDHSRAEVATLNFDYW	1	-1	false
CVREWGVW	1	-1	false
CAKESGYTYGYSLGHDAFDIW	1	-1	false
CARAKAQNDDFDYW	1	-1	false
CAKVTFWSGYYPFDYW	1	-1	false
CAKDATGKCDYW	1	-1	false
CATPGWAAADLQPLDYW	1	-1	false
CATRDGYNSRESRKYYFDYW	1	-1	false
CAKDRLRVGWELLADDYW	1	-1	false
CAKGGSGSPQSYYFDYW	1	-1	false
CAKLPHGGKRSDYSNWVDYW	2	-1	false
CAIWYYDILTGTRRFDPW	1	-1	false
CARGALDCSSTSCPHGYYYYYMDVW	1	-1	false
CARGGYSYGLVGVDYYYYYMDVW	1	-1	false
CARGAESYFDYW	1	-1	false
CARDKGYYGDTPYYYYYYMDVW	1	-1	false
CARDQYDYSNYIERGNFDYW	1	-1	false
CARDLSSSWPTTTDYW	1	-1	false
CARAIRFLEWFKPAGVDYW	1	-1	false
CARTRDCSSTSCLPLDAFDIW	1	-1	false
CALVPAAKNTYFDYW	2	-1	false
CARDQTNDYGGNSGNDYW	1	-1	false
CARTAGRYCSSTSCVNRYYYYYYGMDVW	1	-1	false
CARGQWLADYYYYYGMDVW	1	-1	false
CARARGDSSGYYQRTLELDYW	1	-1	false
CARQTEGPDYDILTGYYNLW	1	-1	false
CAREVVVAAGWFDPW	1	-1	false
CARDVYSGSYGDYW	2	-1	false
CARGKTRDWNDVHYYGMDVW	1	-1	false
CARDLYTDYW	1	-1	false
CARDRDEYDFWSGYYPVYGMDVW	1	-1	false
CARDRSYSSSWYYYYYGMDVW	1	-1	false
CARDRKLIRRFDYW	1	-1	false
CARDTTKKDGWFDPW	1	-1	false
CARDYYDSSGYYDYW	1	15	true
CARDYIAAAGIMLGLYYYYGMDVW	1	-1	false
CARDLVDILTDYYYYGMDVW	1	-1	false
CARDAVGYSYGYNWGAGFIRFDYW	1	-1	false
CARDGAQYCSGGSCYPNWFDPW	1	-1	false
CAREGRGIAVAADDAFDIW	1	-1	false
CAREYRIAAAGTGYYYYGMDVW	1	-1	false
CARESRYSSSSGYGMDVW	1	-1	false
CARDSRVVPTPYYYYGMDVW	1	-1	false
CARDLIYSYGSPYYYGMDVW	1	-1	false
CARAMPKEGYSSGWYFPWFDPW	1	-1	false
CATDRGGFDYW	1	-1	false
CATDYPPAVTTKGTVFDYW	1	-1	false
CATDLQRIGSGASARHW	1	-1	false
CATASPSSEDIVVVPAAMDAFDIW	1	-1	false
CATAPSRLGADGNWFDPW	1	-1	false
CATTAAGDYGDYFDYW	1	-1	false
CATQLLAASWFDPW	1	-1	false
CARIRPSRNYYGSGSYLDDWYFDLW	1	-1	false
CARILGHRQTIFGVVIPFGKKPIYYYMDVW	1	-1	false
CARITIGVIPDQYYFDYW	1	-1	false
CARIGYYDSSGYGTVFDYW	1	-1	false
CARMVSGGDYVGNYYYYGMDVW	1	-1	false
CARMRYGDYNWFDPW	2	-1	false
CARIPGGDGYNYFDYW	1	-1	false
CARTNRGSSGYYRYDYW	1	-1	false
CARYLRFLEWLGMDVW	2	-1	false
CARSITIFGVVPRYYYGMDVW	1	5	false
CARGGYYYDSSGSRSGGGYYYYGMDVW	1	-1	false
CARDEGSPPPRGSEVFDYW	1	-1	false
CARVPPGEYSDYW	1	-1	false
CARKDCSSTSCQFDYW	1	-1	false
CAKVAGNGAFDIW	2	-1	false
CARDGSTSPARPIDYW	1	-1	false
CARDLRPYGDGGSW	2	-1	false
CARDPLPFGYCSSTSCYGSVESIAGSDYW	1	-1	false
CARDYSSGWLGISGEDYW	1	-1	false
CARDRTVTTWPLDYW	1	-1	false
CARDRVRWQQAPTNWFDPW	1	-1	false
CARDHTVVPAAPSSFDYW	1	-1	false
CARDLAVAGYFDYW	1	-1	false
CARDGRVWSGYYNAFDIW	1	-1	false
CARDAWELPAGGGWFFDYW	1	-1	false
CARDSLLRYFDWPLAYYFDYW	1	-1	false
CARDMDSSGWLGPIYYYYYGMDVW	2	-1	false
CARDKPLVYYDFWSGSHKYYYYMDVW	1	-1	false
CARDRGPYYDFWSGYYGYW	1	-1	false
CAREIGWELLYYFDYW	1	-1	false
CAREATVSNWFDPW	1	-1	false
CAREGPQADFWSGPTDYW	1	-1	false
CAREGCSSTSCYDENWFDPW	1	-1	false
CARGAGSSWYRYYYGMDVW	1	-1	false
CARGPNYYYDSSGYFF	1	-1	false
CARVEGDFWSGSSGWFDPW	1	-1	false
CARVRSGGHQWAKVWGAFDIW	2	-1	false
CARVGSGGWELLADAFDIW	1	-1	false
CARVGLPLVPAASFDYW	1	-1	false
CARSWEDIVVVPAADW	1	-1	false
CARMEYSGSYWGNYYYYYGMDVW	1	-1	false
CASESWSGYDTAFDIW	1	-1	false
CASRWDRGVSPEFFDYW	1	-1	false
CASKTVTNVEATNDYW	2	-1	false
CAKEPHDFWSGYYIYYYYYMDVW	1	-1	false
CAKVSSSSPLEDYYYYMDVW	1	-1	false
CARDSGAYYDYVWGSYRPVLDYW	1	12	false
CARAIGDVIAFDIW	1	-1	false
CARGDSLLTTVTNYYYYGMDVW	1	-1	false
CARDKQWELLLISWAQGQNAFDIW	1	-1	false
CARDISFFYCSSTSCRLNWFDPW	1	-1	false
CARAVGVAAKGEPGYYYYMDVW	1	-1	false
CARAGRITIFGVVTRGYFDYW	1	-1	false
CAKDRVGSSSWNFYYYYGMDVW	1	-1	false
CAKDRPHCSSTSCYLGYHWFDPW	1	-1	false
CAKDRGDTLNRFYNWFDPW	1	-1	false
CAKDRDVVPCYW	1	-1	false
CAKDRDRRGRTLELDYW	1	-1	false
CAKDPIAAAGSLLSYFDYW	1	-1	false
CAKDPKFNYDFWSGSSPLKWFDPW	1	-1	false
CAKDPSIQHSDYW	1	-1	false
CAKDPQVAAAHNWFDPW	1	-1	false
CAKDPAPDGVLWFGELLYSDYW	1	-1	false
CAKDPRIAAAGTPYYFDYW	1	-1	false
CAKDAIGLYYYDSSGYYVDYW	1	-1	false
CAKDALVVVTAIPVSPLYYYYGMDVW	1	-1	false
CAKDDGIAVAGTFEYFQHW	1	-1	false
CAKDGQIYYYYYGMDVW	1	-1	false
CAKDGALLWFRESRTHDAFDIW	1	-1	false
CAKDGSSPYDSSGYYNYLYPEYFQHW	1	-1	false
CAKDIVVVPAAYFDYW	2	-1	false
CAKDRGGRGSGWYDAFDIW	2	-1	false
CAKDREYSGYEGEAYFDYW	1	-1	false
CAKDSRVLRGYEPLPDYW	1	-1	false
CAKDTVPAAMQGLSGFDYW	1	-1	false
CAKDKGVYCSSTSCYTDFDYW	1	-1	false
CAKDWGYGSGPPYSW	1	-1	false
CAKDSSLGWFGELYYFDYW	1	-1	false
CAKDSVEYYYDSSGYGVVYW	1	-1	false
CAKDSGTTVTPYYFDYW	1	-1	false
CAKDSVAVADPLWDYW	1	-1	false
CAKDLSFWSGCNWFDPW	1	-1	false
CAKDLGLGLNYYDSSGYRVYW	1	-1	false
CAKDFRGGEAFDIW	1	-1	false
CAKDYLRFRWELDWYFDLW	1	-1	false
CAKDYDILTGYKKYGPYYFDYW	1	-1	false
CAKDSRPAAMLRDAFDIW	1	-1	false
CARGSDFWSGYYRRYNWFDPW	4	-1	false
CARGLYYYYYYMDVW	1	16	false
CARQRIAVWASVRAFDIW	2	-1	false
CASRYYDFWSGYYDYW	1	-1	false
CARGRKIVVVPDYYMDVW	1	-1	false
CARKLSMTAARPGKNWFDPW	1	-1	false
CARDYSSSWYSFPFDYW	1	-1	false
CAKEYGDYTYYYYYYGMDVW	1	-1	false
CTRERVEIMVPKFDYW	1	-1	false
CAGQEYGSGTRFKVFSWHRADYGKNVGMDVW	1	-1	false
CARDGDPGYSYGYEEFDYW	1	-1	false
CAQPFYDMDVW	1	-1	false
CARTYYDFWSGYSDDYYYMDVW	1	-1	false
CASLRSGMDVW	1	-1	false
CAREHGPNKAGLLPKPNLGGYYYYGMDVW	2	-1	false
CARGLGPGVDPW	2	-1	false
CARDRYSSGRGWFDPW	1	-1	false
CAKSRRGYYDFWSGYCDYW	1	-1	false
CARDDTVHGYCSSTSCPLNYW	2	-1	false
CARYGYSSSWYVPVDYW	1	-1	false
CARGIEIGIVVVPAAIPTPPFDYW	1	-1	false
CARDLRGLLSGHAFDIW	1	-1	false
CARPRSLYCSSTSCYAGFWYFDLW	1	-1	false
CARGVGSSSSRLAGLYYYYYMDVW	1	-1	false
CAKDRMNYDFWSGYYASPRGYYYYGMDVW	2	-1	false
CARGGVVVAATPTLDYYYYMDVW	1	-1	false
CARLIAAADTGHNWFDPW	1	-1	false
CAKPHKRTTEKDGVYW	1	-1	false
CARLRITMIVGKLKDPAMDYW	1	-1	false
CAKGEPVDWNYGGSNLNWFDPW	1	-1	false
CARGSVGWFDPW	1	-1	false
CARVRILYYYYYMDVW	1	-1	false
CARGNQTNVDTAMVGGRNWFDPW	1	-1	false
CSVYTKLFNYW	1	-1	false
CATGYSSGRPRGPENLRLSYGMDVW	1	-1	false
CAIALKGDYW	1	-1	false
CAKDGLGRGCSSTSCLDDAFDIW	1	-1	false
CAKDVGDGFYYYYGMDVW	1	-1	false
CAKDRQTMVRGPDYW	1	-1	false
CAKDLVRWTKPRYYYYYGMDVW	1	-1	false
CAKDLFEYGDYFFGEEGAGIDYW	1	-1	false
CAKDLDSGSYGNW	1	-1	false
CAKDPYDSSGYHACWFDPW	1	-1	false
CAKDHDSSGYYWFYFDYW	1	-1	false
CAKDTGSEYNWFDPW	1	-1	false
CAKDWLAAAGCGMDVW	1	-1	false
CAKEGGDIVVVPAAMAYYYGMDVW	1	-1	false
CAKEKRATVVSSYYYYGMDVW	1	-1	false
CAKERGIRQWLAYYYYYGMDVW	1	-1	false
CAKEQYSSSSFYYGMDVW	1	-1	false
CAKDSGYYFLFGAFDIW	1	-1	false
CAKADVLRFLEWLNSLFDYW	1	-1	false
CAKGRVNRQWLVPGWFDPW	1	-1	false
CAKGRWYGAYYYYGMDVW	1	-1	false
CAKGWGSSSRRSYYYYGMDVW	1	-1	false
CAKGGATLAADYW	1	-1	false
CAKGPRYFYYGMDVW	1	-1	false
CAKVGNNHSSGYIDYW	1	-1	false
CAKTHPPYQLLRLDYW	1	-1	false
CAKLGMEGATTGPVGAFDIW	1	-1	false
CANTGSYCSGGSCYLGYYYYGMDVW	1	-1	false
CAKNNETGSFDIW	1	-1	false
CASYDFWSGYNPYEYW	1	-1	false
CARGGSSAPLDYW	1	-1	false
CARGPSQVVAAHVPYFDYW	1	-1	false
CARGYPQGWFDPW	1	-1	false
CARFNRVVTAIFSTTW	1	-1	false
CARPSLGYCSSTSCYRENWFDPW	1	-1	false
CASGTNYW	1	-1	false
CASLYCSSTSCPKGGHYYYGMDVW	1	-1	false
CARLTYSSTFDPW	1	-1	false
CARPPYDILTGYNPYYFDYW	2	-1	false
CASVGSSGYYPIDYW	1	-1	false
CASWRDVGFGESEDYW	1	-1	false
CAKPVRFLEWSLPHDAFDIW	1	-1	false
CARGSYCSSTSCYGPDGVYYYYYMDVW	1	-1	false
CARGSEWLLIPITLDYW	2	-1	false
CARGWGQWLAYW	1	-1	false
CARDGTRRPAKGKYYYYYMDVW	2	-1	false
CARDRGCSGGSCYSNYYYYYMDVW	1	-1	false
CARAEYSGYDYGPEGNAFDIW	1	-1	false
CARDREILTGYYFFDYW	1	-1	false
CARVHNRRVTTSWFDPW	1	-1	false
CARGPYCSSTSCYYLRIVAYYGMDVW	1	-1	false
CARHGIVVVPAAHWDYYYYYMDVW	1	-1	false
CARPYGGW	1	-1	false
CARGSELYPWDIW	1	-1	false
CARGQYQLLSYYYYGMDVW	1	-1	false
CARGGLAARLRRDYYYYGMDVW	1	-1	false
CARGVGYMGLYYYYYYGMDVW	1	-1	false
CARGVDTAVLSGLVDAFDIW	1	-1	false
CARGRFLELYGMDVW	1	-1	false
CARGRLFSPSTSTTVTEPRHYYYYYGMDVW	1	-1	false
CARGPMSLDSSGWYGGGYFDYW	1	-1	false
CARGPSHENGITIFGVVIRRKNWFDPW	1	-1	false
CARGLGRELGYCSGGSCYEVYW	1	-1	false
CARGLDCSGGSCYSGDYW	1	-1	false
CARGLVIQPSGYSYGAFDYW	1	-1	false
CARDLGFGELLESIGYFDYW	1	-1	false
CARDPLKASLLPGGWFDPW	1	-1	false
CARDGGAGYCSSTSCYIDYYYYYGMDVW	1	-1	false
CARDIGYCSSTSCYEGGLDYW	1	-1	false
CARDSIRVGYSYGPRNFDYW	2	-1	false
CARDKGLGYCSSTSCYAEGFDYW	1	-1	false
CARDFSLGVGATDYW	1	-1	false
CARDSGSNLGYVWGSYRYPPYYYYMDVW	1	-1	false
CARDWLWFGEPGRYYYYGMDVW	1	-1	false
CARGSIFVVVPAAMQDYW	1	-1	false
CARGDFLARDDYSNYERSLLVPHYYYYMDVW	1	-1	false
CARGGTIHVSSFDPW	1	-1	false
CARGGYCSGGSCQLLSYYYYYGMDVW	1	-1	false
CARGGPYGLTRGWFDPW	1	-1	false
CARGSRGVCSSTSCHIDYW	1	-1	false
CARGTSFGVVYYYYYMDVW	1	-1	false
CARGRLRLGELSQIPFDYW	1	-1	false
CARGTGAGDYW	1	-1	false
CARGYCSSTSCYEGDYW	1	-1	false
CARVPEVVVVPAAGNFDYW	1	-1	false
CARVTQTNYYDSSGYYEEYYFDYW	1	-1	false
CARVLLPGYYDFWSGQYYYYYYMDVW	1	-1	false
CARVAVAGINPDYW	1	-1	false
CARVEGYYDFWSGSLW	2	-1	false
CARAITGTTGVDYW	1	-1	false
CARALLAVAGTYQDW	1	-1	false
CARWGERMADYYYYYYMDVW	1	-1	false
CARCLKRSYCSSTNNAFDIW	2	-1	false
CARPSGYYYDSSGYYYASYGMDVW	1	-1	false
CARGYSGFPAPFDYW	1	-1	false
CARDRPQGPPTNDAFDIW	1	-1	false
CARAVVGYYYMDVW	1	-1	false
CAREGDDYSNYYYYMDVW	1	12	false
CAREIADSGSEGAFDIW	1	-1	false
CARELRYFDWLLSGYYYYYMDVW	1	-1	false
CARVHTPPAAIDYW	1	-1	false
CARVLYSSSWVYYMDVW	1	-1	false
CARGVTIFP	1	-1	false
CARFTKVQLLEPNNWFDPW	1	-1	false
CARESYSNYEAYW	1	-1	false
CARDSGQSAAFDIW	1	-1	false
CARVGYSYGYDYYYYMDVW	1	16	false
CARVLTQTTVTTHHWYFDLW	1	-1	false
CARVPPYSSSPSPYYYYYYMDVW	1	-1	false
CAREDEYSSGWYGWFDPW	1	-1	false
CTTTLYSSSWYSGFDYW	1	-1	false
CARIPHLYNWNGDETPDYYMDVW	1	-1	false
CARVWDGYYDFGR	1	-1	false
CARDIVESERYYYGMDVW	1	-1	false
CARVPRIAVIATYYFDYW	1	-1	false
CAKYDYGEDFDYW	1	-1	false
CAREADRYYDFWSGYYSDYYGMDVW	1	-1	false
CAREHCSSTSCYPYYYYYGMDVW	1	-1	false
CARAHDFWSGYYAEKNYYYYYGMDVW	1	-1	false
CARGVAARPCPFDYW	1	-1	false
CARDRDSSGIKGFDYW	1	-1	false
CARDRDAFDYW	1	-1	false
CARDPGLKHYYYYGMDVW	1	-1	false
CARDPSGKRYCSSTSCYVNAIDYW	1	-1	false
CARDLLSGSYPSRFDYW	1	-1	false
CAKDIEYSSSSTTFDIW	1	-1	false
CAKDGGDLDIVVVPGNEQAFDYW	1	-1	false
CAKEEGVGTTVPFDIW	2	-1	false
CAKEQGPVATTYYYYYYGMDVW	1	-1	false
CAKEISDRIAAAEYYYYYYGMDVW	1	-1	false
CAKEYGGNSGW	1	-1	false
CAKGSSGYYEPDAFDIW	1	-1	false
CAKGPDLYHPVTSWFDPW	2	-1	false
CAKGYTGGRLTMVWYFDLW	1	-1	false
CAKGGDSSLYYYYYGMDVW	1	-1	false
CAKGVRYSRSYYFDYW	2	-1	false
CAKGVRSSLGTGTGAFDIW	1	-1	false
CAKGDDSSGWYFQKYYYYYGMDVW	1	-1	false
CAKGSSISLIDYW	1	-1	false
CAKGRPYDYGDWNRQGYFDYW	1	-1	false
CAKGTRLRVEYSSSYYYYGMDVW	1	-1	false
CAKGSIVVVPAASNFDYW	1	-1	false
CAKGQTKSFQLLLYPLDYW	1	-1	false
CAKGLLQSTEAVGGDYW	1	-1	false
CAKGADFGFRVDYW	1	-1	false
CAKPPGVQYYYDSSGYSDYW	1	-1	false
CAKLEGYFTVTTFDYW	1	-1	false
CAKQDSSSSGW	1	-1	false
CAKHPLYDFWSGYLYYMDVW	1	-1	false
CAKHFVLGSYSSSSHAIIYW	1	-1	false
CAKSYSGTARGDYW	1	-1	false
CAKSLDGDYGEFDYW	1	-1	false
CAKIGRDSEARFLEWFQGAFDIW	1	-1	false
CAKKEGTTGTTLRGNWFDPW	1	-1	false
CAKTYARGEEYYYYGMDVW	1	-1	false
CAKTGVEYQLLCQFDYW	1	-1	false
CAREHAPHKLVPNWFDPW	1	-1	false
CASRLLLEPAAIFVTWFDYW	1	-1	false
CARGHYIVVVPAAIYWFDPW	1	-1	false
CARGQSSCSSTSCLNAFDIW	1	-1	false
CARGQLDYDFWSGYYTCYFDYW	1	-1	false
CARGQTGAIFGVVIPYYYYYMDVW	1	-1	false
CARGRVVGATWTTLYYYYYGMDVW	1	-1	false
CARGRGDIVVVPAANAIYYYYYMDVW	1	-1	false
CARGRPVTAYRKPPRYYYYYMDVW	2	-1	false
CARGRYYDFWSGYPRLPQGWWFDPW	1	-1	false
CARGRSADYW	1	-1	false
CARGRGVATIRW	1	-1	false
CARGRSWYYSHSHPFDYW	1	-1	false
CARGRSSDTAMVINYW	1	-1	false
CARGRVVVRGARAYYYYMGVW	1	-1	false
CARGRLLLRFLEWFPTAPYYYGMDVW	1	-1	false
CARGRLGYCSGGSCYSRGLGTHYFDYW	1	-1	false
CARGPLANWFDPW	1	-1	false
CARGPQVLRGRTGITGTMGVFDIW	1	-1	false
CARGPTAPDPVVPAAMVPRWFDPW	1	-1	false
CARGLSRSIAARQVNYYYYYGMDVW	1	-1	false
CARGLVTMVRGVSGWFDPW	1	-1	false
CARGLGWNDWIAAEDYW	1	-1	false
CARGLIVVPAMREGWYYYYYMDVW	1	-1	false
CARGLNRYYDFWSGMLGYW	1	-1	false
CARGVKYCSSTSCYYWFDPW	1	-1	false
CARGVFVVVVPAAIGKYYFDYW	1	-1	false
CARGGSDDRDCSGGSCWRYYFDYW	1	-1	false
CARGGVVVPAAMKGRFDPW	1	-1	false
CARGGSGSYPALDYW	1	-1	false
CAKDLSNWNDRGFLDYW	1	-1	false
CAKDGDTAMVNW	1	-1	false
CAKDRSGLWGYYYGMDVW	1	-1	false
CAKVLNILVPQEHIVVVTALDYW	1	-1	false
CAKASSTSSAIRGIQSYYYYYGMDVW	1	-1	false
CARGQGRLGATPFDYW	1	-1	false
CARDAYCGGDCLGQYFQHW	1	-1	false
CARGETYYYDSSGYSSYYYYGMDVW	2	-1	false
CARGRTGSSSWLGDYW	1	-1	false
CARGSIVGAPRLDYW	1	-1	false
CARGSRTTVTTSSFSYGMDVW	1	-1	false
CARDLTLAHGSGGWFDPW	1	-1	false
CARDLGTNGEYYGMDVW	2	-1	false
CARDQSYGYGDYGAIDYW	1	-1	false
CARDRSIAARQVFDYW	1	-1	false
CARDPALGSGSYQDYW	1	-1	false
CARDSFAAARPLYWFDPW	1	-1	false
CARDGEQLEEHLGGFDYW	1	-1	false
CARDVGSGWYRPTEYFQHW	1	-1	false
CARDVEVGVNTAMVTDYFDYW	1	-1	false
CARDKPDYYDSSGYLMDVW	1	-1	false
CARDRSTVTTLDAFDIW	1	-1	false
CAREGEEYSSVGWFDPW	1	-1	false
CAREDHYYDSSGYLDYW	1	-1	false
CAREDSGGAFDIW	1	-1	false
CARAAGLGYWGAFDIW	1	-1	false
CARAEGQLLKRWLESLDYW	1	-1	false
CARAVTTSILYYYYGMDVW	1	-1	false
CARVVSAAPTAFPTGMDVW	1	-1	false
CARVRYGDSRDGYNAYYYYGMDVW	1	-1	false
CARVLGVHW	1	-1	false
CARGWFDPW	1	-1	false
CARGIGEVSFDAFDIW	1	-1	false
CARGIGYSGYGFDYW	1	-1	false
CARGGGSIVVVPAADYW	1	-1	false
CARAPRAARPIPYYYYYYGMDVW	1	-1	false
CARANSARYCSSTSCSPLRPTRISGYYYYMDVW	1	-1	false
CARARRGLNRAYYFDYW	1	-1	false
CARDQGQDSSGYYLYYYYYYGMDVW	1	-1	false
CAREVGNSIAAAVDYW	1	-1	false
CARVYNWFDPW	3	-1	false
CARFGQFWSGYSDPLEGYGMDVW	1	-1	false
CARSIVVVPAALDAFDIW	1	-1	false
CARSPPDDSSGFDW	1	-1	false
CARQRGPGYMDVW	1	-1	false
CARRLLRDGYTTDDAFDIW	1	-1	false
CARRGLLRSSYGMDVW	1	-1	false
CARGKYCSSTSCYENWFDPW	1	-1	false
CARGSQSSSWYPDSWFDPW	1	-1	false
CATVELERRGNW	1	-1	false
CTRVTYYDFWSGYYPPYYYYYGMDVW	1	-1	false
CWSGGYYWDYW	1	-1	false
CARQSASDRNYYYGMDVW	1	-1	false
CASRFMTPPTYYYYGMDVW	1	-1	false
CARTDLDTAMVTESGYWYFDLW	1	-1	false
CAARGNCSGGSCYWGGGLDAFDIW	1	-1	false
CARDRCSSTSCPNDNWFDPW	1	-1	false
CVRAASSSYEYW	1	-1	false
CASEVYNPLGPRALEWLPPNWFDPW	1	-1	false
CARENTYYYDSSTGAFDIW	1	-1	false
CARDLFHPGVDTAMVIDYW	1	-1	false
CARERGCSGGSCLYYYYYMDVW	1	-1	false
CARGHIVATGDLFDYW	1	-1	false
CAKDPGYSSGWYGAFDIW	1	-1	false
CAHAYDFWSGYPPPYYYYYYYMDVW	1	-1	false
CAHRMKWELLERW	1	-1	false
CAHRRLGYSYGSNFDYW	1	-1	false
CAHREIAVAGDGMDVW	1	-1	false
CAHSRRIAVAGTKGIRWFDPW	1	-1	false
CAHGEREYYYDSSGNWFDPW	1	-1	false
CARLTGTLRYFDYW	1	-1	false
CARRDGYNFRGFDYW	1	-1	false
CARIGGFVRFLEWSLDYW	1	-1	false
CAHNIRVGIWGRDYYYYYMDVW	1	-1	false
CAHRRSELIFGVVIGEYFQHW	1	-1	false
CAHRGGCSSTSCYTNPYYFDYW	1	-1	false
CAHSHTVTISYFDYW	1	-1	false
CAHSRPSVVVPGTRGRTYYYYYYMDVW	2	-1	false
CAHSSYYDFWDMRYMDVW	1	-1	false
CAHSAPLSGYDSPEFDYW	1	-1	false
CAHRGGTMVQGVTDGYYYYYMDVW	1	-1	false
CARDLSGWYRGLIDYW	1	-1	false
CARDLAAMVTDFDYW	1	-1	false
CARDLSSSWYDSPMDYYYYMDVW	1	-1	false
CARDHDYGDLPDYW	1	-1	false
CARDLSTAMEYYYYGMDVW	1	-1	false
CARDSYGDYGGRNIDFDYW	1	-1	false
CARDSRDGIFGVVIARAYW	1	-1	false
CARDGIGSSGWYGIHYYYYYYMDVW	1	-1	false
CARDGSLYSYGTYYYYMDVW	1	-1	false
CARDGSSGYYVDYW	1	-1	false
CARDDELQSLFDYW	1	-1	false
CARDDYGDYLFDYW	1	-1	false
CARDAGYGDYDADYFDYW	1	-1	false
CARDAEDIVVVPANWFDPW	2	-1	false
CARDRGSYSFDYW	1	-1	false
CARDRARRGMDVW	1	-1	false
CARDRRGNIAAPIDYW	1	-1	false
CARDPGANTVTTGITISYFDYW	1	-1	false
CARDLIQSAWVPAALLPRRYDGMDVW	1	-1	false
CARDYCSSTSCYYYYMDVW	1	16	false
CARDSYGADRIDYDYVWGSSVPANAFDIW	1	-1	false
CAREGMDILTYDYW	1	-1	false
CAREYYDILTPSQNWFDPW	1	-1	false
CAREIGYCSSTSCYSSGNWFDPW	1	-1	false
CAREWVAGSGGDYW	1	-1	false
CAREPAPAAILW	1	-1	false
CARGTRSDGYW	2	-1	false
CARGDSSGWYREHGYYYYYMDVW	2	-1	false
CARGDIVVVPAAMWFGGSDYW	1	-1	false
CARGDDNQGYYDFWSGYHGLYWYFDLW	1	-1	false
CARGGGYGDYYYYGMDVW	1	16	false
CARGPRGYCSGGSCSNWFDPW	1	-1	false
CARGPITMVQGVRLSGRGSIDYW	1	-1	false
CARVRGWDIVVVPAAIQDYYYYMDVW	1	-1	false
CARVSCSGGSCYSFLDYW	1	-1	false
CARVAYDSSGHYYYDLGTYDYW	1	-1	false
CAKCGLGLPERGCYYYYGMDVW	1	-1	false
CAKSTTMVQGVIMGGGFDYW	1	-1	false
CAKSTSVAALICYFDYW	1	-1	false
CAKSLRDYGDYEAFDYW	1	-1	false
CAKFLARRLETVSQLVPGVDW	1	-1	false
CAKFAIIAARRNVLTLLDYW	1	-1	false
CAKLDGREQWLGHDAFDIW	1	-1	false
CAKAKLF	1	-1	false
CAKSSGYEKSPPYYYYMDVW	1	-1	false
CAKYCSGGSCYRDW	1	-1	false
CAKCIAAADPTDYGMDVW	1	-1	false
CANVFRLRFLEWLDDKDYW	1	-1	false
CANWGGRAVAGQRSGFDYW	1	-1	false
CARNFDFWSGSNWFDPW	1	-1	false
CARKVGYCTNGVCYQDPQEDYW	2	-1	false
CARAHIVVVPAAIDYW	1	-1	false
CARGVTIFGVVTDYYYYMDVW	1	4	false
CARLRIAAAGYDPW	1	-1	false
CARNLYDFWSGYYIHW	1	-1	false
CATSSSWYKNGEYYYYGMDVW	1	-1	false
CATLINWNFGYW	1	-1	false
CAGYYDILTGYQRAFDYW	1	-1	false
CAGRITMVRGVIRLDYYYGMDVW	1	0	false
CAARDQLLGFSGYMDVW	1	-1	false
CAQEADYGDYLDYW	1	-1	false
CAYGSGSYYKVTPYYYYGMDVW	1	-1	false
CVGLLSPHQEGYYYYMDVW	1	-1	false
CTKDRSVFGYYGSGYW	1	-1	false
CAKVALGYSYYYYGMDVW	1	-1	false
CAKDETLSTPLYYFDYW	1	-1	false
CARGSPSLSSIVVVPAATQNFDYW	1	-1	false
CARGSQPLDIVVVPAAISLDYW	1	-1	false
CARGSSSVVVPAAIVAFDIW	1	-1	false
CARGSVVAELDYW	1	-1	false
CARGSFVDIVVVVAANGTFDYW	1	-1	false
CARGLGGIAASGWFDPW	2	-1	false
CARGNNGDKVDYW	1	-1	false
CARGITIFGVVNHDYW	2	-1	false
CARGDIVVVPAAMRAYNWFDPW	1	-1	false
CARGGYCSSTSCYVFPFLRLPFDPW	1	-1	false
CARGGLGYCSSTSCHHYYGSGSFDYW	1	-1	false
CARGILGYCSSTSCPFFDYW	1	-1	false
CARGTWKKQQLPRRVAFDIW	1	-1	false
CARGKGARDFWSGYYEAYYYYYMDVW	1	-1	false
CARGVVAGTFRGPYYYYGMDVW	1	-1	false
CARGRGELRFLEWSGAFDIW	1	-1	false
CARGRDGSGSYYKVWFDPW	1	-1	false
CARGPSYYDFWSGYYITAFSKSYYGMDVW	1	-1	false
CARGSRPGARYCSSTSCLYFDYW	1	-1	false
CARVGEIVPAAMLGAGGLDYW	1	-1	false
CARVVPAATDYW	1	-1	false
CARVTYYYGSGSYYRLEGWFDPW	1	-1	false
CARVGEYYDISYYMDVW	1	-1	false
CARVIPQNIRAVYRGWFDPW	1	-1	false
CARVKADRGGYCSSTSCHRRANTAPRIHNWFDPW	1	-1	false
CARSPVAGVTFFDYW	1	-1	false
CASLRFLEDGGDYW	3	-1	false
CASTHIVGATAVDYW	1	-1	false
CASEITGTDVEGDYW	4	-1	false
CARGGVAGWFDPW	1	-1	false
CARNRGIDYW	1	-1	false
CAISYGIYFDYW	1	-1	false
CAAGYSYGSVDLDYW	1	-1	false
CARTYCGGDCYHYYFDYW	1	2	false
CARDLYLDYW	1	-1	false
CARDFMKQVATIGFDYW	1	-1	false
CARLPAETARDNWFDPW	1	-1	false
CARSRGLPKDYW	1	-1	false
CAREVVYATKYYFDYW	1	-1	false
CARDPLSNYDYVWGSYRSYYFDYW	1	12	false
CVSSSWVVRRSPPGRKFDYW	1	-1	false
CARDSYNRYSGYDWGFFHYW	1	-1	false
CARDYEGDRSVRYQLLCCRGAFDIW	1	-1	false
CARDLGSTW	1	-1	false
CARDALATGPPWSFDYW	1	-1	false
CARDADSPAEYYMDVW	1	-1	false
CARDLRGGYSGYDPSDYW	1	-1	false
CARDRITIFGVVIYTFDYW	1	-1	false
CARDHYSSGWIDYW	1	-1	false
CARDISGSGWSPADW	1	-1	false
CARDKHDYSNDPAVYYYYYMDVW	1	-1	false
CAREPFTVTPDYW	1	-1	false
CAREGGDSSGWSYNSDKRTGFDYW	1	-1	false
CARDYYDFWSGYPGDYYYYYMDVW	1	-1	false
CARVRHIVVVPAAEDLGDAFDIW	1	-1	false
CARVGGFNDFWSGYSHYFDYW	1	-1	false
CARGLRFLEWDAVPDAFDIW	1	-1	false
CARGSYYGSGSHPPDYW	1	-1	false
CARGYSYGYFYFDYW	1	-1	false
CARGRGKYQLLLAPIDYW	1	-1	false
CARGIRDGYYANENFDYW	1	-1	false
CARVWSHSSLEGWGGYFDYW	1	-1	false
CARLGSVDTAMVKSWYFDLW	1	-1	false
CAREGDYW	1	12	false
CAREDGYSYGFQVYYYYMDVW	1	-1	false
CARVLDCSSTSCPLWFREFAFDLW	1	-1	false
CARGSERRYDFWSGYYVAGPW	1	-1	false
CASCGYSYGYCDVW	1	-1	false
CARDRGGTTTYYYYYMDVW	1	-1	false
CARERNQLLWTYYYMDVW	1	-1	false
CARESDIVVVPAAYMDDAFDIW	1	-1	false
CARDLGDFWSGYEYYYYYYMDVW	1	-1	false
CARDRGRITIFGVVTDYYYYMDVW	1	4	true
CARDSSGWYYFDYW	1	14	true
CARDFVGDYDFWSGRNWFDPW	1	-1	false
CARDSPGYCSSTSCYGSYYYYYYYMDVW	1	16	false
CAREGGYVQPYGFDYW	1	-1	false
CARENWDIVVVPAAFLNWFDPW	1	-1	false
CARDDPAQTDVDIVVVPAAMW	1	-1	false
CARAGYSSGWYFQDNWFDPW	1	-1	false
CARAAGGWSIGGGAFDIW	1	-1	false
CARARVLRFLEWLYYFDYW	1	11	false
CARAPLLPAADRNWFDPW	1	-1	false
CARGGGHTTKHAFDIW	1	-1	false
CARGETDYYYYYMDVW	1	-1	false
CARGGLVVVPAAMRASTADYYYYYYMDVW	1	-1	false
CARGAVAGTSWFDPW	1	-1	false
CARVPQYWSFGWSPDDAFDIW	1	-1	false
CARWYYGSGSVDYW	1	-1	false
CARCAYSNPSFYYYYMDVW	1	-1	false
CARIPYSSSSQGYYYYYYMDVW	1	-1	false
CASEVVGDIVVVPAAISYFQHW	1	-1	false
CARGPWIVVVPAAPSGGRAPYYYYYMDVW	1	-1	false
CAHTVPYYYYYMDVW	1	-1	false
CAHTYSSGWYGYFDYW	1	-1	false
CAHILTGFWSGYYGSYFQHW	1	-1	false
CAHHKPIVVVPAYYYYYMDVW	1	-1	false
CARLGYCSSTSCPVRILTGYSYDAFDIW	1	-1	false
CARAVVVPAAMGAVVPFDYW	1	-1	false
CAHSARIVVVPAASDFGFDPW	1	-1	false
CARSEYQLHWFDPW	1	-1	false
CARGSRGNYYYYYMDVW	1	-1	false
CARLHPPREDYYMDVW	2	-1	false
CATTVRFLEWLPDYYYYMDVW	1	-1	false
CARGAGVWFGELLQWDYW	1	-1	false
CARCIAVAGARYFQHW	1	-1	false
CARREGRIFGPRHCFDYW	1	-1	false
CARRRPKGRPIDYW	1	-1	false
CARSGYCSSTSCYFSAPLDYW	1	-1	false
CAHERTREYYYYYGMDVW	1	-1	false
CARIRAVAGTGWFDPW	1	10	false
CARTPRSSGNWFDPW	1	-1	false
CARTSDSLVSGYSSGWYAYFQHW	1	-1	false
CARTRRTYYYDSSGYYSAFDIW	1	-1	false
CARHRSGSYYFAFDIW	1	-1	false
CARHRLVGGSSSGNWFDPW	1	-1	false
CARHRPLESYDFWSGYSADAFDIW	1	-1	false
CARHVWGGRVPTIFGVVITPMDDYYYYYMDVW	1	-1	false
CARHVLHDFWSGYSEVLYYYYMDVW	1	-1	false
CARHAPADAFDIW	1	-1	false
CARHWDHTAMVNFDYW	1	-1	false
CARHLRGAFDIW	1	-1	false
CARHLAPTVIVGSYYMDVW	1	-1	false
CARHSGDTIFGVVIIPGDPYFDYW	1	-1	false
CARHHPLRRFIRGRNYYYYYMDVW	1	-1	false
CARQGFLTGAAAGTGPNWFDPW	1	-1	false
CARQPRITMIVVGLNWFDPW	2	-1	false
CARPSDFWSEHVDYW	1	-1	false
CAVGVVPADELYYFDYW	1	-1	false
CATGGYSYGIAFDIW	1	-1	false
CARDRAFSDLDVW	1	-1	false
CARDHLTMVRGVRGRYFDYW	2	-1	false
CARQPPPITMILEGFDPW	1	-1	false
CARVVVVAARIDYW	3	-1	false
CARFTIFGVVIPNDAFDIW	2	-1	false
CARLYQLLYSFRDYW	1	-1	false
CARGPKTTWPPYYYYYGMDVW	1	-1	false
CARAVVPGYYFWSDYYYGMDVW	1	-1	false
CARDSAYQHYNWFDPW	2	-1	false
CARVPPENDLIGYSGYDYYFDYW	1	-1	false
CARAREDGYNFYYFDYW	1	-1	false
CARISQGSSWYAAPGYFDLW	1	-1	false
CASALYHRGVYW	1	-1	false
CAREFYGAPRGGMDVW	1	-1	false
CARDLSYGSGSRGWGNYYYYGMDVW	1	-1	false
CARGPRDSYGSGSHFDYW	1	-1	false
CARAPHYCSSTSCYSDYMDVW	1	-1	false
CANAVDDLPGAYFDYW	1	-1	false
CARGVVVPAGILYYYYMDVW	1	-1	false
CARGSLDVWGSYRYIYW	1	-1	false
CARGESYSPGTIFDYW	2	-1	false
CARQSLQWRTNWFDPW	1	-1	false
CARRYPLQTSHAFDIW	1	-1	false
CARASYYYYGMDVW	1	16	false
CASSPLYHWFDPW	1	-1	false
CARDRGDGDYYYGMDVW	1	-1	false
CAREGSPRNFDYW	1	-1	false
CARRQDGSGIDYW	2	-1	false
CAKDGCSSTSCYWGVFDYW	1	-1	false
CARVRGYYGSGYNNYYYYYGMDVW	1	-1	false
CAREVEEYSSGYLNWFDPW	1	-1	false
CARGFSGTQMYYFDYW	1	-1	false
CARHYDILTGYYGAFDIW	1	-1	false
CARNSGDFWSGQHYYYYYMDVW	1	-1	false
CARVIRRSGDSSGWYSKNYYYYGMDVW	1	-1	false
CARITMVRGVMPLYPW	1	-1	false
CASSHYPFDYW	1	-1	false
CASRETHIYYDSSGYYGRDYW	1	-1	false
CARDRAQGNRFYDFWSGYYTDAFDIW	1	-1	false
CARSSNTIFGVVITNYYYYYGMDVW	2	-1	false
CARGSQKSYDFWSGYRDTNDAFDIW	1	-1	false
CARDREGQTTAAGRLDYW	1	-1	false
CARAHIAAAGTLDYW	1	-1	false
CALGRRSSTRIAAAGEAKNNWFDPW	2	-1	false
CARDNGWIQLIFDYW	1	-1	false
CARDLNIAAAWGYYYYGMDVW	1	-1	false
CARARMVRGVRYIDYW	1	-1	false
CATDLTVGASGYGMDVW	1	-1	false
CARSTRYDFWSGYSSLDYW	1	-1	false
CASNVGYCSSTSCYAGWFDPW	1	-1	false
CARERAINWFDPW	1	-1	false
CTRVCSSTSCVNFDYW	1	-1	false
CARGDYGEGVDYW	1	-1	false
CARWIAVAGAAKFDYW	2	-1	false
CARRGYYYDSSVAGAQIDYW	1	-1	false
CARGQKGFLEWLLPPDYW	1	-1	false
CARDGDITSTGGEFDYW	1	-1	false
CARAVVVLYYYYMDVW	1	-1	false
CARGLTPLRSRPHYYYYGMDVW	1	-1	false
CARDVRHDYGEDNWFDPW	1	-1	false
CARWPRIAAAGTSYW	1	-1	false
CASGGSYLGYW	1	-1	false
CARDGEIGYCSSTSCYTDYYYGMDVW	1	-1	false
CAHRRAYYYDRATGPYFDYW	1	-1	false
CAHSLPYYDFWSGSPWFDYW	1	-1	false
CAKAEGYPLPYYYYGMDVW	1	-1	false
CARGFVVVPAAMWAPIQHW	1	-1	false
CASQPEDYYDSSGFPW	1	-1	false
CARDATPYYDFWSGYSEGYNWFDPW	1	-1	false
CARDQGGSGYYYGSGIDVYYFDYW	1	-1	false
CARGGDYSNYESGGGPNDYYYYYMDVW	1	-1	false
CARDISGSYDQW	1	-1	false
CARNYYDFWSGYYYAFDIW	1	-1	false
CARHEMYSSSSWWGPNWFDPW	1	-1	false
CARHGKGSSSYYYYGMDVW	1	-1	false
CARHGPLDIVVVPAATKAPAEFDPW	1	-1	false
CARHFPLDGNYDFWSGIKILRYYYYMDVW	1	-1	false
CARQGDTNWGWFWYFDLW	1	-1	false
CARVPESDGYSSGLGAFDIW	1	-1	false
CARVSLRYSYGRSDYW	1	-1	false
CARVYSW	2	-1	false
CARAPRQAYDSSGYSNWFDPW	2	-1	false
CARAAFRYNWNDVPYYYMDVW	1	-1	false
CARAILRPPNYGDYDHSYYYGMDVW	1	-1	false
CARPRTVIAAASFDPW	1	-1	false
CARCPRSNHDAFDIW	1	-1	false
CARSRREYSSSSILGYW	1	-1	false
CARYCSSTSCLVGMDVW	1	-1	false
CARSIAVAGTSNYW	1	-1	false
CARSNSETTACFGYW	2	-1	false
CARQNLAVAVRIDAFDIW	1	-1	false
CARSSMDYDFWSGYYNTAGSGMDVW	1	-1	false
CASTPGYCSSTSCYFLAFDIW	1	-1	false
CASGGVMASVRYCSSTSCYETDYW	1	-1	false
CASLSVVMGVISVVPAAIPTFDVW	1	-1	false
CASTYDFWSGYYNRNDAFDIW	1	-1	false
CAKAGVPAAKNWFDPW	1	-1	false
CARDNSMVRGVITYYYGMDVW	1	-1	false
CARDSLPIDYDFWSGYYNYYYYMDVW	2	-1	false
CARDGRVDYDILTILYYYYMDVW	1	-1	false
CARDYGDGYNYGGKGYYYFDYW	1	-1	false
CARDAASQWLVKVGGFDYW	1	-1	false
CARDGSGVVDYW	1	-1	false
CARDLSQNYYYYYGMDVW	1	-1	false
CARDRGGHIGGSYGARPGIYDYW	1	-1	false
CARDPPSIAVAGTSSRSSEYYYYYDMDVW	1	-1	false
CARGSRWSGLEEFDYW	1	-1	false
CAACWDSYFDYW	1	-1	false
CAKDLTVVPAARSGGYFDYW	1	-1	false
CAKDPIRFRGVACSGGSCYSAWFDPW	1	-1	false
CAKDPGSSGWYPLRPYYYYYGMDVW	1	-1	false
CAKDITIFGVVIYHFDYW	1	-1	false
CAKDIAAAYEWKYYYYGMDVW	1	-1	false
CAKDPMGWNELFDYW	1	-1	false
CAKELLGYCSSTSCGRPSWYFDLW	1	-1	false
CAKVLALAVTTRLDYW	1	-1	false
CAKGGIRFLEWSPPSYW	1	-1	false
CAKGATPNTYYFDYW	1	-1	false
CAKSMVWSGYYSWFDPW	1	-1	false
CAKDTAMVSPDYW	1	-1	false
CAKAIAKGVLMVYADYW	1	-1	false
CANHQLLRGYYYGMDVW	1	-1	false
CATWSLEWLLIPNDYW	1	-1	false
CARGLPGYGSGYKYYFDYW	1	-1	false
CALWEPTGNYFDYW	1	-1	false
CAKDYATMSVVVPAAIEGTYYYYGMDVW	1	-1	false
CAKCVGYCSGGSCYAGPLEAYYYGMDVW	1	-1	false
CAKDGAPTVTTYYYYYGMDVW	1	-1	false
CAKDDSSDFSHAFDIW	1	-1	false
CAKFGLGDILTGYGTDYFDYW	3	-1	false
CAKDPDIVVVPAATPTFDYW	1	-1	false
CAKDEGYYYDSSRGAFDIW	1	-1	false
CAKGEEIRDYYYGMDVW	1	-1	false
CARFPPGTNYFDYW	1	-1	false
CAKDRKDIVVVPAAIDRGKLNWFDPW	1	-1	false
CAKDPTAMVEPDYYYMDVW	1	-1	false
CAKVVVRKSYPRAFDIW	2	-1	false
CAKAKKFCSSTSCYAWYFDLW	1	-1	false
CAKDRSKKGITGTHYYYYGMDVW	1	-1	false
CAKDQGAYYDFWSGLNWFDPW	1	-1	false
CARVLPYDYVWGSYRKGWFDPW	1	-1	false
CARVERGYYDILTGWSIYGMDVW	1	-1	false
CARVHYYGSGSYFRYYYGMDVW	1	-1	false
CARVPAYSSSWADYW	1	-1	false
CARVRGWYLPLFDYW	1	-1	false
CARVKEYQLLRYDAFDIW	1	-1	false
CARAGYSSGWYVRHPSDYW	2	-1	false
CARALLMGSMGGRTGGVDYW	1	-1	false
CARAQRGRYCSSTSCYPAIQTFDYW	1	-1	false
CARAWQSAGPGGDAFDIW	1	-1	false
CARASYGAFWSGYYCDYW	1	-1	false
CARARCSSTSCYGWFDPW	1	-1	false
CARAGGNIVVVPAAKYPLYYFDYW	1	-1	false
CARAYGLNLHYYYYYMDVW	1	-1	false
CARAVRGYYFDYW	1	10	false
CARAVYCSSTSCYGGADAFDIW	1	-1	false
CARAGGPTTVTTPHYYYYMDVW	1	-1	false
CARDPYYDFWSGYAQKRYYYYGMDVW	1	-1	false
CAREVFGVVITSLDYYYYYMDVW	1	-1	false
CAREGINTSYYDFWSVRKFGPLDVW	1	-1	false
CAREGGSGWSTPRWGQHWFDPW	1	-1	false
CARETRIPFGSSWPYYYYYYMDVW	1	-1	false
CARESRVGATTGLTDAFDIW	1	-1	false
CARERHILTGYYVFAYW	1	-1	false
CARDKGDFWSGYTRFDYW	1	-1	false
CARLPYPRTTGTTRAFDIW	1	-1	false
CARFSPYGGGPFQHW	1	-1	false
CARFETRHAAMLLDYW	1	-1	false
CARFDRGAFDIW	1	-1	false
CARLRGGGTTTTTYYYYMDVW	1	-1	false
CARYCSGGSCYRRPKKLGVPTFFDYW	2	-1	false
CARRLRITMVRGEKFDYW	1	-1	false
CARRVPYCSSTSCYGRDYYYYYYMDVW	1	-1	false
CARRTYTGDYW	1	-1	false
CARRPGRVYYCSGGSCYGGHFDYW	1	-1	false
CARAEINYCSSTSCYLLRRGENYMDVW	1	-1	false
CARASGGFWSALPWFDPW	1	-1	false
CARAIGPLDYW	1	-1	false
CARLGVELAGRPAYYYYMDVW	1	-1	false
CARSRIVVVPAAIRRYYYMDVW	1	-1	false
CARQLFIAVAGFDYW	1	-1	false
CARGTVGYYDFWSGYPPGVPYYFDYW	2	-1	false
CASTTNIVVVPAATYFDYW	1	-1	false
CARDPQGYYDFWSGYRNWFDPW	2	-1	false
CARDVRYCSSTSCYKPYYYYYMDVW	1	-1	false
CARDPSYDSSGYYSRGYFDYW	2	-1	false
CARDIVVVPAAMRVPTFSHYYYGMDVW	1	-1	false
CARDSFGCSSTSCYSAYYYYGMDVW	1	-1	false
CARESYYDFWSGYSRGEGSFDYW	1	-1	false
CAREGIFDFWSGYYYYFDYW	1	-1	false
CARDFENTAMVTNYFDYW	1	-1	false
CARDSFVVVAATVVHYYYYMDVW	1	-1	false
CARTYDILTGYPHPYGGESGYYGMDVW	1	-1	false
CAKDQGLLGDQNIDYW	3	-1	false
CAKFSEAYLGYSYGYFDYW	1	-1	false
CARGPFEYSYGFRMDVW	1	-1	false
CARDPDYYDSSGYYDYW	2	15	false
CAREMDVTDHYGMDVW	1	-1	false
CARGGYCSSTSCYGVYFQHW	2	6	false
CASLQLFDAFDIW	1	-1	false
CARGPVGDYPNLFFDYW	1	-1	false
CARSAYDFRTGYYSHYYYMDVW	3	-1	false
CARDQGSMVQGVILNSLFDYW	1	-1	false
CARQFQGDYMDVW	1	-1	false
CASVHGSGSYYTSHGGDVFDYW	2	-1	false
CANTPADYYYYGMDVW	1	-1	false
CAREGNWNDDGGYFDYW	1	-1	false
CARDHADCSSTSCYYYYYGMDVW	1	-1	false
CARDGGYDILTPEYFDLW	1	-1	false
CAKGSAYYDSSGYSKYLFDYW	1	-1	false
CARGKHDHYDSSGYPNWFDPW	1	-1	false
CASSLYCSSTSCYYYYYGMDVW	1	16	false
CARARRSSGRYWYFDLW	1	-1	false
CARYCSGGSCYSTIDYW	1	-1	false
CARGRGRKGDDYW	2	-1	false
CARGGGDTAGFRWGLHFDPW	1	-1	false
CARGGTSLPASDLPFDPW	1	-1	false
CAREGNAGIGIFDYW	1	-1	false
CAREGRVSSGWVDYW	2	-1	false
CARDTVVPAAIPGGWYTYYYYGMDVW	1	-1	false
CARDLRGGIAAAQGDDAFDIW	1	-1	false
CARDALYYYDSSGYHAFDYW	1	-1	false
CARDAAGYYGSARGGHYYYYGMDVW	1	-1	false
CARDGPFELPGWFDPW	1	-1	false
CARDGNRGNGVDYW	1	-1	false
CARDGGGRSARSGYFQHW	1	-1	false
CARLGSSGYWSVDYW	1	-1	false
CARSPYCTNGVCYREGFDYW	1	8	false
CARSHSIVVVPAVLYGMDVW	1	-1	false
CARALPPLYYDFWSGHSDGMDVW	1	-1	false
CASSLTGTTGPLVYW	1	-1	false
CASQHSYYDSSGSTLDVW	1	-1	false
CARGRSLHYCSSTSCYVYWFDPW	1	-1	false
CARGSPMTVTTGWYFDLW	1	-1	false
CARGGVYYYGSGTVGWFDPW	1	-1	false
CARSADGFDYW	1	-1	false
CAREALSGSYFPISTGWFDPW	1	-1	false
CASPSSRNNYYYGMDVW	1	-1	false
CARVGFEFVVVPAARGDYYYYYMDVW	1	-1	false
CARQPNYSSSWYLYYYGMDVW	1	-1	false
CARQDIVVVVAATPNWFDPW	1	9	false
CARQVVVPAAMRGYFDYW	1	-1	false
CARQNGWYSRGYFDYW	1	-1	false
CARQIGYYFDYW	1	-1	false
CARHHASYAYYDFWRYAFDIW	1	-1	false
CARHFDYW	2	-1	false
CARRIHLIGNYFDYW	1	-1	false
CARRRAAMVSNAFDYW	1	-1	false
CARRGVGFLGEFDYW	1	-1	false
CARRARGSWYYFDYW	1	-1	false
CARRNIEGYCSSTSCYAVDYW	1	-1	false
CARRIAVAGTGWFDPW	1	10	false
CARLASAIVVVPAAHYFDYW	2	-1	false
CARLTSFTQSSRSGYYYYYMDVW	1	-1	false
CARLLLRFPPDYW	1	-1	false
CARLRYYYDSSGYFRGGHYFDYW	1	-1	false
CARLVDTAIRLYGMDVW	1	-1	false
CARLGLGWGYCSSSTSCVDYW	1	-1	false
CARLGSNVDSNAFDIW	1	-1	false
CARLGLLEWLLFPPFSSWFDPW	1	-1	false
CARPSDTAMVEWGYYFDYW	1	-1	false
CARPLRLGRFDPW	1	-1	false
CARGGSSTGARYNIGAFDIW	1	-1	false
CARGQGYCSSTSCYPEDQERDDAFDIW	1	-1	false
CAREPSCSSTSCYVLRASLYYFDYW	1	-1	false
CARDPQSWWLVPAANYGMDVW	1	-1	false
CARELGRGYSYGSSNWFDPW	1	-1	false
CARVVPAAKFDYW	1	-1	false
CARYKLSTYYDFWSGYSDAFDIW	1	-1	false
CARWECSSTSCYVGGWFDPW	1	-1	false
CARWGSSGNTQNWFDPW	1	-1	false
CARSNLGYCSGGSCYSKYSDYFDYW	1	-1	false
CASSYDFWSGYYSQSPYFDYW	1	-1	false
CARGDILTGYYGPG	1	-1	false
CASPLSTNYYDSSGWPDYYYYGMDVW	1	-1	false
CAITEDIVVVPAATSNWFDPW	2	-1	false
CANYRIAYCGGDCYRSWFDPW	1	-1	false
CAVVAATGAYYYYGMDVW	1	-1	false
CTTDFPPPLGDQIVVVPAAIPSADAFDIW	2	-1	false
CTRDAIAAAGIPEYYYYYYGMDVW	2	-1	false
CTREAIVVFPPYYFDYW	1	-1	false
CTRGGDYYDSSGYRGDDYW	1	-1	false
CTRVFVVVPAAMIDTDVW	1	-1	false
CTSAPAAIFTSGIYGMDVW	1	-1	false
CTTEKNGYSGYDPYYYYGMDVW	1	-1	false
CTTVFTRYSYYDILTGYYNYW	1	-1	false
CTTRPVILRFLEWSPNAFDIW	1	-1	false
CTTGLTRIAAAGTAHYFDYW	2	-1	false
CTTDHTMIVVVPGYYFDYW	2	-1	false
CTTGVVVVPAAIKSYYYYYYMDVW	1	-1	false
CTTDQGVRFGELQKYYYYYGMDVW	1	-1	false
CTTWHFWSGYYYYYYYGMDVW	1	-1	false
CTTDDTSSSSVGYW	1	-1	false
CTTDVTMIVVVITVDYW	1	-1	false
CTTDAEYNWNDLVGAFDIW	1	-1	false
CTTDPSPGLAVAGADYW	1	-1	false
CTTDRSVYCSSTSCYLGYW	1	-1	false
CTTDLVVYNWNRNGIDYW	1	-1	false
CTTDLDMITFGGVIVTLDAFDIW	1	-1	false
CTTDLGIVVVPAAIPDAFDIW	2	-1	false
CTTDWATTVTYDSNWYFDLW	1	-1	false
CTTDTDCSSTSCFSGSYYLYW	1	-1	false
CTTEFPTVVTPGNWFDPW	1	-1	false
CTTEAGQYYDFWSGYYTWGYYYYGMDVW	1	-1	false
CTTDRTPTYPDAFDIW	1	-1	false
CTTVLDYDYVWGSYFDYW	1	-1	false
CTTVIPYYYYMDVW	1	-1	false
CTTVFRNWSPW	3	-1	false
CTTVDWFDPW	1	-1	false
CTTGGYDFWSGYYLGDAFDIW	1	-1	false
CTTGEYDYGDYDAFDIW	1	-1	false
CTTGVLGYDYW	1	-1	false
CTTGRGYRLGYW	1	-1	false
CTTAYDSSGYYKNYYYYGMDVW	1	-1	false
CTTAVRPYYDFWSGYYLYW	1	-1	false
CTTPPRYSSSM	1	-1	false
CTTQKSDDYYYGSGSYFRAFDIW	1	-1	false
CTTQTYDFWSGYPNWFDPW	1	-1	false
CTTYGDYEVFDYW	1	-1	false
CARGPLDGGYYIDYYYGMDVW	1	-1	false
CARAPERPSQEPRGYYYYGMDVW	1	-1	false
CAGDLSPYDSSGYYLFDYW	1	-1	false
CASDPPAGTFGGVPNWFDPW	1	-1	false
CARDSPYSGSYYMLVPSGNYFDYW	1	-1	false
CARETLEFVLLLDVW	2	-1	false
CARDWCSGGSCYIETKENWFDPW	1	-1	false
CARDNTVTTSIDYYYMDVW	1	-1	false
CARAATDFWSGHYYYYYGMDVW	1	-1	false
CARDFLDQNAFDIW	1	-1	false
CARSGEMYYDFWSGYSSSFWEHW	1	-1	false
CARDSRQWLVPGAFDIW	1	-1	false
CARDRIHSYGYDSGYYYYGMDVW	1	-1	false
CARDGGVWFGELPDGMDVW	1	-1	false
CARDPPDCSSTSCYEGDVSGYW	1	-1	false
CARDRVVAAAGTDYYYYYGMDVW	1	-1	false
CARDPGEGFDYW	2	-1	false
CAREPTDMDTAMVTDYW	1	-1	false
CAREVLSSGWTHAFDIW	1	-1	false
CAREARRHRRLEIRDDAFDIW	1	-1	false
CARARDSINYFDYW	1	-1	false
CARATFWSGYYTVDYW	1	-1	false
CARGVGATLIDYW	1	-1	false
CARGSYYYDSSGYYLDAFDIW	1	-1	false
CARVRTDCSSTSCLFPPSSYMDVW	1	-1	false
CAKDRQNGENYYYYYMDVW	2	-1	false
CAKDPTVTTFFWLDYFDYW	1	-1	false
CAKENAIEQSFDYW	2	-1	false
CAKSRGGHSSGWYWRDGMDVW	1	-1	false
CAKVSAYSFGYVFSG	1	-1	false
CAKVKIGNYVVIYYYGMDVW	1	-1	false
CAKVGSYYGSGSLIDYW	1	-1	false
CARDMGGAHYFDLW	1	-1	false
CARDLHGDPEDW	1	-1	false
CARLYSSTSCYNDYW	1	-1	false
CTTRGRYGDYDLYYYYGMDVW	1	-1	false
CARDEYPRWPFDYW	1	-1	false
CARDEVRTKSGLLDYW	1	-1	false
CARQPTIAAAGSTPDKNDAFDIW	1	-1	false
CARDFYGMRDGALKYGDYEYYGMDVW	1	-1	false
CARQRGSYSVIDYW	1	-1	false
CAKDMSPQGTYYYGMDVW	1	-1	false
CAKDQGDLSTPASGFDPW	1	-1	false
CAKDPYRRDAVALNLPRDYW	2	-1	false
CAKDNAAYYYGSGSQTLYNWFDPW	2	-1	false
GAKDIGQLLSSADYW	1	-1	false
CAKDIGGWYYFDYW	2	-1	false
CAKDISVAGTGFDYW	1	-1	false
CAKDRGASMGRHDAFDIW	1	-1	false
CARIGYYYDSSGYLGGMDVW	1	-1	false
CARKGTRSLYYFDYW	1	-1	false
CARNAYYYGSGSYYYWFDPW	1	-1	false
CARTPREYAAAAGITRLLPIAFDIW	1	-1	false
CARTGGHFWSGFLPRHLYYFDYW	1	-1	false
CARGTMVQGVIPYYYYYMDVW	2	-1	false
CARGISSGARVRYGSGSYPDYYYYYGMDVW	1	-1	false
CARGPAANVEVGFDYW	2	-1	false
CARHLLEWFKAPFDYW	1	-1	false
CARLITMVQGVKPRLRYYMDVW	1	-1	false
CARTVGAIPNALNAADYW	1	-1	false
CASRHQLLYIHTNWFDPW	2	-1	false
CASGKWARVRFRDSTALATLDYW	1	-1	false
CASIVSGYSYGSPYYYYYMDVW	1	-1	false
CASGPPSLQYYYYGMDVW	1	-1	false
CASLKNSSGAW	1	-1	false
CARENILDCSGGSCYFPEESYFDLW	3	-1	false
CARGPVRSGGGVVVVVAATPYYFDYW	1	9	false
CTRVGRSGYRRYFDLW	1	-1	false
CARGPIGFNGMRAYW	1	-1	false
CARGFFGYYDSSGSQNPFDYW	1	-1	false
CARHSVVPAALDYW	1	-1	false
CARGRVPAPGVGYYYMDVW	1	-1	false
CARARRDQLLLGYYYYYGMDVW	1	-1	false
CARWACSSTTCYYLDGRHNWFDPW	2	-1	false
CARGPRITIFGVVIKDAFDIW	1	-1	false
CARGGIKNGNYRGYYFDYW	1	-1	false
CARDDGAARPHFNYYYGMDVW	2	-1	false
CARDGWYYDFWSGYYSDNYYYYYMDVW	1	-1	false
CASGGAAAGTFDYW	1	-1	false
CVCRGFDPW	1	-1	false
CARDSGGSGVAFDIW	2	-1	false
CARDRPGYSSGWNDYW	1	-1	false
CARDRVGWRWLPSGLAADYW	2	-1	false
CARDLARIAVAALGYW	1	-1	false
CARDPHTGATYYYYGMDVW	1	-1	false
CAREGDFPDYW	1	-1	false
CAREGPLYGSGSYQRGYYYYYGMDVW	1	-1	false
CAREERRFLTDW	1	-1	false
CAREEYCSSTSCYGWFDPW	1	-1	false
CARESRWLQDDYYYYGMDVW	1	-1	false
CARESLLGDPSRLWYAIGMDVW	1	-1	false
CAREWGGAYCGGDCYSDYW	1	2	false
CARGPNSSGWYFWFDPW	1	-1	false
CARAPPEGYDIVVVPAALRPYYYYYMDVW	1	-1	false
CARAYDFWSGYYTPYFDYW	1	-1	false
CARAPYDFWSGYWDYW	1	-1	false
CARVLSYSYGPKTSTDYW	1	-1	false
CARFLGRDGYNLDYW	1	-1	false
CARLGSGYSVYWYFDLW	1	-1	false
CARYIVVVPGDTRVGSTRRVIPRGRGFDIW	1	-1	false
CARYHQDITMIVVVTPLGYW	1	-1	false
CARTPPYSGSYLASLGSYYFDYW	1	-1	false
CARIGCSSTSPNCFGSGYYYYMDVW	1	-1	false
CARRYFDCSSTSCHDYIFDYW	1	-1	false
CARVGYNWNYAYFDYW	1	-1	false
CARRHANGVWDNWFDPW	1	-1	false
CAREGRAAGDDYW	1	-1	false
CAREATMVRGVIIYYYGMDVW	1	0	false
CARDGLYSGYRYYYYGMDVW	1	-1	false
CARDPMVRGVYDYW	1	-1	false
CARDVGSSSWYVHWFDPW	2	-1	false
CARAGSPGEGGNYYDSSGPPHYYYGMDVW	1	-1	false
CARRRGDGYNFHYYYYYGMDVW	1	-1	false
CAREGGTYYYDSPRVFDIW	1	-1	false
CARDSPYSSSSVYFDYW	1	-1	false
CARDHYDFWSGYYLWWFDPW	1	-1	false
CARGSYYDFWSGYSTMDYYYYMDVW	1	-1	false
CARGYFLETYDFWSGLQHYYYYYYMDVW	1	-1	false
CARVGGEDIVVVPAAMPALPGAFDIW	2	-1	false
CARRVEVVVPATQFDYW	1	-1	false
CARGRVAARPTYYYYGMDVW	1	-1	false
CARDSMGGWYWYFDLW	1	-1	false
CARDRRYQLRDWYFDLW	1	-1	false
CARGGQTTAVPFDYW	1	-1	false
CARGSMIFGVVSVAFDIW	1	-1	false
CARGSFNGGIAVAEYYFDYW	1	-1	false
CARGSIVVVPAAMANDAFDIW	1	-1	false
CARDLLHYDILTGYRSSYGMDVW	1	-1	false
CARDLTLFHTSGIYYGMDVW	1	-1	false
CARDNREFGVDYYGMDVW	1	-1	false
CARDFVSAHYGGNSGDAFDIW	1	-1	false
CARDWSPDRQYSSSWYEAGLHWFDPW	2	-1	false
CARDVAGGPAAIEDNWFDPW	1	-1	false
CARLLYCSGGSCYPYYFDYW	1	-1	false
CARAYCGGDCYIDYW	1	2	true
CARHPWHSPGVLLWFPDVW	1	-1	false
CANLAVAGLYYYYGMDVW	1	-1	false
CARDTAGHLDYW	1	-1	false
CARGGVGYCSSTSCYQIDYW	1	-1	false
CASGYVGRWRFGYFDYW	1	-1	false
CARAGTVPAAIGAFDIW	1	-1	false
CARSTYCGGDCYLAERGYFDYW	1	-1	false
CARGSGRQFVGSYFDYW	1	-1	false
CARHHNELLFNWFDPW	2	-1	false
CARDLSLSPSSPGYW	1	-1	false
CAAAQVAGTADYYYYGMDVW	1	-1	false
CAADPITMVRGVAWSGVSW	1	-1	false
CAADYYYDSSGYYYFDYW	1	15	false
CAVVPRDAFDIW	1	-1	false
CARGGLGSLFSYGWFDPW	2	-1	false
CASLYCSSTSCFGLYYMDVW	2	-1	false
CAKELSYGSGNYYYYGMDVW	3	-1	false
CAKDSSGFWSGSNFDYW	1	-1	false
CARHSNWGAYYYYYYMDVW	1	-1	false
CTTDLVFGAARNIYYFDYW	1	-1	false
CTTAYWNPDYW	1	-1	false
CTTDQGGITMVQGRLW	1	-1	false
CTTDLGKYSSSEEPDYW	1	-1	false
CTTDFVGIVVVPAAAVFDYW	1	-1	false
CTTGVGFWSGYDAFDIW	1	-1	false
CTTGGDIVVVPAANRVDPW	1	-1	false
CTTGGVAIEYNIYYYGMDVW	1	-1	false
CTTDEGAMVPPFYYYYYMDVW	1	-1	false
CARVGGDSYFDLW	1	-1	false
CARYFFEKLRFLEWSPGGMDVW	1	-1	false
CARSRIFGVVISW	1	-1	false
CARLAPEYYYDSSGYYYIDYW	1	-1	false
CARNNWNDDYW	1	-1	false
CASCSSLGDSSVSDYYGMDVW	1	-1	false
CASQRTGSGHAFDIW	1	-1	false
CARVGVVPAGALYYYYYMDVW	1	-1	false
CARRGGRMPNDYW	1	-1	false
CASGYYDYVWGSYHDGYW	1	-1	false
CASSTYYDFWSGYYTPPPFDYW	1	-1	false
CWAYSQDWFDPW	1	-1	false
CTTGYYDSSGRPLW	1	-1	false
CTPYGDYPNYW	1	-1	false
CTRQAMTTVTTEKTGVFDYW	1	-1	false
CTRFEVPAARYWFDPW	1	-1	false
CTMDCSSTSCSGYYYYYGMDVW	1	-1	false
CRIVGATTGGFDYW	1	-1	false
CASYYDFWSGNHAFDIW	1	-1	false
CAAVVHLEGYNWFDPW	1	-1	false
CAVLDSSSSEAGTFDIW	1	-1	false
CAREGLVVPAAMPSYYMDVW	1	-1	false
CARDYYYGSGSYYNSGLYW	1	-1	false
CARDKYCSSTSCLKYFQHW	1	-1	false
CAREPPHYYDSSGRLDYW	1	-1	false
CARGGGNW	1	-1	false
CARGLDIVVVPAAKDKRSYW	1	-1	false
CARVSCSSTSCYRWYFDLW	1	-1	false
CARAHTAKDYW	1	-1	false
CARIQGYHQPPRPRDW	1	-1	false
CARAKYPDYENYYYGMDVW	1	-1	false
CARADEPLQYFYNMDVW	1	-1	false
CARRRYCSSTSCYAGCFEYW	1	-1	false
CARYIVVVPAAIAVKRGAPNGYYYYYMDVW	2	-1	false
CARQIGHYYGSGSYYNVLGRSGYYYYMDVW	1	-1	false
CAKMVQGVWAFDYW	1	-1	false
CASLYCSGGSCYPGYFDYW	1	-1	false
CARQGYDFWSGYYTYYYYYMDVW	1	-1	false
CARHDVAHEGGGILTGYYMNYW	1	-1	false
CARHPPIPDPSDIVVVGGIDYW	1	-1	false
CAKDGGVVVPAAIVGGWYFDLW	1	-1	false
CAKDSTPAWVAGWGLDIW	1	-1	false
CAKDLFPRYYDSSGYPQFDYW	1	-1	false
CAKDWYSGSSLGYYYGMDVW	1	-1	false
CAKVVGYCSSTSCYTPYYYYYGMDVW	1	-1	false
CAKAKDYGGMDVW	2	-1	false
CAKALGGGYDFWSGYYTDYYYYGMDVW	1	-1	false
CAKDRQGVGEEGMDVW	1	-1	false
CAKDSILTGYYSADWGAFDIW	1	-1	false
CAKGRSVVPAASFDYW	2	-1	false
CAKDSHSSSGLFDYW	2	-1	false
CAKDLAPLSAQLTGDAFDIW	2	-1	false
CAKDFDSNYVGGMDVW	1	-1	false
CAKDIRAAPSSLFDYW	1	-1	false
CAKDMGCSSTSCYTDYW	2	-1	false
CAKDMGSGYPINVGMDVW	2	-1	false
CAKDMGRNYYGSGGNFDYW	1	-1	false
CAKDMGGNGWFDPW	1	-1	false
CAKDMGPGIAAASDAFDIW	1	-1	false
CAKDMRFLEWLPDSQFDYW	2	-1	false
CAKDILDHNDYNSWFDPW	1	-1	false
CAKDIVRRGYSYGSIDYW	1	-1	false
CAKDIVDRSAGAFDIW	1	-1	false
CAKDNPPDDYSNYPFRDYYYMDVW	1	-1	false
CAKDKGGSYIQAFDIW	1	-1	false
CARGLRPTARPLRPIGYW	1	-1	false
CARGRVVVAATPGFRPYYYMDVW	1	-1	false
CARASGGTYSTTYCSSTSCYVGAFDIW	1	-1	false
CARDYSNLIEYFQHW	1	-1	false
CARAGYCSSTSCYHYFYYYMDVW	1	-1	false
CARDALVAAAGTRATYYYYMDVW	1	-1	false
CARDKGAIMVRGVIIYYPDAFDIW	1	-1	false
CARDLTLYCSGGSCYEGYW	1	-1	false
CARDLWGGGSYLGYW	1	-1	false
CARDLNSYDFWSGYWDYW	1	-1	false
CARDHPGYSGYPPIYW	1	-1	false
CARDHYYGSGSYYPHYYYYGMDVW	1	-1	false
CARDRWEWLGFDYW	1	-1	false
CARDPSPVVPAAEAHGHAFDIW	1	-1	false
CARDPGSSGWYSDAFDIW	1	-1	false
CARDPGGGFLDYW	1	-1	false
CARDDQEYSYTLGPW	1	-1	false
CARDARFLEWSTGPDAFDIW	1	-1	false
CARDGTITYGMDVW	1	-1	false
CARDVTVGGWSAGPFMDVW	1	-1	false
CARDRITMVRGVIGYW	1	0	false
CARDWQVGATVFDYW	1	-1	false
CARDLGGDIWFGELLAW	1	-1	false
CARDFWYQLPYYYYYMDVW	1	-1	false
CARDYDFWSGYVKNRFDYW	1	-1	false
CARDDPGWTGYW	1	-1	false
CARGGVLVGATYFDYW	1	-1	false
CARAGYSYGSNWFDPW	1	-1	false
CARSAPLWSGYYWAFDIW	1	-1	false
CAREELQVVHYYGMDVW	1	-1	false
CARDRAYYDFWSGYHDAFDIW	1	-1	false
CARGGDDSSGSYYYYVMDVW	1	-1	false
CARNFGYVPFFRYW	1	-1	false
CARDGSSWHEPGAFDIW	1	-1	false
CARDRAMTTVTHYYYYYGMDVW	1	-1	false
CARDLDYYGSGSYHTYYYGMDVW	1	-1	false
CARGLPGDDYGDYGRVYFDYW	1	-1	false
CAREGELPLDYW	1	-1	false
CAREEEGIAAVQYFDYW	2	-1	false
CAREIAAAGIRFDPW	1	-1	false
CARETGSVIFYGMDVW	1	-1	false
CAREREGGGDYGGKRSLLDYW	1	-1	false
CARESGFSGSYWRLRHFDPW	1	-1	false
CARDKDHSYGSQQSFDYW	1	-1	false
CARDKQVGADLIEWFDPW	2	-1	false
CARDRDNPYSSGWLNYYYGMDVW	1	-1	false
CARDREGVLWFGESPDYW	1	-1	false
CARDRGALRGVITLGRGSRFDPW	1	-1	false
CARDRGLGDIVVVPAAYNWFDPW	3	-1	false
CARDRNYYGSGSHLDYW	1	-1	false
CARDRSGSSDYW	2	-1	false
CARDRPGYSYGLTRVYYYGMDVW	1	-1	false
CARDPSVGDDVGRYW	1	-1	false
CARDLYYYDSSGFSDGKVGIDYW	1	-1	false
CARDDNWNRIGYYYYGMDVW	1	-1	false
CARDCSGGSCPHEYYYYGMDVW	1	-1	false
CARDLKSFGVVITPYYYYGMDVW	1	-1	false
CAREERSPYCSSTSCYTGMIYYYYGMDVW	1	-1	false
CAREEYSYGYGYYYYGMDVW	1	-1	false
CAREPVGIFGVDQYYYYGMDVW	1	-1	false
CARGAEIFGVANVPIYYYYGMDVW	1	-1	false
CARGSIAVARNWFDPW	1	-1	false
CARDAYSSSSYYYYYMDVW	1	16	false
CARERGIAVEGWFDPW	1	-1	false
CARVAPRGWSGYYIPGAYYYYMDVW	1	-1	false
CARVKVPQTWNYYYYMDVW	1	-1	false
CARVRGYYDFWSGYSRGLNWFDPW	1	-1	false
CARAGWTQYYYYMDVW	1	-1	false
CARYTGCTSCQENYYGMDVW	1	-1	false
CARYGGYCSSTSCPRQTRGVGTYYYYMDVW	1	-1	false
CARWGDGYNRNYFDYW	1	-1	false
CASGGGYCGGDCYSDSNNWFDPW	2	-1	false
CARFSGLLFELYDAFDIW	1	-1	false
CAKDSSSSGDNWFDPW	1	-1	false
CARTYYDFWSGYYHFDYW	1	-1	false
CARAMRYYDSSGYVRPEYYFDYW	1	-1	false
CARVVRCSGGSCYSSSWFDPW	1	-1	false
CARDSWSGGKGIAAAGWGGFDYW	1	-1	false
CAREVTTAYFDYW	1	-1	false
CARGSILWWEGSVASGMDVW	1	-1	false
CARLLGIAARPFWFDPW	1	-1	false
CARALYDFWSGYYDYGMDVW	1	-1	false
CASGRKGVFDYW	1	-1	false
CAREFKGAAAGSRYYYYMDVW	1	-1	false
CARDRPLSYDFWSGSGGYYYYYMDVW	1	-1	false
CARGGITIFGVVIIFRFDPW	1	-1	false
CATWSGYFYYYYYGMDVW	1	-1	false
CARSGDIVVLPTTSFCFDPW	1	-1	false
CARDHRPYCSSTSCYPKQGWFDPW	1	-1	false
CAKGGQQLDYYYYGMDVW	1	-1	false
CARDIAAAGTLWFDPW	1	-1	false
CARESGNPKTYYDILTGYYTTYYYYMDVW	1	-1	false
CARSSGYDFWSGYYIDYW	1	-1	false
CARTRDYGSGSYYETDYW	1	-1	false
CARDSFSDVVPAAHNWFDPW	2	-1	false
CARERKWFREVRWFDPW	1	-1	false
CARGDMVQGVIMGYYYYYMDVW	1	-1	false
CAREGQWLVRGADYW	1	-1	false
CARDGLLAYYYYGMDVW	1	-1	false
CARLGRGKSTGYAFDIW	2	-1	false
CARYCSGGTCYPAGFDYW	1	-1	false
CARKNTVKGARKGNYYYYYYMDVW	1	-1	false
CAKRGRVSTRNGGGWSGYSFDYW	1	-1	false
CAHTDCSSTSCLPDYW	2	-1	false
CARDFTVVVPAAIPWFDPW	1	-1	false
CARSDYGDYGIDYW	1	-1	false
CARSFQTSYSSRRYYYYGMDVW	1	-1	false
CARDLYDFWSGPENYYYYYGMDVW	1	-1	false
CASSLSGYDSPQRPDYW	2	-1	false
CARAGTGYSYGYAPSIFDYW	1	-1	false
CAKDIVNGYSYGYCDYW	1	-1	false
CAVYCSGGSCHPRQNGMDVW	1	-1	false
CATTMEGRLRGYYYYGMDVW	1	-1	false
CARDFNWNYVAGMDVW	1	-1	false
CARDTRSGSYYGGDYW	1	-1	false
CARDSGDFWSGLYYYYMDVW	2	16	false
CARTTTVTTYDAEKYWYFDLW	1	-1	false
CARDSYDFWSGYTPSPIDYW	1	-1	false
CARDDSDIVATIGAFDIW	1	-1	false
CARAVRITGTTYGYYFDYW	2	-1	false
CASDAGKPYEYCTGGVCYNGEDYW	1	-1	false
CARDRLPGIAAAGPDEPNWFDPW	1	-1	false
CARDRKTYYYDSSGYYSYYYYGMDVW	1	-1	false
CARDRDPTGYFQHW	1	-1	false
CAREQSCLAARCAFDIW	1	-1	false
CAREFLGRVTMVRGVQIDYW	1	-1	false
CARENDGSGNYYYGMDVW	1	-1	false
CARVEGRYYYGSGSYYNFDYW	1	-1	false
CARVGYDSSGYYSDLWWFDPW	1	-1	false
CARLRLTGHPETYLIDYW	1	-1	false
CASDPSGQQPDPNYW	1	-1	false
CARDPYDFWSGYPPVDYW	1	-1	false
CARDRVTIFGVVRSNWFDPW	1	-1	false
CARDGSRGGYPLDYW	1	-1	false
CARESLRYCSSTSCYVLDYW	1	-1	false
CARVGNMAFDIW	1	-1	false
CARVEAVTTERRPYYYMDVW	2	-1	false
CARVARYSKPHNDYW	1	-1	false
CARVSPRYCSSTSCYEGAFDIW	1	-1	false
CARVSRPEVVALGNYYYYYMDVW	1	-1	false
CARSVVPAANYYYYYYMDVW	2	16	false
CARDHDIVVVPAATKVFWGWFDPW	1	-1	false
CARDRRPAARDDAFDIW	1	-1	false
CARRGSGYSYGHGWADYW	1	-1	false
CARSLLPFRVDYW	1	-1	false
CARTKYQLLWRYYYYYMDVW	1	-1	false
CARIPGITGTTGEFDYW	1	-1	false
CARMPLDLNDAFDIW	1	-1	false
CARKRMREVQGVIPNAFDIW	1	-1	false
CARRVRFRELLPGGYYYYYYMDVW	1	-1	false
CAGAGHPDDYGDYFFVAFDIW	1	-1	false
CARIPYYGSGSYYPDYYYYGMDVW	1	-1	false
CARRGGGYEVRGVTNWFDPW	1	-1	false
CARRGAYGDLFSPPRFADGMDVW	1	-1	false
CARQQITIFGAVSNWFDPW	1	-1	false
CARLCFVQRLRVSSCPFDYW	1	-1	false
CARGYCSGGSCYSDYYYYYGMDVW	1	17	false
CASSKAPGPPNDAFDIW	1	-1	false
CARGRYDSSGYYYYFDYW	1	-1	false
CATAQYDSSGYYYGYFDLW	1	-1	false
CAKDLAHNQYCSSTSCQTEKYNWFDPW	2	-1	false
CAKNLLTETITKFRGVIINEDSRSKGMDVW	1	-1	false
CAKDSKGRSDYITIFAPVW	1	-1	false
CAKKMGYSYGERGSRFDPW	1	-1	false
CAKALPHCSGGSCSNYYYYYGMDVW	1	-1	false
CAKDSGYDFTTGWFDPW	1	-1	false
CAKGSGRGYSYGYYYYYYMDVW	1	16	false
CAKGDDSSGPVGYW	1	-1	false
CAKDTRHTVTTYFDYW	1	-1	false
CAKDTNDYSNYDISYYYYGMDVW	1	-1	false
CAKDGRADDYSNYDWGDNWFDPW	2	-1	false
CAKDGGYCTNGVCYSVSASWYPNVW	1	-1	false
CAKDGAQEGYCSGGSCYLAANWFDPW	1	-1	false
CAKDGTYYYDSSGYYYFDYW	1	-1	false
CAKDRAHVDTAITVDPPYFDYW	1	-1	false
CAKEGEAGIAVAGTFLAPPSGVAFDIW	1	-1	false
CAKDPNLETIFGVVIPTGVAFDIW	1	-1	false
CAKDGRGYSYGCLDPW	1	-1	false
CAKEGVGDSSGWYRFYYYYGMDVW	1	-1	false
CAKGDCSSTSCYLGAENYYYYYYMDVW	1	-1	false
CAKGDWGSSNAYYFDYW	1	-1	false
CAKGAEYQLLGSFDYW	1	-1	false
CAKGAVWTTRGDYFDYW	1	-1	false
CAKGPREGAHKDRFEWFDPW	1	-1	false
CAKGRKGVESYLTNWFDPW	1	-1	false
CAKGGGAYGDYPDYW	1	-1	false
CAKVSAAISESVGAFDIW	1	-1	false
CAKVGMITFGGVIVDPNAFDIW	1	3	false
CAKAGVAGPFDYW	1	-1	false
CAKAISPSNLIDYW	1	-1	false
CAKADDYGEYDPFDYW	1	-1	false
CAKAIRGVVVPAAIEDAFDIW	1	-1	false
CAKAKTGVVITDYFDYW	1	-1	false
CAKAKPDDIVVVPAADWYFDLW	1	-1	false
CAKAKSPLGYCSGGSCYEFDYW	1	-1	false
CAKSDLGGAVAGYYFDYW	1	-1	false
CAKNEPGYYYDSSGYYHEMDYFDYW	2	-1	false
CAKIGGKIWAGKSSSSPRGHGMDVW	1	-1	false
CAKRTVTNGPFDYW	1	-1	false
CAKSERGSLLLQTIDYW	1	-1	false
CAKTKRGYSYGPPDYW	1	-1	false
CAKGLTYGSGTYYFDYW	1	-1	false
CANLLHPGSGYCSSTSCYDDAFDIW	1	-1	false
CARDTAAGRDGYNTIDYW	1	-1	false
CARDLSVLLPGEYNWFDPW	1	-1	false
CARDRGWSGYYSDYW	1	-1	false
CARDRRTRYEYYYYYGMDVW	1	-1	false
CAREAESDYGDYVKIGSMDWYFDLW	1	-1	false
CAREGALRELLGYYYYYYMDVW	1	-1	false
CAREGMVYATVHYYYYGMDVW	1	-1	false
CARENDYGHYYYYGMDVW	1	-1	false
CARAYIAAREYGMDVW	1	-1	false
CARAPKTGTKGGWFDPW	1	-1	false
CARACGGSCYSTRDYYYYGMDVW	1	-1	false
CARAEIVATITIDYW	1	-1	false
CARGAIVVVPAASYYYYYYMDVW	1	16	false
CARGSGGVVVPGRFDYW	1	-1	false
CARGPVPAAIDEYFQHW	1	-1	false
CARGSLWFGESSGFDPW	1	-1	false
CARGSSARITMVRGASPQDW	1	-1	false
CARGKESVTVTQTHSAFDIW	1	-1	false
CARGKGVYDFWSGLISDW	1	-1	false
CARVGCSSTSCYSEHYYYYYYMDVW	1	-1	false
CARRGNVGAENYFDYW	1	-1	false
CARNTMVRGARSWFDPW	1	-1	false
CASPLGYCSSTSCYAGVGAFDIW	2	-1	false
CASALYSSGWSLRYW	1	-1	false
CARKIQYSSGWYWGDYYYYGMDVW	1	-1	false
CARGYYDSNKGGYGMDVW	1	-1	false
CARGCSSTSCQAPFDYW	1	-1	false
CARVSDYSWELYGYW	2	-1	false
CARVACSGGSCYSHYFDYW	1	-1	false
CARALAVAGTVGDYYYGMDVW	1	-1	false
CARSAYDSSGYEFDYW	1	-1	false
CARSVNQGVGAIYYYGMDVW	1	-1	false
CARSPHYGDYVPPFDYW	1	-1	false
CARKRSIVAAAGTEGNYYYYYGMDVW	1	-1	false
CARMGWGSGYYPLDYW	2	-1	false
CARTSTSYSSSYSYYFDYW	1	-1	false
CATDSGSYLVPDYW	1	-1	false
CATRGGPIGGAPFDYW	1	-1	false
CAENSDCSGGSCGFW	1	-1	false
CAYQDQLPVIWEASRMDVW	1	-1	false
CARDFTMVQGVIYNYYNYMDVW	1	-1	false
CARSRYCSSTSCYSPYPHDAFDIW	1	-1	false
CARTYCSGGSCYLFIW	1	-1	false
CARVGIAAAGIGGLHYFDYW	1	-1	false
CARDRLAAAGTEYYYYGMDVW	1	-1	false
CARDRRDFWSGYYDYYYYYGMDVW	1	-1	false
CARDQDSSGWYGPFDYW	1	-1	false
CARDEVPTYYYYGMDVW	1	-1	false
CARDVDTMVRGVIGAQRWFDPW	1	-1	false
CAREDEAVAGISGPW	1	-1	false
CAREGLAGYGSSRNIDEDYYFDYW	1	-1	false
CARASSGYDLIDYW	1	-1	false
CARLEAAPRPGTSNYYYGMDVW	1	-1	false
CARGPGRYSYGFFDYW	1	-1	false
CARSLVPRFLEWLLSGWYFDLW	1	-1	false
CARDKSPYSYGYSWFDPW	1	-1	false
CARDRPDIVVVDYW	1	-1	false
CARDPSIAAAGTNYW	1	-1	false
CARDEGMVVYAINW	1	-1	false
CARDREYPDYYYMDVW	1	-1	false
CARDLTGTYDYW	1	-1	false
CAREGLEGSYYTHLYYYYMDVW	1	-1	false
CAREKFEASGSSFALDYW	1	-1	false
CARVLGRYCSGGSCYFGAFDIW	1	-1	false
CARVLRLFTIFGVENWFDPW	1	-1	false
CARRGPGPGENYYYYYMDVW	1	-1	false
CARGTAMALGYW	1	-1	false
CARQRAADFDYW	1	-1	false
CASPNWGWGPDAFDIW	1	-1	false
CAFGGCSSTSCPFDYW	1	-1	false
CARDFVVVPAAMDGFTWFDPW	2	-1	false
CARVIGATVHAFDIW	2	-1	false
CARDYRDFWSGVEVFAFDIW	1	-1	false
CARDLRGGVGAMVRDYYYYYYMDVW	1	-1	false
CARDQPQKVVAATGLRWFDPW	1	-1	false
CARGLPHCTGGVCPNWFDPW	1	-1	false
CARGNGDPRRGYFDYW	1	-1	false
CASSDYSNYSIDYW	1	-1	false
CASGLGSTGIVVVPAAMGQFDYW	2	-1	false
CAGSTSAWVAFDIW	1	-1	false
CARLDFWSGYQDNWFDPW	2	-1	false
CASKIVVVPAAMISGAFDIW	1	-1	false
CATGARYYDFWSGYYDGYYYGMDVW	1	-1	false
CARLAAGEEGDYDAFDIW	1	-1	false
CAREVPLSSSRVKWFDPW	1	-1	false
CAKAMRGNYYYYYGMDVW	1	-1	false
CARDLKTWIQLWFDYYYYGMDVW	1	-1	false
EGPENMVRIALQLDDGSRLQDSFCSGQTLW	2	-1	false
CAKDHRISGDPGRGAFDIW	2	-1	false
CAKDRGPVDHYYYMDVW	1	-1	false
CASSIGLGKNYYYYYMDVW	5	-1	false
CAREDGYNFDYW	2	-1	false
CARDGGSYSKDYW	1	-1	false
CARAGYSSGWYVDWYFDLW	1	-1	false
CARANKGSGSYLPDYW	4	-1	false
CARASSYCSSTSCYSDFDYW	1	-1	false
CARESGSGYFDYW	1	-1	false
CARGDGWELHHHGNGMDVW	1	-1	false
CARGGTMIVGGNYYGMDVW	1	-1	false
CARQSGWSDAFDIW	1	-1	false
CARGNYGDYGEFDYW	1	-1	false
CARDMGGFEVPAAIGGPLAGPFDYW	1	-1	false
CARDQRHCSSTSCYFRTNWFDPW	1	-1	false
CAREMFGDYW	1	-1	false
CTSPRKGINSSGWYNFYYYYMDVW	1	-1	false
CTRPLGYCSSTSCYGSNWYFDLW	1	-1	false
CTRVKYSYGRPTLDYW	1	-1	false
CTRDPADYSSSSRVPLGRRDAFDIW	1	-1	false
CTRDWHQWGGYYSSFDYW	1	-1	false
CTRVGVVGYYYYMDVW	1	-1	false
CTRAPSGYKAYAFDIW	1	-1	false
CTSSDQDTHYYDFWSGYYTFFDYW	1	-1	false
CTRDGPFCSSTSCYRRGDDAFDIW	1	-1	false
CARGMRGIAAAGTVAYW	1	-1	false
CARALPTIFGVVIKRGIYDYW	1	-1	false
CARSRQLQSTFTFGGVIVAFFDYW	1	-1	false
CARELGYCSGGSCYNSYYYGMDVW	1	-1	false
CARERAGYDFWSGYSTDAFDIW	1	-1	false
CARDQRLWLQDYYYYMDVW	1	-1	false
CARVATTVTPRNDYW	1	-1	false
CASRVYCSSTSCYGAFDIW	1	-1	false
CARDQAGSGWYTHFSAKYYYYGMDVW	1	-1	false
CAKALYSTRNWFDPW	1	-1	false
CAKVTGDQRGFVGAFDIW	1	-1	false
CAKDLGRTSNYGMDVW	1	-1	false
CAKVHNFGVVMNFDYW	1	-1	false
CAKVYAPVVGSGSYLGLNLDYW	1	-1	false
CAKVPSHDYGQYYYYYGMDVW	1	-1	false
CAKVPVVGW	1	-1	false
CAKVRGFLEWLSSPPLDIW	1	-1	false
CAKVLVTASHPHFDYW	1	-1	false
CAKAGGGPCGGSCYGDYW	1	-1	false
CAKATDPW	2	-1	false
CAKAGVLLPLEM	1	-1	false
CAKAHSYCSSTSCYSPTSHYYYYGMDVW	1	-1	false
CAKAKKSVVPAVIGFDYW	1	-1	false
CAKALWFGELSPGGMDVW	1	-1	false
CAKARDRERELLVGFDYW	1	-1	false
CAKAAFGSGRTHFDYW	1	-1	false
CAKEWGSYLL	1	-1	false
CAKEISGCSSTSCYFPFDPW	1	-1	false
CAKDQEDQLLPGGLNW	1	-1	false
CAKDQKVVPAAILFDYW	2	-1	false
CAKDHPKYNWIGRPAFDIW	1	-1	false
CAKDHSPGGVVVPAASDYW	1	-1	false
CAKDLASETAPIWSGYPDYFDYW	1	-1	false
CAKDLDYYGSGRDGMDVW	1	-1	false
CAKDLTSGYYNAFDIW	1	-1	false
CAKDLVGEIVLPTLGGFDYW	1	-1	false
CAKDLRRITIFGVVIGVSYFDYW	1	-1	false
CAKDLGGLRYFDWLPQGDYW	2	-1	false
CASGLTVTTSWFDPW	1	-1	false
CARGVSSGWRVDYW	1	-1	false
CYKGPCSGGSCLGRDAFDIW	1	-1	false
CAKDICPRYQLLCPVDYW	1	-1	false
CAKAIQIVVVPAAMYSSRAHDAFDIW	1	-1	false
CAKGAQDIVATYPTEFDYW	1	-1	false
CAKDMGGTAIVGGMDVW	1	-1	false
CAKDREGYSSSSSYYYGMDVW	1	-1	false
CAKDYDRITIFGVVMSGHFDYW	1	-1	false
CAKDMSGSSNDAFDIW	1	-1	false
CAKDGVGIAVAGPRREDTGPFDYW	1	-1	false
CAKDTGCW	1	-1	false
CAKDSNWMIVGRGAFDIW	1	-1	false
CARLYGDYDSLLW	1	-1	false
CAKVRQQLVVSSQYYFDYW	1	-1	false
CARHFQNDILTGYSKRYYYYYMDVW	1	-1	false
CAKDKVGATRTGLDPW	1	-1	false
CAKDLNDYGDYVHDYW	1	-1	false
CARARRGSGCLDYW	1	-1	false
CARDSRRYYYYGMDVW	1	-1	false
CARDSGRYQPLGGFDPW	1	-1	false
CARPLRFLNNYYYGMDVW	1	-1	false
CAKDLAIFGLLRRTSYYMDVW	2	-1	false
CARDPSERDGYYYYYMDVW	1	-1	false
CARDGRRIFGVVIRKSINWFDPW	1	-1	false
CARDPYGDYYYYYGMDVW	1	-1	false
CARDSGDYSNPPDYW	2	-1	false
CARVGETYYDFWSGYQVYYYYMDVW	1	-1	false
CARVSEGVPAAMGTFDYW	1	-1	false
CASGDYVWGSYRLGPQAYDYW	1	-1	false
CAAEKLSGSYYHLDYW	1	-1	false
CARDEAKYYYYMDVW	1	-1	false
CARDNGRLYPTGDAFDIW	1	-1	false
CARELRGHLYSSGWYVTRGGYYYYGMDVW	1	-1	false
CARDLVDSSGYYVFYYYYGMDVW	1	-1	false
CARDQRIQLWLSRGYYFDYW	1	-1	false
CARDRAAIGDYW	4	-1	false
CARDPFDFWSGRKIRYGMDVW	1	-1	false
CAKDVFVRDSSSWYDSGRSTANYYYGMDVW	1	-1	false
CASIAAADSFDYW	1	-1	false
CAKDLSYYDSSGPTWDW	1	-1	false
CAKDPWYSSSSALRTNYYYYYGMDVW	1	-1	false
CAKGGIAVAHQWDFDYW	2	-1	false
CARKSPNGIDYW	2	-1	false
CATLNQGQEWELHPDLVYW	1	-1	false
CAIPLGVPGADYYYYYGMDVW	1	-1	false
CARGRGVNYDFWSGYYSSWFDPW	1	-1	false
CARDGAFITMVQGVTNDAFDIW	1	-1	false
CARDSHYYGSGSYYNSDYW	1	-1	false
CARDLGRDTDVVPAATAYNWFDPW	1	-1	false
CAREDELRPPAAPTNW	1	-1	false
CARDGKNVNDFWSGYYIPPTSYYYYYYMDVW	1	-1	false
CARERYSYEDYW	1	-1	false
CATRLLGYCSGGSCPLW	2	-1	false
CAVGLLGYCSSTSCYDAAGFDYW	1	-1	false
CARAHPVLYNAFDIW	1	-1	false
CARDSPLYGSPDAFDIW	1	-1	false
CARVGSTVVKYRDYYYYGMDVW	1	-1	false
CARVRGIAARSTDYW	2	-1	false
CARDQRGYSYVDYW	1	-1	false
CAARPENNFGFDPW	1	-1	false
CARNPLQTHGLSHRPGIAAAGNIDYYYGMDVW	1	-1	false
CARDLPITMPFEDAFDIW	3	-1	false
CARDQSPSRVLLWSEGASQGNWFDPW	1	-1	false
CARDQEFLFGTLPYYYGMDVW	1	-1	false
CARDRELGRDYFDYW	1	-1	false
CARDPLRVVPAAIEVVSLYYYGMDVW	1	-1	false
CARDSSSGWYLGYW	1	-1	false
CARDTVLMVYAIISSASGDAFDIW	1	-1	false
CARDSDFWSGFLNYW	1	-1	false
CARDWDYYDSSGYYNTLGYW	1	-1	false
CARDWGERRAWFDPW	1	-1	false
CARDCSSTSCYRYGMDVW	1	-1	false
CAREPLGYTGYYGMDVW	1	-1	false
CAREEVAARSLCTFDLW	1	-1	false
CAREAQTTGDAFDIW	1	-1	false
CAREKIYSSSSAWFDPW	1	-1	false
CAREGITGTTVDYW	1	1	false
CAREWGEKKMGYW	1	-1	false
CAREPVDTAMDYGMDVW	1	-1	false
CARAPPKSPYYYYGMDVW	1	-1	false
CARAGGYCSGGSCYFYFDYW	2	-1	false
CARAKYRVPTDYW	1	-1	false
CATDPYPNCGGDCYHYW	1	-1	false
CATDRYSRSAFDYW	1	-1	false
CATDGAPRMVQGVISYFDYW	1	-1	false
CATDNPHSSGWYSNFDYW	1	-1	false
CATVFQEEYSSSDLGDYW	1	-1	false
CATVGPPGYCSGGSCHAWEKFDYW	1	-1	false
CATVVHDYVWGSYRYTGSQPNYYFDYW	1	-1	false
CATVTGSSFYW	1	-1	false
CATASPTDFWSGYYTGIDYW	1	-1	false
CATAPQGQTYFVKSYYYYMDVW	1	-1	false
CATTLYNWNYVGKYYYYYYMDVW	1	-1	false
CATIFNRGYYFDYW	2	-1	false
CATSGRRELLPHMPFDYW	2	-1	false
CATQGLGGWILTDDAFDIW	1	-1	false
CARLYYDFWSGYRSNWFDPW	2	-1	false
CARIYWGDYCSSTSCYSHYYYMDVW	1	-1	false
CARISRKVPAALLDAFDIW	1	-1	false
CARIGYCSSTSCQIQYFDYW	1	-1	false
CARIQGAQIRDIDYW	1	-1	false
CARYYYGSGSYDDYW	1	-1	false
CARSIDEGYGDYEDWYFDLW	1	-1	false
CARLTVVTAPVYYYGMDVW	2	-1	false
CARDSRGLVQEEDDYW	1	-1	false
CARGARQYYYDSSGYRRVTNYYYGMDVW	1	-1	false
CARAYYYGSGSSNPPSQNYYYGMDVW	1	-1	false
CARDRRENXYGSGSYDYFDYW	1	-1	false
CARDGEGGCSSTSCHDAFDIW	1	-1	false
CARDGGELYDIVVVPAPDPNWFDPW	1	-1	false
CARDSFGVVLLYYFDYW	1	-1	false
CARDKIGTVTDNWFDPW	1	-1	false
CARDRRENYYGSGSYDYFDYW	1	-1	false
CARDRLDHRYCSGGSCPWYFDLW	1	-1	false
CARDRVTFGGVIGDFDYW	1	-1	false
CARDRSGYSYGSDYYYYGMDVW	1	-1	false
CARDHPNPHYDFWSGYAGHEGYGMDVW	1	-1	false
CARDLSCSSTSCYSWFDPW	1	-1	false
CARDLSDFWSGYQGGDAFDIW	1	-1	false
CARDRDSGPSDTAMGGYYFDYW	1	-1	false
CARDRDGDYYYYGMDVW	1	-1	false
CARDGDHHPVCSSTSCHYYYYYGMDVW	1	-1	false
CARDSLYDSSGYYKYW	1	-1	false
CARDFGTDLMGGVGDSWTFDYW	1	-1	false
CAREDHIVVVPAARSYYYMDVW	1	-1	false
CARGGWYFDLW	1	13	false
CARGGVPYYDFWSGAYGMDVW	1	-1	false
CARGSFRLRFLEWHHPLDYW	1	-1	false
CARGPITVTTGAVYYMDVW	1	-1	false
CARVGTAMVNNYW	1	-1	false
CARVPHPRLRDCSGGSCSYLYYFDYW	1	-1	false
CARVDWNYVGYYYYGMDVW	1	-1	false
CARAFGGYCSSTSCYGAEFDYW	1	-1	false
CARLGSSRLRPVITVTPLDYW	1	-1	false
CARRPAAIWFDPW	1	-1	false
CARHDDYTGSSDTYYYYGMDVW	1	-1	false
CARPTIFGVAMWGWFDPW	1	-1	false
CARKSSGWYYYFDYW	1	-1	false
CATCSSGWRRDGW	2	-1	false
CAGKYYDFWSGYYQAFDIW	1	-1	false
CARNLRSSSGYSYW	1	-1	false
CARDHRGSYPLPWGYW	2	-1	false
CARGAEDIVVVPAAMDYYYYMDVW	1	-1	false
CARGYPHTTVTRNYYMDVW	1	-1	false
CAKDRTVNSRIVGATTSDYW	1	-1	false
CAKDRNWNSNKRIVDYW	1	-1	false
CAKDRRPGYSSFHFDYW	2	-1	false
CAKDRGGTTGTTGWFDPW	2	1	true
CAKDRHDFQWPGPFDYW	1	-1	false
CAKDRMGLTYYYDSSGYLDYW	1	-1	false
CAKDPYYDSSVYLYFDYW	2	-1	false
CAKDAFPYWQLADNLLGGDYW	1	-1	false
CAKDDCSSTSCYGILGAFDIW	1	-1	false
CAKDDPGKRRFLEYTRGCGMDVW	1	-1	false
CAKDEVNDFWSGYYAPVDYW	1	-1	false
CAKDEPWGYSSSFGVALDYYYYGMDVW	1	-1	false
CAKDDYSNFGDTYGMDVW	1	-1	false
CAKDGNIVVVPAALYYYGMDVW	1	-1	false
CAKDGITSYGMDVW	1	-1	false
CAKDGYCSSTSCYPPLNWFDPW	1	-1	false
CAKDRAPSIVGATSYYW	1	-1	false
CAKDSTIFGVVTNYYYYYMDVW	1	-1	false
CAKDTPCGGDCYSLLWGGPDAFDIW	1	-1	false
CAKDKWAVVTSFDYW	1	-1	false
CAKDKTRSTSCYLAHCSAFDIW	1	-1	false
CAKDWAVVVPAAPNWFDPW	1	-1	false
CAKDSREWSVVPAAIVDYW	1	-1	false
CAKDSSLGQYYYYGMDVW	1	-1	false
CAKDYDFWSGYYTDYW	1	-1	false
CAKDSYDFWSGFPDYW	1	-1	false
CARDFPYDSSGYANQGDIDYW	1	-1	false
CARVVVVVPNWFDPW	1	-1	false
CARAPRYYFDYW	1	-1	false
CASLDIVGGYGMDVW	1	-1	false
CARGGPGYCSSTSCEFSPFDIW	1	-1	false
CTTVWVLGSASDYW	1	-1	false
CARGFAGGYCSSTSCYGGYYYYYMDVW	1	16	false
CARHIPFYCSGGSCYSFIFDYW	1	-1	false
CARESNTAMGTYYFDYW	1	-1	false
CARDTYYDFWSGYYDYYYYYYMDVW	1	16	false
CARDRRSGWPFDYW	1	-1	false
CARHLARSRVFGGKTPFDYW	1	-1	false
CARDTPSIAVAYYYYYGMDVW	1	-1	false
CASLVDPNCSSTSCYARDYW	1	-1	false
CARHWQWLGSNWFDPW	1	-1	false
CARCCPRTYYYDSSGYYHNYYGMDVW	1	-1	false
CAHRRELGCSSTSCYWYYYYYMDVW	1	-1	false
CAKDVFGHVLRYFDWLLLFDYW	1	-1	false
CAKDNRAAVADVFDYW	1	-1	false
CAKSLTFLTDSGMDVW	2	-1	false
CARANHGFDPW	1	-1	false
CARDSWWNYGMDVW	1	-1	false
CARTIRGGRGYYCSSTSCNSFDYW	1	-1	false
CAKEGCSSTSCYGFDYW	1	-1	false
CAREGAYCSSTSCYRRGYYYYMDVW	3	-1	false
CAKDFSITPPRKRITGTTGDYW	1	-1	false
CAKHIVVVVAATLDYW	1	-1	false
CARQFWSGYDRTFDYW	1	-1	false
CAAARWHRESVVPAAMDYYYYYYMDVW	1	-1	false
CAKVQAAAAGTFGYW	1	-1	false
CARHWAVAGTYYFDYW	1	-1	false
CAREAWYYGSGSYPIFGNDAFDIW	1	-1	false
CARDGRVPHIVVVIAIPGVFDYW	1	-1	false
CARGHYDFWSGYYTGISAYYYYYMDVW	1	-1	false
CVAYPGKVEMATTENDYW	1	-1	false
CAKGSDIVVVVAGSDYW	1	-1	false
CAKESYQLLGYYYYGMDVW	1	-1	false
CAKDLPRGGYCSGGSCYDLPYYYYYGMDVW	1	-1	false
CAKDRGRAFDIW	2	-1	false
CAREVGGSAYFDYW	1	-1	false
CAKGYCSGGSCYSIGYW	1	-1	false
CAKDGVSTYYDFWSGYGGTYYFDYW	1	-1	false
CAKDRGGLYDSSGYYPSSRRQTYYYYGMDVW	1	-1	false
CAKDRDSSSYYYYGMDVW	1	16	false
CAKDLRVSGELRTPSRSLQYYYYYGMDVW	1	-1	false
CAKDLRLW	1	-1	false
CAKDLGGRQENYW	1	-1	false
CAKDHGYYDSSGYYYYYGMDVW	1	-1	false
CAKDNAAYSYGIKDYW	2	-1	false
CAKDIRPKLRLGELSFNGALDYW	1	-1	false
CAKDFHRFLQQLVGWGSGMDVW	1	-1	false
CAKDWDPSYGGFDYW	1	-1	false
CAKEDYYDSSGYALVDYW	1	-1	false
CAKESTRIAPAPYYFDYW	1	-1	false
CAKEVGSGWRSHYFDYW	1	-1	false
CAKDRYIAAPISGMDVW	1	-1	false
CAKDQLLWFGELFGGFDYW	1	-1	false
CAKDATFGGVIARDFDYW	1	-1	false
CAKAITPRRGSSRYYYYGMDVW	2	-1	false
CAKAEAILYWFGESLDDPW	1	-1	false
CAKGDYGDYVSALDFDYW	1	-1	false
CAKGNGVLWFDPW	1	-1	false
CAKGPRGGTVTTETSEHYYYYGMDVW	1	-1	false
CAKGGLFSSSWYDW	1	-1	false
CAKSSSGGYESRFDYW	1	-1	false
CAKPRSGYQLLLSWFDPW	1	-1	false
CAKLGVGPGTGPNYYYYGMDVW	1	-1	false
CANGDGYNSGGMDVW	1	-1	false
CAKELYYYDSSGYYW	1	-1	false
CARVGAGYCSSTSCYNEAYYYYGMDVW	1	-1	false
CARGDSSGWYPGGEIDYW	1	-1	false
CARGYGGNQGGFDYW	1	-1	false
CARGREVVYCSGGSCYHNWFDPW	1	-1	false
CARLPYGPPFDFDYW	2	-1	false
CARGPYCSSTSCYYMDVW	1	-1	false
CARDYCSSTSCYHNWFDPW	1	-1	false
CARAGYSSSWYGHYYYYMDVW	1	-1	false
CASNVVVPASPPPREHYYYYYMDVW	2	-1	false
CAGEGLSSGWYGHDAFDIW	1	-1	false
CARLVSPNILTGYYRPNWFDPW	2	-1	false
CARVSFGYCSSTSCYWEDYW	1	-1	false
CARGLGVVVTHYYYGMDVW	2	-1	false
CARGKYSSGWYYW	1	-1	false
CARGDDCSSTSCYQPYYYYYGMDVW	1	-1	false
CARGDQSYCSSTSCYFGTLGLYYYYYMDVW	1	-1	false
CARGRGWEWFGELLAAVRNYYYYYGMDVW	1	-1	false
CARGHRGDWSGSRRRGYYYYYYMDVW	1	-1	false
CARGHEAMVEGYW	2	-1	false
CARGPVLRFLEWLLPPSNWFDPW	1	-1	false
CARGPRNNWFDPW	1	-1	false
CARGPDIVVVVAASMHYW	1	-1	false
CARGLSDLPYNWKGPSSHW	1	-1	false
CARDLFRYYDYVWGSYRGFDYW	1	12	false
CARDPLTPAAHDYW	1	-1	false
CARDPSHYDFWSGYYTSLVYYYYMDVW	1	-1	false
CARDPVAGFYYYYGMDVW	1	-1	false
CARDQVVAATPLDYW	1	-1	false
CARDEGRREQISGYW	1	-1	false
CARDGFRHYSSSLFTSNWFDPW	1	-1	false
CARDVHFWSGSLPLALGMDVW	1	-1	false
CARDWPRLNCSSTSCYLEKYYYYYMDVW	1	-1	false
CARDWADVDGDPPFDYW	1	-1	false
CARDWVVGATGGDYW	1	-1	false
CARENYGSGSYYNVEVRPKDTFFRCWFDPW	1	-1	false
CARESSAYYYGSGSSGGDYW	1	-1	false
CAREGYDFWSGYPRYYYYYMDVW	1	-1	false
CAREVRFLEWLLSNYYYYYGMDVW	1	-1	false
CAREATIFGVGAHNWFDPW	1	-1	false
CARGRSELLWFRELLGWFDPW	1	-1	false
CARGEGVAAHFSDEKDYW	1	-1	false
CARGGPYSNSHSYYYGMDVW	1	-1	false
CARGASPQYHRELPQSLYYYYYYYMDVW	1	-1	false
CARGLRGYSYGFLPAPSDYW	1	-1	false
CARGRIIDYW	1	-1	false
CARGKSDYVFAGLDYW	1	-1	false
CARGPIEAFYSNLPFNW	2	-1	false
CARGDPAVAGTYYMDVW	1	-1	false
CARGLGTVVAIGDYW	1	-1	false
CARVKVVPPYYYMDVW	1	-1	false
CARVRVPAATHYYMDVW	1	-1	false
CARVGDSGSYYFDYW	1	-1	false
CARADSSFYYYYYGMDVW	1	-1	false
CARSIGYCSGGSCYSEIKVKGDYYYYMDVW	1	-1	false
CARPGESGFDYW	1	-1	false
CARRTGTTRQGWFDPW	1	-1	false
CARMRTLGYYGSGSYYNEGVIHYYGMDVW	1	-1	false
CARDARLEGAFDYW	1	-1	false
CAREPSTNNYYYYYMDVW	1	-1	false
CARDPSYSYVLSEDYYYYYMDVW	1	-1	false
CARVRAVKGIAPTYG	1	-1	false
CARDYRPGQLERLGVFDYYYYMDVW	1	-1	false
CARVRYSSGWYVDYFDYW	1	-1	false
CARASREHGDFDYW	1	-1	false
CARERGYDFWSGYNWFDPW	1	-1	false
CARDDPRALAAIPPGNDYW	1	-1	false
CARDSSSPDTAMVFPNYYYYYMDVW	1	-1	false
CARDSSSWYYFDYW	1	-1	false
CARVSSTSPLGLPAYYYYMDVW	1	-1	false
CARVDRPSGVPAAISSYYYYYYMDVW	1	-1	false
CARWGSLDTAMVISINEDYW	1	-1	false
CARVSCSSTSCPYYFDYW	1	-1	false
CARDGHIVVVPAAILLHYYYMDVW	1	-1	false
CAAHEGIAVAGSFDYW	1	-1	false
CARDGHSRWLADYW	1	-1	false
CTSRDYW	1	-1	false
CRTLPGGDRIAAAGRIDYW	1	-1	false
CTSWNDDYSRPIDYW	1	-1	false
CTRRNQYYDFSVW	1	-1	false
CTSRGLQRRLQSDYW	1	-1	false
CARDNKQTTGPYYYYYMDVW	1	-1	false
CARGEYCSGGSCYGDAFDIW	1	-1	false
CAREHPVQLGYCSGGSCYRDHYYYYYGMDVW	1	-1	false
CARLHARYYFDYW	1	-1	false
CAASGRRKSDAFDIW	1	-1	false
CARGYYYYYYMDVW	1	16	true
CTTEDYYYYGMDVW	1	-1	false
CARDHYGDYDFDYW	1	-1	false
CAREVIVVVPAAQITYYYYMDVW	1	-1	false
CARAREDIVVVPAAIDAGHYYGMDVW	1	-1	false
CARDMGIAARPWEGTGVFDYW	1	-1	false
CARDLSGYSSSSGGYW	1	-1	false
CAREVEMATIMARGTRGTFDYW	1	-1	false
CARDKGSSYGPFDYW	1	-1	false
CGPVDTAMVTIYYW	1	-1	false
CARDPPQNDIVVVPAARWDDYW	1	-1	false
CARDPNSSSSWYSHYYYGMDVW	1	-1	false
CARDPLITMVQGVIPNYFDYW	1	-1	false
CARDLDGSVGYYYYGMDVW	1	-1	false
CAKDKYHIVVVTAIDYW	1	-1	false
CAKDTPDIVVVPAAPTFDYW	1	-1	false
CAKDGGYCSSTSCYGWIWFDPW	1	-1	false
CAKDGEQQLVSFGPPAW	1	-1	false
CAKDALRYCSSTSCQPNWFDPW	1	-1	false
CAKGYNWNYVPLYFQHW	1	-1	false
CAKGWYYYDSDYFDYW	1	-1	false
CAKGARSWSGYSSMDVW	1	-1	false
CAKGGLAVAGTELATYYYYGMDVW	1	-1	false
CAKGGYCSSTSCYLGAFDIW	1	-1	false
CAKGFTWELRDLFDYW	1	-1	false
CAKGLEGAVAGSYGYFDYW	1	-1	false
CAKGPRWQLLGSYYYYMDVW	1	-1	false
CAKPTAKSDYW	1	-1	false
CAKPSMIVVVSNAFDIW	1	-1	false
CAKPPVGYLEWLLYPAFDYW	1	-1	false
CAKPLYSSSRGWFDPW	1	-1	false
CAKRNSRLRLGELSLDNHAFDIW	1	-1	false
CAKRMDYYYYMDVW	1	-1	false
CAKLLIAAGVVRRNYYYGMDVW	1	-1	false
CAKHQGPVGGHYGMDVW	1	-1	false
CAKRVTIFGVDEVW	1	-1	false
CAKRGGSGRIGILYYYGMDVW	1	-1	false
CAKRLRFLEWLLGHYYYYYMDVW	1	11	false
CAKIGAGWELPNLDYW	1	-1	false
CAKKAIPVGYCSSTSCYAPYYFDYW	1	-1	false
CAKKGSWNPEYYYGMDVW	1	-1	false
CARVKKRFTVTTCFDYW	1	-1	false
CARCFPSSSWYFNWFDPW	1	-1	false
CASLEVVPAAIEFGGNNWFDPW	1	-1	false
CARGKGYVKVVPAAMAPYYMDVW	1	-1	false
RARGREGGMDVW	1	-1	false
CARGQVINDFWSGYYPTARRNNWFDPW	1	-1	false
CARGHVLRFLEWSGIRGLFDIW	1	-1	false
CARGRRPERLGYCSSTSCRRQTYYYYMDVW	1	-1	false
CARGRSNRSSWYCDYW	1	-1	false
CARGRWAFGFTVPNWFDPW	1	-1	false
CARGRRLGYCSSTSCYAGGWWFDPW	1	-1	false
CARGRGRYQLLSRYNWNYCTACSIWFDPW	1	-1	false
CARGRVVSYYYYYMDVW	2	-1	false
CARGRVFRRLEENW	1	-1	false
CARGRGPYYDFWSGYYSPEGGYYFDYW	1	-1	false
CARGPVVLKVKGKRGMDVW	1	-1	false
CARGPWNYGWGTTNKNWFDPW	1	-1	false
CARGPVGGYYGTAEYFQHW	1	6	false
CARGPRQRWLQFKDHFDYW	1	-1	false
CARGPYFIVVVPAAISGYFDYW	1	-1	false
CARGPYDFWSGYPPSRHYYGMDVW	1	-1	false
CARGLTSDPIAVLSNPLPYYFDYW	1	-1	false
CARGLSEGYSSGWYLTDVGITYW	1	-1	false
CARGLYDFWSGFRAPADYW	1	-1	false
CARGLRFWSGYYTGRVTNWFDPW	1	-1	false
CARGLVAARPSRGYFDYW	1	-1	false
CARGDGGGVRWELLSFYNGAFDIW	1	-1	false
CARGEVVSETRVSGYFDLW	1	-1	false
CARGGSSSWRNIFDYW	3	-1	false
CARGGWDYSNLNYYYYYMDVW	1	-1	false
CARGGELAVAGTFDYW	1	-1	false
CARGGGRYYDFWSGYSGSNWFDPW	1	-1	false
CANSPRDGYNYYYFDYW	1	-1	false
CAKSWIFGVVLPSYFDYW	1	-1	false
CAKDLRKKGGSFPRAGYYGMDVW	1	-1	false
CAKDPRGYSYGDFDYW	1	-1	false
CAKDIVLMVYAIDPKTSYYYYYGMDVW	1	-1	false
CAKDMGVTMVRGVIPWLDGMDVW	1	-1	false
CARDSLAPDVDIVATIKDYYYYGMDVW	2	-1	false
CAREAARFTAMVSSDLYYYGMDVW	1	-1	false
CARDEDYSGSYYPAYW	1	-1	false
CARGLGYCSSTSCYAHFDYW	1	-1	false
CARGVATIFSGPDYFDYW	1	-1	false
CARDQGRYYGDYEFDYW	1	-1	false
CARDLEFW	2	-1	false
CARDHCSSTSCYGRDAFDIW	1	-1	false
CARDPPSRGDYYYYGMDVW	1	-1	false
CARDPSLCSSTSCYYYYGMDVW	1	-1	false
CARDFGADYW	1	-1	false
CARDYSGSYPPPYYYGMDVW	1	-1	false
CARDGYMAGIAEIRPDYW	1	-1	false
CARDALKWGGVAGTGLDYFDYW	2	-1	false
CARDILRVVPAASLWGSYYYYGMDVW	2	-1	false
CARERYSYGYGKSVDYW	1	-1	false
CAREPPNWNDDSAFDIW	1	-1	false
CARAPNSSGWYGEVYFQHW	1	-1	false
CARAIVVVPAAMWGEFNYYYGMDVW	1	-1	false
CARRREDLYCSGGSCYFGGDVDYW	1	-1	false
CARRFDFNYYDSSGYYLRGAFDIW	1	-1	false
CARQEAGLWFGECMDVW	1	-1	false
CARGDTADLDYW	1	-1	false
CARGGPAAIQNWFDPW	1	-1	false
CARGGYSSSWSDDYYYMDVW	1	-1	false
CARGSGSGLYYYYYYMDVW	1	16	false
CARGTGSSGWYARRTFYFDYW	1	-1	false
CARGTTVTEGDWFDPW	1	-1	false
CARGGVVEMATFYYYGMDVW	1	-1	false
CARGVSSGWSLAHFW	1	-1	false
CARGFLGPW	1	-1	false
CARGYCSSTSCYVAFDIW	2	-1	false
CARGYCSSTSCSLVDVW	1	-1	false
CARARTFSYYDFWSGYYTGFDYW	1	-1	false
CARAPIRRIAVAAYYFDYW	2	-1	false
CARAACTSCYLYYYYYMDVW	1	-1	false
CARAERGPTEVPGPPDYYYYMDVW	1	-1	false
CARAGAGYCSSTSCRSVKGRYYYGMDVW	1	-1	false
CARDCSSTSCYAGADYYYYMDVW	1	-1	false
CARRVDTWVWAFDYW	1	-1	false
CARSHYDFWSGYYLYYYYYYYMDVW	1	16	false
CARQIPLASGSYFAFDIW	1	-1	false
CASAFRYCTNGVCYSYYFDYW	1	8	false
CARRNPLSRRSTSWGWFDPW	1	-1	false
CARGRRGVVIRRYYYYMDVW	1	-1	false
CARMRTGYGDYDDYW	1	-1	false
CASPAAGSAFDYW	1	-1	false
CAKGGWVVVPAAMVYYYMDVW	1	-1	false
CALTAAGTLDVW	1	-1	false
CAATSVPATAFYYYMDVW	1	-1	false
CARTPGGGYCSSTSCYLFDYW	1	-1	false
CARDFVAYYYDSSGYYSFDYW	1	-1	false
CARAEKVYDFWSGYYVPNCFDYW	1	-1	false
CARASGSYLDSFDIW	1	-1	false
CARSGPLTTVNYW	1	-1	false
CARDTEARQWLPGEYYYYGMDVW	1	-1	false
CARDSGYDYAPYYFDYW	1	-1	false
CAHVASYGEACFDYW	1	-1	false
CAHSTYYDFWSGYYFFDYFDYW	1	-1	false
CAHFHKYQLLRQGDYFDYW	1	-1	false
CAHIAAVAGIEDYFDYW	1	-1	false
CAQWAEYSSHGIGFDPW	1	-1	false
CAHIGDYPVEVDYW	1	-1	false
CAHIRGDYDFWSGYYMGLWFDPW	1	-1	false
CAHSGGSGYYYAFDYW	1	-1	false
CAHLRIVVVPAAITDWFDPW	1	-1	false
CAHGKWCMDESSLGYYYYYYGMDVW	1	-1	false
CALRGRGSTPIDYW	1	-1	false
CAHRSPLTIFGVVIGAFDPW	1	-1	false
CARIVVVPAPWTRIHVWFDPW	1	-1	false
CAHNGPSITIFGVVINTLFDYW	1	-1	false
CAHRQDGYSGYDHDDAFDIW	1	-1	false
CAHRLSYSSGWYDFDYW	1	-1	false
CAHRLSGNYVFGFDYW	2	-1	false
CAHSYYYGSGSTPNFDYW	1	-1	false
CAHSTIFGGISAFDIW	1	-1	false
CARDLGSIAAALMFSSGAFDIW	1	-1	false
CARDQVGFLSKGFDYW	1	-1	false
CARDHGIAAAGTPYYYYGMDVW	1	-1	false
CARDFPRAEWYYMDVW	1	-1	false
CARDLGTQYGDYVEYAFDIW	1	-1	false
CARDLGYCGGDCYSSPPARW	1	-1	false
CARDSSRQQLVTGW	1	-1	false
CARDSLVGATTYFTDYW	1	-1	false
CARDSFSLLDVW	1	-1	false
CARDSITIFGVVISDAFDIW	1	5	false
CARDSGWNTGLYYYYGMDVW	1	-1	false
CARDCSSTSCYVPAFDIW	1	-1	false
CARDWRVRFLEWLPPEQYGMDVW	1	-1	false
CARDVPTNDYAGYFDYW	1	-1	false
CARDGTGFVVRYYYGMDVW	1	-1	false
CARDTKDYGGNGYDYW	1	-1	false
CARDSQEDWNGLPALVFDYW	1	-1	false
CARDIAARYYYGMDVW	1	-1	false
CARDGYDFWSGYFNYFDYW	1	-1	false
CARDYDSSGYQISGAYGMDVW	1	-1	false
CARDTSIVVVPAAHFDYW	1	-1	false
CAREGIAVAGGGNWFDPW	1	-1	false
CARESSSGYYFDYW	1	-1	false
CAREGYSYGLNWFDPW	1	-1	false
CAREGPERVIRYYYMDVW	1	-1	false
CARGGRLYGSGSYYSAPDYW	1	-1	false
CARGQALRYFDWLLPSGWFDPW	1	-1	false
CARGHKVVPAAREGEYYYYGMDVW	1	-1	false
CARVIAVAGIGMDVW	1	-1	false
CARVGYYGSGSYYEYFDYW	1	-1	false
CARVGVQGYCSGGSCYYYYYYMDVW	1	-1	false
CAKTGSWPQHPHYW	1	-1	false
CAKYFTMIVVGAFDIW	1	-1	false
CAKCPLYSSSWYWPFDYW	1	-1	false
CAKSQLLLQGVFDYW	1	-1	false
CAKSGTMIVVVISSYYGMDVW	1	-1	false
CAKSGHDLLPFDYW	1	-1	false
CAKSLSGMIVLDAFDIW	1	-1	false
CAKLFNGGGGNVLRYFDWFRFDYW	1	-1	false
CAKFHGYSYGATYYFDYW	1	-1	false
CAKFGSDYDFWSGYPNWFDPW	1	-1	false
CAKGMYCSSTSCHDAFDIW	1	-1	false
CAKLTVTADVWW	1	-1	false
CAKSDRYDSSGYSYFWNAFDIW	1	-1	false
CAKWYSSSWYEYWYFDLW	1	-1	false
CANRAGWELPNFDYW	1	-1	false
CANDGGYSYGYVADYW	1	-1	false
CANVDSGYDSDYW	1	-1	false
CAMGGGAFDIW	1	-1	false
CAITNNWNRPLHFDYW	1	-1	false
CAISPSVDTAMVTHWYFDLW	1	-1	false
CARFITIFGVVPQPFDYW	1	-1	false
CASVVPAAMGVSYFDYW	1	-1	false
CASRTYGSSSWLSPYYYYYGMDVW	1	-1	false
CATQMGPSYNWNMDGW	1	-1	false
CATLEDIVVVVAATQTPWDYW	1	-1	false
CAVDIVVVPADSYYYYYGMDVW	1	-1	false
CAQSSPQYYDFWSGYLGYYGMDVW	2	-1	false
CAGPEGIAEQW	1	-1	false
CANLFTVTTLSVLDYW	1	-1	false
CARGAARLRSMDVW	1	-1	false
CARGSRRYCSSTSCYAGGIYYFDYW	1	-1	false
CARGSHCTGGVCYGRFDIW	1	-1	false
CARGTEYYDFWSGYYIGGEILDPW	1	-1	false
CARGRSRNPRIVVVVAATGFDYW	1	-1	false
CARGRIVVVPAAIRSGWFDPW	1	-1	false
CARGIHEGYCSSTSCLNWFDPW	1	-1	false
CARGRGQWLRGWFDPW	1	-1	false
CARGRQTYGGYRFPDYW	1	-1	false
CARGHRSPYYYDSSGYYPRGWFDPW	2	-1	false
CARGSKQGFVVVPAARGALDYW	1	-1	false
CARGAGVRRFDYW	3	-1	false
CARGGLRFLEWLPDYYYGMDVW	1	11	true
CARGGYCSSTSCYPSYYYYGMDVW	1	-1	false
CARGLYSSSSIRWFDPW	1	-1	false
CARGNLRGTRTYYYDSSDQKYFQHW	1	-1	false
CARGTPFGIAARYYYYYYYMDVW	1	-1	false
CARGAQHCSSTSCFLPETKNFDYW	1	-1	false
CARGERFLEWLLSTRPRKYNWFDPW	1	-1	false
CARGVVVVPAAMGYNWFDPW	1	-1	false
CARVGRGYCSGGSCYETVYYYYYMDVW	1	-1	false
CARVFGVVVPAAMGNSYYMDVW	1	-1	false
CARVEYYYGSGRARYYYMDVW	1	-1	false
CARVTIADTFDPW	1	-1	false
CARSDRSGYYRKPDYW	1	-1	false
CARISDGYDFGFDYW	1	-1	false
CARNLYYYYDSSGYYDYW	1	15	false
CARDGVGYSVGWFDPW	1	-1	false
CAREVASGGTVVVTAIRGAAFDIW	1	-1	false
CARHSGSFPGYFDYW	1	-1	false
CARQVGAPIRSWFDPW	1	-1	false
CARDLYSGYDWGNKYYYGMDVW	1	-1	false
CARDRGGILTGYYSKNYYYGMDVW	1	-1	false
CARDDKVAQYYDFWSGYLSALFDYW	1	-1	false
CARDGTYDYGDYVGWFDPW	1	-1	false
CARDRVVPAAMGSYYYYYYMDVW	1	-1	false
CARDSSRGRVRNFDYW	1	-1	false
CARESGPPYYYYGMDVW	1	-1	false
CARERDDATEGTNAFDIW	1	-1	false
CAREDYDFWSGYFAGNWFDPW	1	-1	false
CARETGERYSSLYDYW	1	-1	false
CAREPDIVVVPAAMLGYGAFDIW	1	-1	false
CARDLSSSSGYW	1	-1	false
CARVGYCSGGSCSSIDYW	1	-1	false
CARVATIFDGYYYYMDVW	1	-1	false
CARVPGAARPDCDAFDIW	1	-1	false
CARGAGRKQQLVKFDYW	1	-1	false
CARGHDWNGLDYW	1	-1	false
CARGDGEGPNIVVVPAAIDW	1	-1	false
CARGLPTTVTMPGIYW	1	-1	false
CARDRSDRGWFDPW	1	-1	false
CARGGGYCSSTSCYSGNWFDPW	1	16	false
CARSVSNYVGYYYYMDVW	1	-1	false
CARDVWSGSRHYYYMDVW	1	-1	false
CARGSYDSSGTTLGYW	1	-1	false
CTTVVGSAEWFDPW	1	-1	false
CARGLGPRITIFGVPTDYYYYMDVW	1	-1	false
CARDQVEEYSYTYNWFDPW	1	-1	false
CARDSSPRRITIFGVVIFGGWFDPW	1	-1	false
CAREVPAAMPGGFYYYYMDVW	1	-1	false
CAREIYCSSTSCYGRYFQHW	1	-1	false
CARETSNRYYYYYYMDVW	1	-1	false
CAREARMVYAIGYYMDVW	1	-1	false
CARDGPGCSSTSCYRAEYFQHW	1	-1	false
CARDVLGYYFDYW	1	-1	false
CARDAPYYDFWSGYSAYYYYMDVW	1	-1	false
CARDPPGGESGGYW	1	-1	false
CARAPDQFNYYYYMDVW	1	-1	false
CARALVHDFWSGYNWFDPW	1	-1	false
CARAPDIVVVPAAVGDAFDIW	1	-1	false
CARGGNGCSGGSCYFWFDPW	1	-1	false
CARYNYKVPAAISDSYYYYYMDVW	1	-1	false
CASGVEYQLLGAFDIW	1	-1	false
CASLGGYCSSTSCPTNYYYYYMDVW	1	-1	false
CASSYYGSGDFDYW	1	-1	false
CASSEPGKGPYNWFDPW	1	-1	false
CALDIVVVPAADGEYYFDYW	1	-1	false
CTRDWRVPAARLFDYW	1	-1	false
CARHVVTRYCSSTSCNFDYYYYYMDVW	1	-1	false
CARLGTIFGEVIDYWYFDLW	1	-1	false
CARQNRPPAEERYYDFWSGYWGHYYYMDVW	1	-1	false
CARQGDDSGYQLLFW	1	-1	false
CARSGEWLRRLPDYW	1	-1	false
CARHRANDFWSGFVVSDYYYYMDVW	1	-1	false
CARLRITIFGVVIIAKYYFDYW	1	-1	false
CARIKSGYSSSWYWFDPW	1	-1	false
CARHTGIVVVIMGPDAFDIW	1	-1	false
CARHVGEPYDFWSGYYGPWFDPW	1	-1	false
CARHDADPYCTGGVCQTNNWFDPW	1	-1	false
CARHDLPTIYSSGWKFDYW	1	-1	false
CARHAVLWFREGPDIW	1	-1	false
CARHWYDSSGYYDYW	1	-1	false
CARHRGITGTTGWFDPW	1	1	false
CARQGADRSGYYYW	1	-1	false
CARQGVVPAPVDYW	1	-1	false
CARQEANWNYVSYYYYMDVW	1	-1	false
CARQSGYYDSNVW	1	-1	false
CAKLERLPAEQYYYYYMDVW	1	-1	false
CARERARRYCSSTSCYAGGYFDYW	1	-1	false
CARDRGLAVAVLGDAFDIW	2	-1	false
CARSTGCTVTTPVCWFDPW	1	-1	false
CAGVWRFIFDYW	1	-1	false
CARQTYGDYFLSYYFDYW	1	-1	false
CARRSEGLDDYVWGSRSRWFDPW	1	-1	false
CARLGPRLFPYYYDSSGYYLFDYW	1	-1	false
CARLPVVVTGPDYW	1	-1	false
CAKDVGAGAGTYYTVWYYYGMDVW	1	-1	false
CARTGPRKVYAILSNWFDPW	1	-1	false
CARDLRDTAMLDFDYW	1	-1	false
CARSEYCSSTSCLTQYYYYYMDVW	1	-1	false
CARENNEGRDKWLGRDYYYGMDVW	1	-1	false
CARHSGSGIWPPINYYYYYGMDVW	1	-1	false
CARHRGFRGHFDYW	1	-1	false
CARSIAAAGGYYYYGMDVW	1	-1	false
CAREGKDYSNYEFSGMDVW	1	-1	false
CAADRRQQLVIW	1	-1	false
CAKDSDSSSWYFLGDW	1	-1	false
CARVYPIQLWSIGYW	1	-1	false
CARDRDSYGYKPHDYW	3	-1	false
CASRGIAARPDYYGMDVW	1	-1	false
CARDPRQVAAPFDYW	1	-1	false
CARDWGEWTPGYFDLW	1	-1	false
CARDLSGSQTGDW	1	-1	false
CARRRGSAVADDYYYYYGMDVW	1	-1	false
CARVRIGYCSSTSCYPFDYW	1	-1	false
CARGYEVWQFWSGYYTWAFDYW	1	-1	false
CARQFGVVIIDYYYMDVW	1	-1	false
CARKKRVYRYGDYYYGMDVW	2	-1	false
CARDRRLIHMVRGVIILYGMDVW	1	-1	false
CARDLFWANQYQPNWFDPW	2	-1	false
CARGNYYYYYMDVW	1	16	false
CARGRYCSSTSCYVPNDW	1	-1	false
CARVPRITIFGVAILNYFQHW	1	-1	false
CATGPRRVVVPAAMHSFHIPTEAHYYYYYMDVW	1	-1	false
CARWFPPHSGHSSGWNADDAFDIW	1	-1	false
CAKDSRAVAGTGWFDPW	1	10	false
CARFTPRGLPYGMDVW	1	-1	false
CAKDSHIAAAGDFDYW	2	-1	false
CARDPTPYYYDSSGYFDYW	1	-1	false
CARNMVRGVKRFDDAFDIW	1	-1	false
CARDGDDYGDFGGWFDPW	1	-1	false
CATVFNEYSSSNDDYW	1	-1	false
WARIAGGGYCSSTSCYYFDYW	1	-1	false
CARDDCSGGSCYSLYYYGMDVW	1	-1	false
CADTFGDW	1	-1	false
CAKDVKGYYYYYGMDVW	1	-1	false
CAKIAAAAYDAFDIW	2	-1	false
CARAIPRGYMDVW	2	-1	false
CARAGRYCSSTSCYVYYYMDVW	2	-1	false
CARGLGYYDSSGYYYGAFDIW	1	-1	false
CARDGCSSTSCYNTVNCFDPW	1	-1	false
CARDIGGVDHFDYW	1	-1	false
CARESDHEIAVAGTGDYYGMDVW	2	-1	false
CARGEVIVVVPAANDYYYMDVW	1	-1	false
CARGDFWSGSYDAFDIW	1	-1	false
CAKEIVDTAMVSAFDIW	2	-1	false
CAKGGVGIAVAGDYYGMDVW	1	-1	false
CARGRHCSGGSCYRGGDYW	1	-1	false
CAKDHGDVVVTAMENYYYYGMDVW	1	-1	false
CARDPAFYYDSSGYGMDVW	1	-1	false
CARPMPTFHLGYYYYGMDVW	1	-1	false
CARDSGSGWYGEYYFDYW	1	-1	false
CARDTSVDYDFWSGYYAAYYYYYYMDVW	1	-1	false
CARHRPGDCSSTSCYGGNWFDPW	1	-1	false
CARGKGLRSGIYYYYYMDVW	1	-1	false
CAHTDHIVVVPAGSVEGAFDIW	1	-1	false
CARHVRLRCLDYW	1	-1	false
CARHAVVGGFYSFDIW	1	-1	false
CARHSPGLAYYDFWSGAKSYYFDYW	1	-1	false
CARHPLELQVGMDVW	1	-1	false
CARVPLYYDILTGYSPVGYYYYGMDVW	1	-1	false
CARVYYGDYGTNWFDPW	1	-1	false
CARVGWSGYSW	1	-1	false
CARAGGASTEYCSSTSCYRIPRINYYYYMDVW	1	-1	false
CARAEWSSGPCFDYW	1	-1	false
CARAAHVASENDAFDIW	2	-1	false
CARLFGAVAGIGNWFDPW	1	-1	false
CARRSYGDYGIDYW	1	-1	false
CARPPLWREDCSSTSCYVAW	1	-1	false
CARPSSTSCYRALCGAFDIW	1	-1	false
CARSWDSSSNYFDYW	1	-1	false
CARSRGDPTVTRSVGNW	1	-1	false
CARYCSSTSCYLRAYYYYYMDVW	1	-1	false
CARTWGGTYDFWSGYLYPSDHLGYYMDVW	1	-1	false
CARSRVGGHCSGGSCYSLYYYYGMDVW	1	-1	false
CARMGYSSSRRPSLFDYW	1	-1	false
CARGVVVVMGYYMDVW	2	-1	false
CARCHYDFWSEEVLIHYYMDVW	1	-1	false
CARWYYYDSSGYHKGDYW	1	-1	false
CASYPDYDILTGNYIGKTPEVIDYW	1	-1	false
CASPGGGYCSGGSCSNYATYYYYGMDVW	1	-1	false
CASIRDYYYYYYMDVW	1	-1	false
CASLDIVVVPAADRYYYYGMDVW	1	-1	false
CASSTHLPAARDW	1	-1	false
CASTYYDFWSGYYFQYGMDVW	1	-1	false
CAKEEGCSGGSWCVGYYYYYMDVW	1	-1	false
CATVTNYYDSSVVDYW	1	-1	false
CATYEPIVVVPAAISGLW	1	-1	false
CAGDDFWSGYWFDPW	1	-1	false
CARERGSYSSSVYYW	1	-1	false
CARVYSSSSQSGAVRMGADYW	1	-1	false
CARDLMGYCSSTSCYDDYW	1	-1	false
CARGGELNLNFW	1	-1	false
CARGPYTKFDYW	1	-1	false
CARFYNWNNFDYW	1	-1	false
CASTYLGYCSSTSCYEPW	1	-1	false
CASHCTGGVCYLADAFDIW	1	-1	false
CATGQGGYYDSSGAEIDYW	1	-1	false
CAKVGLTPEFDYW	1	-1	false
CAKGSYRGYVDYW	1	-1	false
CAKDGLQYAFDIW	1	-1	false
CAKPLLRYFDWLLWVLDYW	2	-1	false
CVVGGSYYGHFDYW	1	-1	false
CAKDLASGAAADSYYYYGMDVW	1	-1	false
CAKDRGPYDSSGYYYLDW	1	-1	false
CAKDRRGGDQHVW	1	-1	false
CAKDRALSGYFDYW	1	-1	false
CAKDAYDYVWGPGYW	1	-1	false
CAKDFTLMATIRTFLESW	1	-1	false
CAKEGGLRITMIVVW	1	-1	false
CAKEPITIFGVVTRNYFDYW	2	-1	false
CAKVERSSSGWSFLDWFDPW	1	-1	false
CAKALQQLPTRISNAFDIW	1	-1	false
CAKRSSSTSCYFKHW	2	-1	false
CAKFSSRWLQLERSTYYFDYW	1	-1	false
CAKSADSSGYYSFFDYW	1	-1	false
CAKSLNDFWSGYYRPPYYYGMDVW	1	-1	false
CAKTYTVTTWYFDYW	1	-1	false
CAKRLVVVQPQQYYYYYYGMDVW	1	-1	false
CAKPMGIVVPAARAPLQGNWFDPW	1	-1	false
CAKVDSSSWYEVLGWFDPW	3	-1	false
CANWNDGFAFDIW	3	-1	false
CARAMTSAINYYYYGMDVW	1	-1	false
CAKDLFTMVRGVITSLSTYYYYGMDVW	1	-1	false
CAKDPSYCSGGSCYRWIFDYW	1	-1	false
CAKDNDFWSGYYTCWFDPW	1	-1	false
CAKQRANQLLLKNWFDPW	5	-1	false
CAKAGPVSVVVPAAHPPRIW	1	-1	false
CAKDRGAGYCSSTSCYDWYFDLW	1	-1	false
CAKDVSGILPPYW	1	-1	false
CAKDGYSSSWYTDEPFDYW	1	-1	false
CAARYETSRYYYENW	1	-1	false
CAKVRGYSSSRELDYW	1	-1	false
CAKDTSSITIFGVVISFDYW	1	-1	false
CAKWRPGWAGTGFDYW	1	-1	false
CAKRLGKYSSSSYYYYGMDVW	1	-1	false
CAKGPVAKATVTPDYW	2	-1	false
CAKDAAQDGDYSYYYYGMDVW	2	-1	false
CAKDPELRYFDWLLSYFDYW	1	-1	false
CAKDGPQRRSGYYTGMRLGRPRTSHDYW	1	-1	false
CARVFLSSSPGHPAGVVPAAGYFDYW	1	-1	false
CARVFLTKHTAMVKDYW	1	-1	false
CARVGKRLTTYYYYYYMDVW	1	-1	false
CARVGDYW	2	-1	false
CARVARFLEWLLEDPYYYGMDVW	1	-1	false
CARARDISTDIVVVPAAGGAWFDPW	1	-1	false
CARASVRFGDDWFDPW	1	-1	false
CARARLPGVAINRYFDLW	1	-1	false
CARALRFLEWLPYFDYW	1	11	false
CARAGSNNGAVAGQIDYW	1	-1	false
CARAPIAAAGTRKMDVW	1	-1	false
CARDISITIFGVVRNNWFDPW	1	-1	false
CARERKQWLVKWGWFDPW	1	-1	false
CAREQFSYCSSTSCYAGKYNWFDPW	1	-1	false
CARESGSNYDILTGYRENYGMDVW	1	-1	false
CARRFLGGYYFDYW	1	-1	false
CARLGSYDFWSGYYTAYYYYYMDVW	1	-1	false
CARSKSGYSSDYW	1	-1	false
CARLLSSYSSTTPRNNWFDPW	1	-1	false
CARLDGGWYGGDYW	1	-1	false
CARLLGGLREVVPAAMPGYYFDYW	1	-1	false
CARYCSSTSYNPNYYYYMDVW	1	-1	false
CARWGRRRYYYDSSGYRIQDTYYYYYGMDVW	1	-1	false
CARRPSWEPFDPW	1	-1	false
CARRVPAAINDYW	1	-1	false
CARRRPSSITIFGVVITDVVGMDVW	1	-1	false
CARRTAMVTTRRFDYW	1	-1	false
CARSRLVEQLVGGNWFDPW	1	-1	false
CARAPSTTGTTTYYFDYW	1	-1	false
CARSYQLRIFSDYTDTFDYW	1	-1	false
CAREEGGDDFWSGYGFGMDVW	1	-1	false
CARAHIVVVPAAAKRQFDYW	1	-1	false
CAADGPGYPSLRYYYYYMDVW	1	-1	false
CAREGYCSSTSCYVVYYYYYYMDVW	1	-1	false
CARDRGGHDCSSTSCYVRGDDAFDIW	1	-1	false
CAREVEVDTQYYDFWSGLPHDPAYWYFDLW	2	-1	false
CARDVLRE	1	-1	false
CAKVIKSSNFWSGYSYSYYYGMDVW	2	-1	false
CAKDFLRTGTTFSSLRFTSLHDYW	1	-1	false
CAREEGAFFWSGSLDYW	1	-1	false
CARELSGGNYGSGSYYDYW	1	-1	false
CAKYANYDSSGYYSRGGAFDIW	1	-1	false
CAKDLRRITIFGVVKSEYYFDYW	1	-1	false
CAKVRLGIPYYYYYGMDVW	1	-1	false
CARDETMVQGVGVDYW	1	-1	false
CARELRFRTILTGGAFFDYW	1	-1	false
CARAGDCSSTSCYPLYYYYYYMDVW	1	-1	false
CAKGLGYYDILTGYPPYCCGMDVW	1	-1	false
CAKSSYGSGRYFDYW	1	-1	false
CAKEGGGALVPYDSSGYSPLWFDPW	1	-1	false
CARDVPGDIVVVVAATPYYYGMDVW	1	9	true
CARTQSNAYYFDYW	1	-1	false
CARGPSITIFGVGSDFRNW	1	-1	false
CARGKQWLAGPW	1	-1	false
CARESLIAAAGTWFDPW	1	-1	false
CARWKGELEYGDYLSAHRNDAFDIW	1	-1	false
CARGSIAARGEDWFDPW	1	-1	false
CARGGYDSYSYYYGMDVW	1	-1	false
CAREVVPAAIGFWDAFDIW	1	-1	false
CARDIVATWRKGPHGMDVW	1	-1	false
CARASDYYYYGMDVW	1	-1	false
CARATGGLDYGDTYFDYW	1	-1	false
CARVPGVGATGQGAFDIW	1	-1	false
CARVTYQLLHPIPQSVDYW	1	-1	false
CARVGSGYYYYFDYW	1	-1	false
CARVSLVDTAMVARGGWFDPW	1	-1	false
CARVSSSGWYYFDYW	1	14	false
CARGHSSGPTYYFDYW	1	-1	false
CARSMTTPWYFDLW	1	-1	false
CARALRSWSRQTVHMDVW	1	-1	false
CARDRWGGYFDYW	1	-1	false
CARSLGEGSYGYGYFDLW	1	-1	false
CARGRGEPSGSYFYFDYW	1	-1	false
CAKSGEVGGGELTLPHPNWGVAQLTYYYYGMDVW	1	-1	false
CARDGQYCTNGVCYTDWFDPW	1	8	false
CARGSRWSHDGVGWFDPW	1	-1	false
CARQWMEGRFDYW	2	-1	false
CARQAITIFGVVTGGWFDPW	1	-1	false
CARHPMQWPQYYFDYW	1	-1	false
CARHWAAGLYSSSSDEGYWFDPW	1	-1	false
CARHYSYGYIEVRLKQNWFDPW	2	-1	false
CARHEKSGYFDYW	1	-1	false
CARRNSNPIRAHYYYYYMDVW	1	-1	false
CARRAVAGTLDYYYYYYYMDVW	1	-1	false
CARLLGIQLEYFDYW	1	-1	false
CARLVVPAASFFDYW	1	-1	false
CARLGGDIVVVPAASYYFDYW	1	-1	false
CARLNYDFWSGYYQSSHWHFDYW	1	-1	false
CARLRDFWSGHIYYFDYW	1	-1	false
CARLPCAGGVCQPPRSRIQPFDYW	1	-1	false
CARLMGDGDPIVGWFDPW	1	-1	false
CARLTTMVLDYW	1	-1	false
CARLGSSSIVATISLFDYW	1	-1	false
CARPREHSYSSFDYW	1	-1	false
CARPYSSLDDNWFDPW	1	-1	false
CARDEYYYGSGSPFDYW	1	-1	false
CARAGATYYDFWSGYYGHWFDPW	1	-1	false
CARVGYCSSTSCYVSYYYYYMDVW	1	16	false
CARWVSPWFDPW	1	-1	false
CASSDYSKSPPFDPW	1	-1	false
CASPGGGYYNYYYYYMDVW	1	-1	false
CASLPYLYCSSTSCYAFQHW	2	-1	false
CARCSRPRLVVPAAAGGFDPW	1	-1	false
CARLLRGWFDPW	1	-1	false
CARAYSSSLGQNAFDIW	1	-1	false
CARGTSPPYCSSTSCRNWFDPW	1	-1	false
CARGEGYCSSTSCYSRFDPW	1	-1	false
CARGSNHFDYW	1	-1	false
CARPLSGSSDYW	1	-1	false
CARPHPEYCSSTSCYENWFDPW	1	-1	false
CARMVPASDAFDIW	1	-1	false
CASRYSVRDYW	1	-1	false
CAKPAGTGMQLWFGAPYGMDVW	1	-1	false
CASLPAAGYYYYYYYMDVW	1	16	false
CTTCSGVYDFWSGRYYYYYYMDVW	2	-1	false
CTRDGSHKDYGGNTGDCFDYW	1	-1	false
CTREELSFTMIVVGAFDIW	1	-1	false
CTRGTRGDSSGYDDYW	1	-1	false
CTSGGSSWYSDYW	2	-1	false
CTRTTKQRRGYSYGPFDYW	1	-1	false
CTRWGVVVVAASLDYW	1	-1	false
CTTDYTVGPTKGYW	3	-1	false
CTTGPLDCSSTSCWDAFDIW	1	-1	false
CTTDPFIAARPYYYYYYMDVW	2	-1	false
CTTTNPHTCSSTSCYPDYYYYYYMDVW	1	-1	false
CTTCSGGSCYSYYYYYYGMDVW	1	-1	false
CTTSRPDLLWWTYGMDVW	1	-1	false
CTTDDVVVPAALFDYW	1	-1	false
CTTDGVLLLWFGEQVQDYFDYW	1	-1	false
CTTDVNPGFREYFQHW	1	-1	false
CTTDAGYCSSTSCYDFDYW	1	-1	false
CTTDPPVDIVVVPAAMPGAFDIW	1	-1	false
CTTDRGLTVVVPAAINYYYYMDVW	1	-1	false
CTTDSGGWDWDAFDIW	1	-1	false
CTTDNLDYYDSSPFGYW	1	-1	false
CTTEYIVVVPADIW	1	-1	false
CTTDRGFLGYCTNGVCYFGDYW	1	8	false
CTTVGVITIFGVVTNYYYMDVW	1	-1	false
CTTGPLRYSSSWNLPGTTYYYYYYMDVW	1	-1	false
CTTGPDYW	1	-1	false
CTTGLTGEYYYDSSGYSDAFDIW	1	-1	false
CTTGGGKYYYYMDVW	1	-1	false
CTTGGDYSGYDPDTFDIW	1	-1	false
CTTAYCSSTSCQGYW	1	-1	false
CTTAPLYSPGAGNYYGMDVW	1	-1	false
CTTAGDIVVVPASSYYYGMDVW	2	-1	false
CTTPDANSGGVDYW	1	-1	false
CARDRATVTYTSYYYYYGMDVW	1	-1	false
CARLPKYYDSSSFDYW	1	-1	false
CARVHTVVPAAYRDAFDIW	1	-1	false
CARVGAKKDPLSGATTFPFFDYW	2	-1	false
CARQVRGSYRGAGFDYW	1	-1	false
CARDEGWGVVSPYSQHW	1	-1	false
CARGYYYDSHAFDIW	1	-1	false
CARYYYDSSGRTYYFDYW	1	-1	false
CARDGRGDYRVDYYYGMDVW	1	-1	false
CARDGRGARGYYYYGMDVW	1	-1	false
CARDLGVPAAMFDYW	1	-1	false
CARDRLELERRLGVRHYYYYMDVW	2	-1	false
CARDPPEGRFYDSSGYGNDYW	1	-1	false
CARDNYGDYRFDYW	1	-1	false
CAREKVVPAAIIYYMDVW	1	-1	false
CAREGATDQGGFYFDYW	1	-1	false
CARAAYCSSTSCYAGAFDIW	1	-1	false
CARGLEPYYYYYMDVW	1	-1	false
CARGNSSGWYENYYYGMDVW	1	-1	false
CARGYCSSTSCHHFDYW	1	-1	false
CAKDSPVVVVPAAPPSYYYYYGMDVW	1	-1	false
CAKVPPNFRSSTSCYDYW	1	-1	false
CAKDPSIAARVVYYYYYGMDVW	1	-1	false
CAKSILWYNWNYGVYFDYW	1	-1	false
CAKESDIVVVPAAFDYW	1	-1	false
CAKVSNIDILTGYYSPPSSVYYFDYW	1	-1	false
CAKYRVEQCTSCYFDYW	1	-1	false
CARDQVATVAYYYYGMDVW	1	-1	false
CTTGSVLLWFRELLFDYW	1	-1	false
CARDDLGGSYYPDGMDVW	1	-1	false
CARDFHYGDEDAFDIW	1	-1	false
CARQSGYCSSTSCYASWFDPW	1	-1	false
CARDRQVLDAFDIW	1	-1	false
CANKAAAGKNNWFDPW	1	-1	false
CARILEWKSYKQYYMDVW	1	-1	false
CAKDLRGFTVVPAAMETDYW	2	-1	false
CASHPDYDSSGYYFDYW	1	-1	false
CAKDSTFTNSYYYMDVW	1	-1	false
CAKDIGDAIFGVARDYYYYGMDVW	2	-1	false
CAKDTMVQGVIYAFDIW	1	-1	false
CAKEYCSSTSCPGNTYYYYYYMDVW	1	-1	false
CAKGSSGSYHHQRGGMDVW	2	-1	false
CAKSIAVAGNPFGYW	1	-1	false
CAKDISLGLVNYYYMDVW	1	-1	false
CARIRLIAGYSSGWYLKKNWFDPW	1	-1	false
CARILLRPSTVVVPAANGDWFDPW	1	-1	false
CARNTYYDFWSGYFKGANWFDPW	1	-1	false
CARNIVLMVYAPTCFDPW	1	-1	false
CARDRGKYCSSTSCYRVDYW	1	-1	false
CARAYYDFWSGYYTAYYYYMDVW	2	-1	false
CARVGFWSGYLRYYYYYMDVW	1	-1	false
CARVHLGYCSSTSCYRRRTRDGAFDIW	1	-1	false
CARRSSYCSSTSCYFDYW	2	-1	false
CARMPLYDYVWGSYRSFDYW	1	12	false
CARTWGSGSHWYFDLW	2	-1	false
CARTGRYCSGGSCYSSYYYYYMDVW	1	-1	false
CARRGNGDPPAFYFDYW	2	-1	false
CASRPVTTEDYFDYW	1	-1	false
CASLGYCSSTSCPPFDYW	1	-1	false
CASGSAAGTGGWFDPW	1	-1	false
CASKGITIPFDIW	1	-1	false
CASRSLRGSYGPEPFDYW	1	-1	false
CASRRRLPAAAKVAFDIW	1	-1	false
CANLFPRGYCSSTSCYEGGYYYYYYMDVW	1	-1	false
CASREGGYCSSTSCRSGNYYYYYMDVW	1	-1	false
CALYGSGSYYYYRKLLPDYW	1	-1	false
CAQEWEVCSGGSCSRVDYW	1	-1	false
CGRVVVPAAIGLYYYYYMDVW	1	-1	false
CVDGYCSGGSCSPFDYW	1	-1	false
CARYYYYMDVW	1	16	false
CARGRKTIVVVPAAIKYSAFDIW	1	-1	false
CARAIVVVPAANGGYYYGMDVW	1	-1	false
CARGIMEIDYW	1	-1	false
CARYLWLKAIVYW	1	-1	false
CARGIHDSSEFYYFDYW	1	-1	false
CARVLLGCSSTSCRTRFDPW	1	-1	false
CARGGIGAIFGAMDVW	2	-1	false
CARTPVRAFIRAYYYDSSGYPDAFDIW	1	-1	false
CARRYQLRPMDVW	1	-1	false
CARGITPSKSHDYW	2	-1	false
CARRYYYYYMDVW	1	16	false
CARGWKRRLQYCSSTSCYVSYFDYW	1	-1	false
CARGKEDFWSGYYVPPTYYMDVW	1	-1	false
CARRALGYCTGGVCYTSDAFDIW	1	-1	false
CARIRGFGELLPSYW	1	-1	false
CARKNIVVVPAAIVPGMGAPRFYYYYYMDVW	1	-1	false
CARDQGPNCSSTSCYLGGLYYYYYYYMDVW	1	-1	false
CAREMDDITEYSSSGALGYW	1	-1	false
CARPTSLRLPSGVDYW	2	-1	false
CARGARYSGYDGTGSW	1	-1	false
CARRYCSSTSXCFDYW	1	-1	false
CARDSMAVAGTGDYFDYW	1	-1	false
CARDSGAGSTSTSDYYYYMDVW	1	-1	false
CARDVAGIAARGEHGPGYFDLW	1	-1	false
CARDGVAPDYW	1	-1	false
CARDQFGRATIFGVVIPLGMDVW	1	-1	false
CAREYGGKEYYYYGMDVW	1	-1	false
CARDEGYGLSGWDYW	1	-1	false
CARDRPSLFRELSTVDYW	1	-1	false
CARGGGAGEKKRAWFDPW	1	-1	false
CARGRPNYYDLGANDYW	1	-1	false
CARANSRGSSWYRSLKTYYYYGMDVW	1	-1	false
CARALYSSSWDSFDYW	1	-1	false
CARVEGLGVVPAAMWGNYFDYW	1	-1	false
CARVSGVDTVTTLGIDYW	1	-1	false
CARVASSSWYDNYYYGMDVW	1	-1	false
CARDFRGGYDFWSGNKGNYWYFDLW	2	-1	false
CARAIVATVDDRNWFDPW	1	-1	false
CARLDRGTSCYACFDYW	1	-1	false
CARTPSYIHTW	1	-1	false
CASTLVVPAAMYAFDIW	1	-1	false
CAGRYCSGGSCYSPFDYW	1	-1	false
CARDVIAAAGRRWFDPW	2	-1	false
CARDNRQLVRGSYYYYYGMDVW	1	-1	false
CAREKIWASKVLVVGGLNAFDIW	1	-1	false
CARDVVVAATPTQYYYYGMDVW	1	-1	false
CARALRSVVVVAARSNWFDPW	1	-1	false
CARAPGYYDSSGYHAFDIW	1	-1	false
CARWGRTVTRGYKFDYW	1	-1	false
CARSRGAYDSSGPNDYW	2	-1	false
CARSVMVYATRYYGMDVW	1	-1	false
CARALDIVVVFDYW	1	-1	false
CARAGDYDSSGYYVHDYW	1	-1	false
CARLYGSGSYYFREGYYYMDVW	1	-1	false
CARDHVVVVRAARLKYNWFDPW	1	-1	false
CARGGRIMIFGADRDYYYYMDVW	1	-1	false
CARDKAGIVVVPAAPEYAFDIW	2	-1	false
CARELRFSVEDW	1	-1	false
CAREGITMVRGVQTNAAFDYW	1	-1	false
CARGVGFCSSTSCQRYYFDYW	1	-1	false
CARGCRDGSNYAFDYW	1	-1	false
CARGLRYCSSTSCYFGPGDHRDYYYYMDVW	1	-1	false
CARVRIFKLGYCSSTSCPGGDAFDIW	1	-1	false
CARRGANLSEDAFDIW	1	-1	false
CARRDPYCSSTSCSDW	1	-1	false
CASQTRIAAAGTTLGAFDIW	1	-1	false
CARIGTIFGVDTDDYW	1	-1	false
CARYQYQPRYYYYYMDVW	1	-1	false
CARFVLAAAGTGAFDIW	1	-1	false
CARGLATLYYDFWSGKGEATIFDYW	1	-1	false
CARGGWGPRVGADSYYYYYGMDVW	1	-1	false
CARGWGIAATYGGYGMDVW	1	-1	false
CARDHRGLITGTSYGMDVW	1	-1	false
CARDHRCSSTSCYDNAFDIW	1	-1	false
CARDLGSSGWVDIW	1	-1	false
CRASVAGTGHWFDPW	1	-1	false
CARRTGRITIFGVDTTSVNWYFDLW	1	-1	false
CASSGGDIVVVPAAKDAFDIW	1	-1	false
CARHSKLRFLEWGSYYYYYMDVW	1	-1	false
CARENNAIVVVPAAMNAFDIW	1	-1	false
CAGVVVPDDYYYYYMDVW	1	-1	false
CARGEYSSSLSHHEDNWFDPW	1	-1	false
CARVYDFWSNDNWFDPW	1	-1	false
CARGGTYYYDSSGYSPLDYW	1	-1	false
CARANYYDSSGYLPYFDYW	1	-1	false
CARSPLRYCSSTSCSDYWYFDLW	1	-1	false
CATVSSRRPPDCSSTSCQNWFDPW	2	-1	false
CARGGPSEINTIFGVVPLPVQAYYYYMDVW	1	-1	false
CAADLVRDW	1	-1	false
CAAFNDAFDIW	1	-1	false
CAREKLTTVTTPRGGNYYYYGMDVW	1	-1	false
CARDMVAAAGIEERWFDPW	1	-1	false
CTTALWDCSSTSCYSGGGYW	1	-1	false
CTTDGPPSRYCGGDCYLGYW	1	-1	false
CTTDGDYYDSSGPADYW	1	-1	false
CTTDPDLGYW	1	-1	false
CTTGGDYSGYDPDAFDIW	1	-1	false
CTTLEGYYDTGDAFDIW	1	-1	false
CTTVRQNLGGYYYYGMDVW	1	-1	false
CTTLIVVVPAAKGYYYMDVW	1	-1	false
CTTHTVTTPNPYFDYW	1	-1	false
CARVKEQGGSIDYW	1	-1	false
CARHRFLEWLLWYW	1	-1	false
CARPTVVPYWYFDLW	1	-1	false
CARSAAAGLPPFTQPMDVW	1	-1	false
CARGGRGYSYGTFDYW	1	-1	false
CASGYYDYVWGSYHDDYW	2	12	false
CAISVGANYYFDYW	2	-1	false
CAGSHDYSNYVLDPW	1	-1	false
CAGGIAVAGTGWFDPW	1	10	true
CARPWGGYSTAPCFDYW	1	-1	false
CTRLSPVVGGENHYYGMDVW	1	-1	false
CTRPPYDSSGYYLTAIDYW	1	-1	false
CTRHSSGYPGTNPDYW	1	-1	false
CTSPSYNWNEQRW	1	-1	false
CTRPDYGGNSFDYW	1	-1	false
CTRVTTAAVLELKAFDIW	1	-1	false
CAAGSGYCSSTSCYRHYYMDVW	1	-1	false
CARDGGEFFGVPAAPDYW	1	-1	false
CARDRDYGSGLDAFDIW	1	-1	false
CARESWDYYDSSGYFWYFDLW	1	-1	false
CARGYCSSTSCYLVDYW	1	-1	false
CARVNGEWCSGGSCYPDRIFDYW	1	-1	false
CARAVTYYDFWSGYYPHDAFDIW	1	-1	false
CARSSTRPNDAFDIW	1	-1	false
CASTYSSSRPIAVW	1	-1	false
CASLTHCSGGSCYRTFDYW	1	-1	false
CARSNLDCSSTSCYQYNWFDPW	1	-1	false
CASFEYSSSWYDAFDIW	1	-1	false
CARLPLTIFGVVIMPWFDPW	1	-1	false
CARQSWSGYSEYYYYMDVW	1	-1	false
CARQAVVPAAQSTQWVANWYFDLW	1	-1	false
CARQGSSEAKHITIFGVVIPDPVGSSEYYFDYW	1	-1	false
CARQPSGMNPYYYYYMDVW	1	-1	false
CARHGAGPYGSGSYYYYYYYMDVW	1	-1	false
CARHRLAAAGTSSYYYYYYMDVW	1	-1	false
CARHGRFLPGWRYMDVW	1	-1	false
CARQRGHYYYYYMDVW	1	-1	false
CARRTEEGLGYSPGGTYYMDVW	1	-1	false
CAKDASTGGFGAFDIW	1	-1	false
CAKEYDSSGYGWFDPW	1	-1	false
CAKGSLNGPAAYYYYYYGMDVW	1	-1	false
CAKGGGYYDSSGYYFDAFDIW	3	-1	false
CAKGYDFWSGLHFDYW	3	-1	false
CAKGLGMVYYFDYW	1	-1	false
CAKQGAGTYYYYYYYMDVW	1	-1	false
CATAHSSSWYDRNENAFDIW	1	-1	false
CAKDRRGYSYGSNYYGMDVW	1	-1	false
CAKDYRGILEWFTFDYW	1	-1	false
CAKDSVAVMYYYYGMDVW	2	-1	false
CAKDSGYCSSTSCANYYGMDVW	1	-1	false
CAKDSSGSYLRTLDYW	1	-1	false
CAKDSGTGTVGSDYMDVW	1	-1	false
CAKDFGDYDSSGYFPYW	1	-1	false
CAKDIGYGDYVFGYFDLW	1	-1	false
CAKDIGSDGTIFGVVIHYYYYYGMDVW	1	-1	false
CAKDISSGSGFVEAFDIW	1	-1	false
CAKDMWLVGATSLDYW	1	-1	false
CAKDMGNYDFWSGYPYYYGMDVW	1	-1	false
CAKDMGGGCSSTSCQGYYYYGMDVW	1	-1	false
CAKDMGPGYCSGGSCYSSWEFDYW	1	-1	false
CAKDISHSGSYRGGFDYW	1	-1	false
CAKDIGDDYGVTSGAFDIW	1	-1	false
CAKDIVVVPAAMGYFQHW	1	-1	false
CAKDIEALANWGGLDYW	2	-1	false
CAKDNQAARRGMWVDYW	1	-1	false
CAKDKAYSNYLYYYYYMDVW	1	-1	false
CAKDRGELLGNWFDPW	1	-1	false
CAKDREPDPGPHTVFDYW	1	-1	false
CAKDSGEYCSGGSCDEYFQHW	1	-1	false
CAKDTQLLWSFGAFDIW	1	-1	false
CARTDFWSGYTFDYW	2	-1	false
CAKDSRYCTSTSCYTRYYYYGMDVW	1	-1	false
CASHQTLGYCSSTSCLPFIDYW	1	-1	false
CAASTTAMVSGWFDPW	1	-1	false
CARDRALRVTTWKSSSDLRRAPKYYGMDVW	1	-1	false
CARDSWIQLKAHFDYW	1	-1	false
CARDREWELPDW	1	-1	false
CARDIGVRGVIITGPFDYW	1	-1	false
CARDRSSSWPIPSTRDYGMDVW	1	-1	false
CAREALVSATFDYW	1	-1	false
CARDLAYYGDDWYFDLW	1	-1	false
CARGGAIYGSGSPRPDYW	1	-1	false
CARDRGRSGSYHYLW	1	-1	false
CARDGGPYIVVVPAAMDDAFDIW	1	-1	false
CASNSGYLAADTSHFDYW	1	-1	false
CARDLRRGYYGSGTLSGRYW	1	-1	false
CARDHADIVVVPAAMWGYYYYMDVW	2	-1	false
CARDRGDGYNSPHFDYW	1	-1	false
CARDRLTGVPAALDYW	1	-1	false
CARDPSTVTKYYYYYYYYMDVW	1	-1	false
CARDEIGDRAFDIW	2	-1	false
CARDAGLRFLEWFFDYW	1	-1	false
CARDGSAMVSGSYWTKLPPPSFDYW	1	-1	false
CARDGTPKTYSSGWSRSSYFDYW	1	-1	false
CARDGDLAYCGGDCYSGFDYW	1	2	false
CARDVAVGGDYVDYW	1	-1	false
CARDSGAARDHYGMDVW	1	-1	false
CARDKVNYDFWSGYYYDAFDIW	3	-1	false
CARDMKVVVPAAIPAIYGMDVW	1	-1	false
CARDFKGDYDAFDIW	1	-1	false
CARDLGARDYGDYNVW	1	-1	false
CARDYRFLENSYAFDIW	3	-1	false
CARDPRLDYW	1	-1	false
CARVGPSYCGGDCQFDYW	1	-1	false
CAVDNYYLDVW	1	-1	false
CAREPHELVVPAAIATSGYYGMDVW	1	-1	false
CAREGYSYGFYYYYYGMDVW	1	-1	false
CARDPAGCSGGSCYRQYYYGMDVW	1	-1	false
CAKELGXFIDMVRGVTTDYW	1	-1	false
CAXCLKGELRSTYDYGMDVW	1	-1	false
CARAGGGSSSWDYW	1	-1	false
CAKDGYNFPDYW	1	-1	false
CARDWSNYGGNSVRYYGMDVW	1	-1	false
CARDNIDGSSRYW	1	-1	false
CGSGYYTNYYYGMDVW	1	-1	false
CAREMGSGYSYGYLGYYYYGMDVW	1	-1	false
CARESYYGSGSHQAFGYYGMDVW	2	-1	false
CARDKFRSGGCSSTSCPQYPFDYW	1	-1	false
CARDTIVVVPAAIQFDYW	1	-1	false
CARDRFARDYGEATW	2	-1	false
CARDQEWVYCSSTSCYSNWFDPW	1	-1	false
CARDLSWWELKRYGMDVW	1	-1	false
CARDLEAPLRFRDYYGMDVW	1	-1	false
CARDGYYDILTGYEAKGWFDPW	1	-1	false
CARDSRPYYYDSSGYYW	1	-1	false
CARDWGVATIGAYYYYGMDVW	1	-1	false
CARDFRIAVAGTVYYGMDVW	1	-1	false
CARDYGGNSGLRSSFDGMDVW	1	-1	false
CARDFWSGYYKTEGDPW	1	-1	false
CARDDCSSTSCYAYYYYGMDVW	1	16	false
CARESFLSMATTRWYWYFDLW	1	-1	false
CAREVGGGSYSYGMDVW	1	-1	false
CAREETDYGGPTGYYYGMDVW	1	-1	false
CARGWGSGLNWFDPW	1	-1	false
CARGVAAAGTGWFDPW	2	10	false
CARGSAYYDSSGYEDFDYW	1	-1	false
CARDDPYYDSSGYYRYW	1	-1	false
CARDADTSCYKCSGAFDIW	1	-1	false
CARDRPQPNQYGDYFQGPGSYFDYW	1	-1	false
CAREGSPYWYFDLW	1	13	false
CAREGYYDSSGYYHPYYYYGMDVW	1	-1	false
CAREGLGYYYGSGSYSGGDAFDIW	1	-1	false
CARVLGQWPYYFDYW	1	-1	false
CARVGLAVAGPIWYFDLW	1	-1	false
CARVQQQLSYILDYW	1	-1	false
CARVLTDVVPAAIEWFDPW	1	-1	false
CARAANGEYSYGYTADYYYYYYMDVW	1	-1	false
CARAGQQTSYYDILTGYYSFDYW	1	-1	false
CARSKLLWFRELFYDAFDIW	1	-1	false
CARTRITMVQGVINPSEYYMDVW	1	-1	false
CASLTDSPRSWFDPW	1	-1	false
CASHTGTHLYYYGMDVW	1	-1	false
CASFYDFWSGYRVDAFDIW	1	-1	false
CAKWGHRQHTYYDFWSGYPNVFDPW	1	-1	false
CARGPRVVVVPAAISSWFDPW	1	-1	false
CARGGLRFLEWTNW	1	-1	false
CARGLNTYDFWSGYPGYYYYYYYMDVW	1	-1	false
CARGTYYYDSSGYYSGVGWFDPW	1	-1	false
CARDLRYDILTGLYDNWFDPW	1	-1	false
CARDLVRYCSGGSCHPLGYYYYGMDVW	1	-1	false
CARDQYNWDHYGMDVW	1	-1	false
CARGLVLPAAIGVAFDPW	1	-1	false
CARKNYDFWSGVHYFDYW	1	-1	false
CARDTQYYYYYMDVW	1	-1	false
CARDFLYSSSWYSGYW	1	-1	false
CARRSNQFVALNNW	1	-1	false
CARELGYCSGVSCYGGTFDFW	1	-1	false
CARAPQFGRSTARRDPRRSPHCSSTSCPFDYW	1	-1	false
CARHRRDHDYGDYILYYYYYMDVW	1	-1	false
CAREGGITFGGVIATPDYW	1	-1	false
CARGVVVPAASYYYYYYYYMDVW	1	16	false
CARLKNEYSSSLGAGYYYYMDVW	1	-1	false
CAKVARVVPAAEGEIDYW	1	-1	false
CARDPQGSGTWFDSW	1	-1	false
CVGSSGWDKVYYYDVDVW	1	-1	false
CARLDDFWSGFDYW	1	-1	false
CAKDWVFVVVPAAIPVNYYYGMDVW	1	-1	false
CARLGGWVVPAVGFYYYMDVW	1	-1	false
CARGPYIVGATTYDQGDW	1	-1	false
CARGWRVFDYW	1	-1	false
CATSTRAVAAPTEFPFDIW	1	-1	false
CARSIAAAFLWFDPW	1	-1	false
CAKESEVVWEPTSSGLLW	1	-1	false
CAKDLYSGFLPNDYYYYGMDVW	2	-1	false
CAREKLGYCSSTSCSPVNYW	1	-1	false
CARDTSNYDSSGYLEDYW	1	-1	false
CARGDFWSGYYSRLFDYW	1	-1	false
CAKDIIAVADWYFDLW	2	-1	false
CARERRVGAVDYW	1	-1	false
CARDATSGYYYYYMDVW	5	-1	false
CARGKGVEQLALRLDYW	1	-1	false
CTRDPSDCTGGVCYGPEPYFDYW	1	-1	false
CARDIRAIGWDYYYYMDVW	1	-1	false
CARGGATDSSRGYSGYDYAEKGYYYYYGMDVW	1	-1	false
CARDNRYCSSTSCSTLDWFDPW	1	-1	false
CARDYTPWLRTDVW	1	-1	false
CARDQVGLDYW	1	-1	false
CTTGFRWAVTNYYGSGSYFVDYW	1	-1	false
CARSANYYDSSGYYYGGAFDYW	1	-1	false
CARDVTPSWFGELLPVYGMDVW	1	-1	false
CASERGYYYDSSGYLKNAHFDYW	1	-1	false
CARGYSSGWAPHFDYW	1	-1	false
CTTDRVKYYDILTGYDLEGYW	1	-1	false
CAKTSQWELLESWFDPW	1	-1	false
CILAGSLKGGVYW	1	-1	false
CARDKGWNDLFYW	1	-1	false
CARDPGPNYSSSFLEFGLDVW	1	-1	false
CARDPRNDDFWSGYHYYYYYGMDVW	1	-1	false
CARDLRFLEWLLVGSYGMDVW	1	-1	false
CARDFGRWELAHFDYW	1	-1	false
CARDWGVGATWSGAFDIW	1	-1	false
CARDRDRGDIVATMRAFDIW	1	-1	false
CARDRGGIYDILTGYYRGGDEIDYW	1	-1	false
CARDDYDILTGYFDYYYGMDVW	1	16	false
CAREFFGGWLQIREYYFDYW	1	-1	false
CARERIKVRGWFDPW	1	-1	false
CARVFDPW	1	-1	false
CARGIYYGSGSYYNWW	1	-1	false
CARGGYGDFDPW	1	-1	false
CATGMGYFDWPSSGDW	2	-1	false
CARDQLWFRGRYYFDYW	1	-1	false
CARDQGSGWYNAFDIW	1	-1	false
CARDPGGYCSSTTCDVSGHDYW	1	-1	false
CARDLRDVTYYDFWSGNFNDYW	1	-1	false
CARDLEPYCSSTSCNNWFDPW	1	-1	false
CARETTVTTVDYW	1	1	false
CAREQGGNFDYW	1	-1	false
CAREWDFWSEYDILTGYPPGLDYW	1	-1	false
CARVLVEERIFGVVIKWGAFDIW	1	-1	false
CARVPTVTTGGADYW	1	-1	false
CARVTLNRYCSSTSCREPKDYW	1	-1	false
CARAQADIVVVPAAIDAEYFQHW	1	-1	false
CARARRDDIVVVPAAEPFDYW	2	-1	false
CARAFTVTTSPSFDYW	1	-1	false
CARGKLVGDYVAGGFDYW	1	-1	false
CARGDGDYPIDAFDIW	1	-1	false
CARVPILRFFSDAFDIW	1	-1	false
CARDRADSLERDYW	1	-1	false
CARRRLAVAGTPTDYYYYYGMDVW	1	-1	false
CARLGYCSGGSCYSGLNWFDPW	1	-1	false
CARLATVTTGGYYYYYYMDVW	1	-1	false
CARCSSTSGDAFDIW	1	-1	false
CARFGIAAPGYYYYYMDVW	1	-1	false
CARALSRITIFGVVTGPFDDAFDIW	1	-1	false
CASSIAARGVDGGFDPW	1	-1	false
CARQVEGNWGSWYFDYW	1	-1	false
CAARLIAAAGTSYYYMDVW	1	-1	false
CASQGDFWSGSAFDIW	1	-1	false
CARLGDSNLTNEYYYYYYGMDVW	1	-1	false
CARRGGLTTRSGDYYYGMDVW	1	-1	false
CARHITMVRGQDYYYYYGMDVW	1	-1	false
CARHGDGSGSYYYYGMDVW	1	-1	false
CARLPDIVVVPAAIPNYGMDVW	2	-1	false
CARLSAPCLRSCYYYYGMDVW	1	-1	false
CARLNNPSSSSRLRGGYTSGVGYFDYW	1	-1	false
CARGGFLEWLQPPGGFYYYGMDVW	1	-1	false
CASASRGYRPSDAFDIW	1	-1	false
CASGNWNYGLFDYW	1	-1	false
CATAMALNDYFDYW	1	-1	false
CARVLGYCDSTPCSPSFYMDVW	1	-1	false
CAKDGCGGDCYWHYGMDVW	1	-1	false
CAKDDDASCSSSTSCYGSRFDYW	1	-1	false
CAKHIVTRGPDAFDIW	1	-1	false
CAKDTIRRWFDPW	2	-1	false
CAKDMDIVVVPGLFDYYYYGMDVW	2	-1	false
CAKDFLACSSTSCDNYYGMDVW	2	-1	false
CAKDTDMYSSGCMDVW	1	-1	false
CAKDTMALWTGVVGPDAFDIW	1	-1	false
CAKDGYYDFWSGYRSNYYYYMDVW	1	-1	false
CAKDLGSGSGSLDYW	1	-1	false
CAKDRRPSIAARSPHFDYW	1	-1	false
CAKDRGYNWNDVSWFDPW	1	-1	false
CAKEGPAAIDYW	2	-1	false
CAKDQRYW	1	-1	false
CAKDYTAMPYYFDYW	1	-1	false
CAKDVAGYYYYGMDVW	1	-1	false
CAKENGDGGLDYW	1	-1	false
CAKENGLDSGSYYFWASYYYGMDVW	1	-1	false
CAKVHGYGAVGLLGYFDLW	1	-1	false
CAKVRGGSYYLPDAFDIW	1	-1	false
CAKVDDAFDIW	1	-1	false
CAKANKGYSSGWYEDYYYGMDVW	1	-1	false
CAKADYGDSPPGAFDIW	2	-1	false
CAKFGSGSYYKSMYYFDYW	1	-1	false
CAKPIAARHYYYYGMDVW	1	-1	false
CAKTIAAAGCWYFDLW	1	-1	false
CAKGHTIFGVVIFGDMDVW	1	-1	false
CAKGGAVAGHLGWFDPW	1	-1	false
CAKGRLYCSSTSCHDYMDVW	1	-1	false
CAKGLWFGELTPFDYW	1	-1	false
CARDSFWVYYDSSGRGGAFDIW	1	-1	false
CARDSDSSGYTFSGMDVW	1	-1	false
CARDSRSIAVAGTSFDYW	1	-1	false
CARDMWRFGELLGSYGMDVW	1	-1	false
CARDYRIAVAGMDVW	1	-1	false
CAREEGSYSGYDGGFFDYW	1	-1	false
CAREGTAMTPSADYW	1	-1	false
CAREFGSADTAMGGDAFDIW	1	-1	false
CAREARVITHTMDDYGDYAHFDYW	1	-1	false
CAREGIVDTDNGFDYW	1	-1	false
CARESHYDYVWGSYRYYEGSYGMDVW	1	-1	false
CARAPRYCTGGVCSEFDYW	1	-1	false
CARGGFGGVIVIPYYFDYW	1	-1	false
CARGGRGYCSSTSCYTLNYGMDVW	1	-1	false
CARGAAAGAFDYW	1	-1	false
CARGRGSTSCYTASGCLYYYYGMDVW	1	-1	false
CARGGSSSAWFPNYYYMDVW	1	-1	false
CARTWVSGSFGAFDIW	1	-1	false
CARPDFYSNYESVAFDIW	2	-1	false
CARQINLNDYGDYVLDNAFDIW	1	-1	false
CARDLTPDYGGNSFDYW	1	-1	false
CARGYCSGGSCPLGFDPW	1	-1	false
CARTDDYGDYWDAFDIW	1	-1	false
CASGNSSWYVMS	1	-1	false
CARGGTRGVVVPAATTIGDYYYYYGMDVW	1	-1	false
CARGGYCSSTSWMGSSWYEVCYFDYW	1	-1	false
CARVQPYYYDSSDQDYW	1	-1	false
CARVGGYSSPSYYYYGMDVW	1	-1	false
CARVTTVTFQPAEGTMAGQDVW	1	-1	false
CARVGPIDYW	1	-1	false
CARAPSGDSPARSVDYW	1	-1	false
CARAGGDYGSFDYW	1	-1	false
CARFHYGSGSYYTPYYYYGMDVW	1	-1	false
CARSARYYYDSSGHSYYYYYGMDVW	1	-1	false
CARHKLQIDYGDYVILDYW	1	-1	false
CARIGITGTGGDYW	1	-1	false
CARVPTTGTEGFDPW	2	-1	false
CASTEYYYDSSGYYLGYW	1	-1	false
CASPNNWNDGDYYYGMDVW	1	-1	false
CASPTIFGVVYTNYYYGMDVW	1	-1	false
CATGKDIAVALFDYW	1	-1	false
CAVDPGYCSSTSCYLEEGPQYYYYGMDVW	1	-1	false
CADILTGSESTMDVW	1	-1	false
CARDVGGIFYYDSSGSEFDYW	1	-1	false
CAREDTAMVIAWDYW	1	-1	false
CFVGVNYYDSSGYQPFWFDPW	1	-1	false
CARVPPLYDSSGYYYFDYW	1	-1	false
CARDLSGGVDYW	1	-1	false
CARDRGGFDYW	1	-1	false
CARDVYYDRVRFDYW	1	-1	false
CARDYSYDYGDYW	1	-1	false
CARGGTTVTTGFDYW	1	1	false
CARSPLYVSVAVAGTGGEDYW	1	-1	false
CARRNAREYSSSSASGYYYYYGMDVW	1	-1	false
CARDKSNYSSSSRYYYMDVW	2	-1	false
CARDHSYCSSTSCYRENYYYYMDVW	1	-1	false
CARDFQYCSSTSCYEDWFDPW	1	-1	false
CARELYYDFWSGNPNNWFDPW	1	-1	false
CARDSVAVPPDYFDYW	1	-1	false
CARGGLGVIDYW	2	-1	false
CARGYGDYFPDYYYMDVW	1	-1	false
CARVFDDYSLNYW	2	-1	false
CARQRSITIFGVVTDAFDIW	2	5	false
CARESYDFWSGYGIDAFDIW	1	-1	false
CARGNFGVVIGRDNWFDPW	2	-1	false
CASTYCSSTSCNTVLWGSFDYW	1	-1	false
CASGDYSSSSPFDTYYMDVW	1	-1	false
CATVVYSSGWSQRPQYYFDYW	1	-1	false
CARENCSSTSCYTGMDVW	1	-1	false
CARDSAAAGAGW	1	-1	false
CAILVATKLGYW	1	-1	false
CASATAHSTTGPRPAFDIW	1	-1	false
CATHLQYAPFDYW	1	-1	false
CARDQTNVPAAISAYYYYYMDVW	1	-1	false
CARDQDCSSTSCYVSASTDAFDIW	1	-1	false
CARDMERAVPGRRDYW	1	-1	false
CARDSGKKSDYW	1	-1	false
CASGVGVVVPAAMTSSYYYYMDVW	1	-1	false
CATRAEYSSSPAPIDIW	2	-1	false
CAAYDYVWGSYRFCFDYW	1	-1	false
CATLTGDW	2	-1	false
CATVMEVGATTYFDYW	1	-1	false
CATGGRVVYYGMDVW	2	-1	false
CARVRVYYYGSGREIKFDYW	1	-1	false
CAKDLTASLLCCYMDVW	2	-1	false
CARRLVGDCSGGSCYPGGYFDYW	1	-1	false
CARESEIPREVISYSSGWYFDYW	1	-1	false
CARSYSSSWYRDLDPW	1	-1	false
CARGAGITGTTDGPEPLYGMDVW	1	-1	false
CARGPPYYMDVW	1	-1	false
CARGPYYYYYGMDVW	1	16	false
CARDCRKYSSSRGCMDVW	1	-1	false
CAREVVPAGMDVW	1	-1	false
CARSAVAGTDGMDVW	1	-1	false
CARDSVRLGIIGLFYYYMDVW	1	-1	false
CTRSQGIAVAAIDYW	1	-1	false
CTRKGEGGLNYYYYYMDVW	1	-1	false
CTRDRVEINDYGDYGDYYYYYMDVW	2	-1	false
CTGVLEWSFRPVRFDYW	1	-1	false
CTSAIFGVVIAYFDYW	1	-1	false
CTRIGVGDCSSTSCYDIGYYYYYYMDVW	1	-1	false
CTRDFFEDYGDQEREDWFDPW	1	-1	false
CTREGVAARTVNDYW	1	-1	false
CTRDGRGYYDFWSGYSDAFDIW	1	7	false
CTRVKGPVPAAISIDYW	2	-1	false
CTRGVSPIWSGYYYYYYYMDVW	1	-1	false
CTRGPVVIIPPDVW	1	-1	false
CTTASKWGVPFDYW	1	-1	false
CARDGWDFWSGYSL	1	-1	false
CARDGDDFWSGYYSWELRYYFDYW	1	-1	false
CARALLRYYDFWSGYSIGMDVW	1	-1	false
CAREDGFLEWLHFDYW	1	-1	false
CARVEGIAAGTTTIQPDWYFDLW	2	-1	false
CARIQVDGGYVVWFDPW	1	-1	false
CARDTHLITTPLDYW	1	-1	false
CASFPDSLRGGFDPW	1	-1	false
CAKAVSQKRVNWFDPW	1	-1	false
CAKAIPAALGGGGYDPYFDYW	1	-1	false
CAKGREWLRFSAVAPKTQTLGMDVW	1	-1	false
CAKADIVVVPAAIDYW	1	-1	false
CAKRDAGWFDPW	1	-1	false
CGCGYYYLDAFDIW	1	-1	false
CAKVSPTYDYVWGKGLDYW	1	-1	false
CAKVDIVVVVAATDYW	1	-1	false
CAKVVGYCSSTSCYIRYGYDYW	1	-1	false
CAKVAAMDIVVVPADYW	1	-1	false
CAKVKSVVIDRSGDYFDYW	1	-1	false
CAKVLAKYFVDTAMEPHYYFDYW	1	-1	false
CAKVRSEFVGPAAQTLFDYW	1	-1	false
CAKVLTYYDFWSGPDDW	1	-1	false
CAKVGIVVVPSAGMDVW	1	-1	false
CAKVGGTVIVVVPAAHQAFDIW	1	-1	false
CAKAPAVVTAISSWFDPW	3	-1	false
CAKAPPPRYAAGGARYYYYYMDVW	1	-1	false
CAKAPPMKIAVDYW	2	-1	false
CAKALDYGDYSSGAFDIW	1	-1	false
CAKAKYDFWSGPL	1	-1	false
CAKAGDYDFWSGDDYYYYYMDVW	1	-1	false
CAKAGYCSSTSCYAYFDYW	1	-1	false
CAKAGSLGYCSSTSCSNYYYYGMDVW	1	-1	false
CAKAHRIVVVPAAITQW	1	-1	false
CAKEAYGSGSYYPHFDYW	1	-1	false
CAKEGRYYYYYGMDVW	1	-1	false
CAKEGFMTTVTTPLNWYFDLW	2	-1	false
CAKESGVVPAVPPDAFDIW	1	-1	false
CAKDHPDIVVVPAATWIPGYFDYW	1	-1	false
CAKDLVVAYYGSGTGRKQFDYW	1	-1	false
CAKDLQPDILTGFLDYMDVW	1	-1	false
CAKDLRFGWPNNWFDPW	1	-1	false
CAKDLTVVVRGSHFDPW	1	-1	false
CATMVQGRGPW	2	-1	false
CATGTTLRTSYSGSYYDGGNDYW	1	-1	false
CATFGYSYGTDIDYW	1	-1	false
CAKDRALYYYGSGSYSYYGMDVW	1	-1	false
CAKVSHPRSSRHYYYYMDVW	1	-1	false
CALGPTLGSPVVQGVM	1	-1	false
CAKSPDILTGRYWYFDLW	1	-1	false
CAKEGNRFLEWLYLDAFDIW	1	-1	false
CAKDTVTGVVVIMSPTFDYW	1	-1	false
CAKDIGREDGCYGMDVW	1	-1	false
CAKAADHFDYW	1	-1	false
CAKEGVLVVVPAAYMDVW	2	-1	false
CAKDISTSGSYYGGFHW	1	-1	false
CARGSSSAVAGEFDYW	1	-1	false
CAKDRIAVAGTSLDYW	1	-1	false
CARERARDGYCSGGSCTRGSYYMDVW	1	-1	false
CARGLGRWLPSNWFDPW	1	-1	false
CASPYREGSSYDFWSGLNYYYYGMDVW	2	-1	false
CARDHYYYDSSGYYDYW	1	15	false
CISGVGPQWYDSSIGGDYW	1	-1	false
CAKDQYNGSYPKELYYYYYYGMDVW	1	-1	false
CAREYYDYVWGSYRSYYFDYW	1	12	true
CTTGITIFRPPYYYYYGMDVW	1	-1	false
CARDLQRSGWYGDYYYYGLDVW	1	-1	false
CARSGQGDYYYYYMDVW	1	-1	false
CARDFYYDSSGPLTAGDYW	1	-1	false
CARGGIAVADIYYYYGMDVW	1	-1	false
CAKTPNPGHRDYSNYWWFDPW	1	-1	false
CATAEYLAARRGPSEPDYW	1	-1	false
CARGSSGELRYFDWLWDYGQLGFDYW	1	-1	false
CARGGLLIDVDYW	1	-1	false
CARDPFHFARIYYDSSGYLNVAPVYW	1	-1	false
CARDGYYYDSSGYNYYFDYW	1	-1	false
CARDRRWEQQQPWRYW	1	-1	false
CARDRASSSRDYYYGMDVW	1	-1	false
CARDYTKGFLEWLLSMDVW	1	-1	false
CARDSGGLYYGMDVW	1	-1	false
CAREGDSSGQYFDYW	1	-1	false
CARESPLVEYHFDYW	1	-1	false
CASQRITMVRGVPKGMDVW	1	-1	false
CARDPDPYCSSTSCYSFRYIFPKNDYW	1	-1	false
CARDVSLTGVLPAEPDVAYYYGMDVW	1	-1	false
CARDVAIFGVVNFGPDSVEENDAFDIW	1	-1	false
CARGAAAGNYYYYGMDVW	1	-1	false
CARDRLVVVPAAISYYMDVW	1	-1	false
CARDEYAPTPEIFMITFGGVIGSIDYW	1	-1	false
CARGITIFGVVNADPFDIW	1	-1	false
CARGPPYYDFWSGYSATDYYMDVW	1	-1	false
CAKDRRIVVVPAAIVYYYGMDVW	1	-1	false
CAKDPKRIQLWLSLTFDYW	1	-1	false
CAKDVVVGAGSGW	1	-1	false
CAKDEERITMVRGVDGVYW	1	-1	false
CAKEGYDFWSDSKPHFDYW	1	-1	false
CATDPQSRYGSGSYYYYYYGMDVW	1	-1	false
CARGGVTVTTGWFDPW	1	-1	false
CARGFTVTTPRLFGYW	1	-1	false
CARGIAARPGFHGYW	1	-1	false
CARGAPFLEWLSIDAFDIW	1	-1	false
CARDFTNSRYCSSTSCYAFDYW	1	-1	false
CARELRFLEWDDINWFDPW	1	-1	false
CARDGTGIQLWSYYYYYYMDVW	1	-1	false
CARVSPLYCSGGSCSIPIFDYW	1	-1	false
CARAGGYYYYYMDVW	1	16	false
CASQLGREVPGYYYMDVW	1	-1	false
CASNSSGWYGSAFDIW	1	-1	false
CARTTAMEDYFDYW	2	-1	false
CVANVQVAGGNEGETW	1	-1	false
CARDYYYWGGTTLAEWAATNWFDPW	1	-1	false
CARDQGGCSGGSCYGVYGMDVW	1	-1	false
CARDRDSSGYWVFDYW	1	-1	false
CARDPDFSPLLTQYYDSSGYYVGADYW	1	-1	false
CARDNPAYCGGDCYSDIYLDYW	1	2	false
CARDFFSRQQLVPEEEYNWFDPW	1	-1	false
CARESITMVRESFDYW	1	-1	false
CAREKVATRSFDYW	1	-1	false
CARDDYLTYDYVWGSYYYW	1	-1	false
CARARGHRTNDYW	1	-1	false
CARAPYSSSPPFGAW	1	-1	false
CARVAIYSLIPPIVVRPGAFDIW	2	-1	false
CARVVRDYDFWSGYQRPAEYFDYW	1	-1	false
CATGVSGRRSGAFDIW	2	-1	false
CATDRGSSGPW	1	-1	false
CATVRVAGEPYFDYW	1	-1	false
CATARFLAPLLQEYYFDYW	1	-1	false
CATSAVPAAPYYYYYYMDVW	1	-1	false
CARGVISWFDPW	1	-1	false
CARIHTLMLDYGDYEENWFDPW	2	-1	false
CALENYDPRGSQNYYYYYYMDVW	1	-1	false
CARIRRQWLVFSIKKPYYFDYW	1	-1	false
CARIRMVYSSSQLGYYYYMDVW	1	-1	false
CARIRSSWAYFDYW	1	-1	false
CARINQVLLRDGSVEQLWSYANFDYW	1	-1	false
CARRHSYSSKIDFW	1	-1	false
CARIPRQVTTFPPAQNYYYYGMDVW	1	-1	false
CARIRGTNYGDYGAQPNDAFDIW	1	-1	false
CARDPLYCSGGSCYSPPRPNFDYW	2	-1	false
CAREGRFLEWRDAFDIW	1	-1	false
CARDYSGSYGIYYGMDVW	1	-1	false
CARVPHETFITGTTFYYGMDVW	1	-1	false
CARDPYDYGGYGFDYW	1	-1	false
CARDGFVVDENQGFDYW	1	-1	false
CARDHVGQQWLQRGGWFDPW	1	-1	false
CARDRLGGYNWNSDAFDIW	1	-1	false
CARDLGYCSSTSCYGYFDYW	1	-1	false
CARDRTIFGVVIGYGMDVW	1	-1	false
CARDRAFRTISLGEYYFDYW	1	-1	false
CARDGTRRMRFAARSSFGMDVW	1	-1	false
CARDGGWIQLWLEYYFDYW	1	-1	false
CARDEGDIVVVPAANRGIKYW	1	-1	false
CARDCASRYYGMDVW	1	-1	false
CARETLVVYAHRLTADYYMDVW	1	-1	false
CARESYGTYYFDYW	1	-1	false
CAREARVEKYSSGWFYFDYW	2	-1	false
CARDFELGGRPLDYW	1	-1	false
CARGHGGLVGWFDPW	1	-1	false
CARGISVWEAPFDYW	2	-1	false
CARGAVLQWLGNFDYW	1	-1	false
CARGSPNEWDDAFDIW	1	-1	false
CARGGGPLWFRELFPSYYYYYMDVW	1	-1	false
CARVPTETRITIFGVVMEGGAFDYW	1	-1	false
CARVYGSSSSPLYYYYYMDVW	1	-1	false
CARVEYSYGYTTNFDYW	1	-1	false
CARVIGLLRFLEWLRSDYYFDYW	1	-1	false
CARAVGSTSPYYMDVW	1	-1	false
CARSVPSDYW	1	-1	false
CARCSTSCYLGYYGMDVW	1	-1	false
CARHFREPSLWFDPW	1	-1	false
CARENAYYDILTGYYYYYYMDVW	1	-1	false
CARDTPYYYMDVW	1	-1	false
CAKGYNWNYFDYW	1	-1	false
CATPSDWRFDYW	1	-1	false
CASVGCSGGSCSFGGWFDPW	1	-1	false
CARTAPYQVFWSGFRRNWYFDLW	1	-1	false
CAREFDTVTTRWFGSGPAAEYFQHW	1	-1	false
CARDRGGPYYDFWSGYSDYYYYMDVW	1	-1	false
CARDPELELRHWYFDLW	1	-1	false
CARDHYDFWSGYLDYW	1	-1	false
CARERNDVPENDAFDIW	1	-1	false
CAKDRYLGVVIRYYYYMDVW	1	-1	false
CAKDRGYCSSTSCYAFWFDPW	1	-1	false
CAKDRRAAPSSWFDPW	1	-1	false
CAKDRIEYQHEYYMDVW	4	-1	false
CAKDRGTTIFGVVTNDYW	1	-1	false
CAKDRVTMIVVDIDYW	1	-1	false
CAKDRGANYDFWSGSYDAFDIW	1	-1	false
CAKDRREAAAADSWYYYGMDVW	1	-1	false
CAKDPRSSTSCARCLPNWFDPW	1	-1	false
CAKDPLIVPAASAEGAEGRMDVW	1	-1	false
CAKDAVAVGHLKKRDDYW	1	-1	false
CAKDAYPGSYYYYGMDVW	1	-1	false
CAKDELRFLEWLSREAAFDIW	1	-1	false
CAKDGIFGVNWNDVLDWFDPW	1	-1	false
CAKDGYGSGSSSFDYW	1	-1	false
CAKDGLGYCTNGVCYFQESRDWFDPW	1	-1	false
CAKDGYCSSTSCSKPYYYYGMDVW	1	-1	false
CAKDVALFTLGMDVW	1	-1	false
CAKDVSRRDCTGGVCFFDYW	1	-1	false
CAKDIAAAGSDYW	1	-1	false
CAKDRNDCSSTSCYASYFDYW	1	-1	false
CAKDTAMGGRDYW	1	-1	false
CAKDKAEGYCSSTSCRYYYYYYYMDVW	1	-1	false
CAKDKGAIQCSDYW	1	-1	false
CAKDKGLAGATTMNYW	1	-1	false
CAKDKGSGYPKNFDYW	1	-1	false
CAKDWWEIDYW	1	-1	false
CAKDSDIVVVPAAIHGDLSSW	1	-1	false
CAKDLSYRDHAFDIW	1	-1	false
CAKDLYSYGTFYGYW	1	-1	false
CAKDLDGVVLTDDYW	1	-1	false
CAKDYRSGYCSSTSCYGGPGDDAFDIW	1	-1	false
CAKDYDFWSGTIGGFDYW	1	-1	false
CAKDSSCIAVAGTRGCYYYGMDVW	1	-1	false
CAKDRYYDSTDAFDIW	1	-1	false
CAKDLSITSRDAFDIW	4	-1	false
CAKDLYDSSGYYDDAFDIW	1	-1	false
CARAYSSSWYVPYYYYMDVW	2	-1	false
CARGRTIFGVVDPLLFGYW	1	-1	false
CASGGSSRYYDILTGYPYYGMDVW	1	-1	false
CARLNWTFGGVFERYFDLW	1	-1	false
CSSSLFYYYYMDVW	1	-1	false
CARGGRVWSGSRTYNWFDPW	1	-1	false
CARVVYYDFWSGYYMDYW	1	-1	false
CAKASTVTTIGDYYGMDVW	1	-1	false
CARDGYCSSTSCYMFDYW	2	-1	false
CARGHRYSSGWYSFFTNLNFDYW	1	-1	false
CARTHGSPAGKGKNWFDPW	1	-1	false
CARSSVRWPDYW	1	-1	false
CARGLRASYYDFWSGYSYYYYYYMDVW	2	16	false
CARRSCSSTSCYAAYW	1	-1	false
CAKDRQYCSSTSCPHPTYYYYYYGMDVW	2	-1	false
CARGRQQLVASNIRKYYYYYYGMDVW	2	-1	false
CARGYCSSTSCLYNWFDPW	1	-1	false
CARVARHLVVVVPAAMINAFDIW	2	-1	false
CARGRYAYYYGSGSYYKAENDYW	2	-1	false
CARVGRRSITIFGVVTENLYYMDVW	1	-1	false
CARVVGYAVGPW	1	-1	false
CARRRPLRGGYYYYGMDVW	1	-1	false
CAKPYYDFWSGYLCPFDPW	1	-1	false
CARSTMTGGLDAFDIW	1	-1	false
CARGRAYGSGSYYKRRRGYDAFDIW	2	-1	false
CAREWLDCSSTSCYVLGQEYYFDYW	1	-1	false
CAKGLAGYFDYW	1	-1	false
CARGTHCSSTSCANDYW	1	-1	false
CRTYRYDSSGYYYDDYW	1	-1	false
CASPKVGYYYGMDVW	1	-1	false
CAKDGGLRLGELLHITDYW	1	-1	false
CAKDGRYCSSTSCYRGGYYYYGMDVW	1	-1	false
CAKDGGFLRYYYGMDVW	1	-1	false
CAKDRGVLWFGEIYGMDVW	1	-1	false
CAKDRSHFTMIVVFSET	1	-1	false
CAKDRDRYDSSGYFDYW	1	-1	false
CAKDPNPSRYYYYGMDVW	1	-1	false
CAKDPSTSRYYYYGMDVW	1	-1	false
CAKDITIFGVVTYGMDVW	1	-1	false
CAKDIRITGRSGAGPYYYYYGMDVW	1	-1	false
CAKDIYMVRGVSDYW	1	-1	false
CAKDTELLGYDYW	1	-1	false
CAKDLDTRINWFDPW	1	-1	false
CAKDWTDSSGWYGAFHW	1	-1	false
CAKDSRLRGVFDYW	2	-1	false
CAKEVGWLFGHPGITGTAAGMDVW	1	-1	false
CAKEDPAGSLWWGYYYYGMDVW	1	-1	false
CAKEGWYSGSYRGDYW	1	-1	false
CAKEMVDTSVSSLEGQQLGYW	1	-1	false
CAKEMATIVGFDYW	1	-1	false
CAKEVQWLASLYYFDYW	1	-1	false
CAKEVSEHNPGYSYGFYFDYW	1	-1	false
CAKAYCSSTSCPGDFDYW	1	-1	false
CAKASSNYYDSSGPTYYFDYW	1	-1	false
CAKGYYYDSSPQTDW	1	-1	false
CAKGRRRYSYGSNYGMDVW	1	-1	false
CAKGTTVVTLVRFPALNYW	1	-1	false
CAKGGGRASAGYSRFLEWLLYAFDIW	1	-1	false
CAKGGGDGYSPFSYW	1	-1	false
CAKVKYLGGMDVW	1	-1	false
CAKVYDSSGYYSRGGTSDYW	2	-1	false
CAKVPRYSSGWTIDYW	1	-1	false
CAKVRYGGNYTPYYYYYGMDVW	1	-1	false
CAKFPDDAFDIW	1	-1	false
CAKRDCGGDCYSNDYYYGMDVW	1	-1	false
CASWYNWNYGEDYGMDVW	1	-1	false
CAKVKGAAAGYYYYYGMDVW	1	-1	false
CAKDLSPVVPEEDYYYYGMDVW	1	-1	false
CARVKSWGMEGWDYYYGMDVW	1	-1	false
CARVNWNYGNWFDPW	1	-1	false
CARVVITGQAKKISGPEFDPW	1	-1	false
CARGGVWSGYYAKGDYW	1	-1	false
CARGRYYGSGFDYW	2	-1	false
CARGGEVWRDDFWSGDHYW	1	-1	false
CARGEGPSEDYYDSSGYYYVGWFDPW	1	-1	false
CARFGTSIYDYW	1	-1	false
CARWLGYCSSTSCSYYYYGMDVW	1	-1	false
CARSGVVVAAGEFDYW	1	-1	false
CAREWELLHSENSNLIHHYNWFDPW	1	-1	false
CAREYRDFWSGYNYYYYMDVW	1	-1	false
CARVVPSIAARPRGNWFDPW	1	-1	false
CARGQRDYW	1	-1	false
CASQGGW	1	-1	false
CAVPAEGMDVW	1	-1	false
CALAQGAGTLYYYYYMDVW	2	-1	false
CALYYYDSSGSAYYYYGMDVW	1	-1	false
CARGNEGCTGGVCSSNNYYYYYMDVW	1	-1	false
CARGYSSGWYPWADYW	1	-1	false
CARGRGGALERITMIVVVITTPRKYPNWYFDLW	1	-1	false
CARGRVGYYDSSGYYWVFRSTSLDAFDIW	1	-1	false
CARGHYSGSYYLPYYYYGMDVW	1	-1	false
CARGPLYSYGLYFYLAIWMDVW	1	-1	false
CARGLITVSWYYKYAFDIW	2	-1	false
CARGVVYGDYSWYYYYYMDVW	1	-1	false
CARGEQLSTWDCSGGSCYSLYYGMDVW	1	-1	false
CARDLSQWLVPGHFDYW	1	-1	false
CARDPHYYDSSGLGYW	1	-1	false
CARDQGSSSSDFDYW	1	-1	false
CARDDMEWLFRYYYYGMDVW	1	-1	false
CARDEAWQGGYDSNYYFDYW	1	-1	false
CARDGKRPGMGELPLGAYW	1	-1	false
CARDATDYYYDSSGYYSPTRYYYGMDVW	1	-1	false
CARDIFPQQGVAAVYW	1	-1	false
CARDLTVVVPAAMPGLDAFDIW	1	-1	false
CARDWFYVDGSGTSNYYYGMDVW	1	-1	false
CARESGRMYNWNQPTGLYGMDVW	1	-1	false
CAREGASSQELYYYYGMDVW	2	-1	false
CARGGPGYYDSSGKGGGAFDIW	1	-1	false
CARGRCSSTSCYDSHYYYYMDVW	1	-1	false
CARGGPAIAARRRLLFDYW	1	-1	false
CARVTGGEVLNKGMDVW	1	-1	false
CARVASIFDFWSGYPIDYW	1	-1	false
CARVRQPYYDILTSWYFDYW	1	-1	false
CARVPETYYDFSDRENYYYYMDVW	1	-1	false
CARVEYSSNAFDIW	1	-1	false
CARAPPKDYCSSTSCRHYYFDYW	1	-1	false
CARWWLGFLEWLSIKNYYYYGMDVW	1	-1	false
CARFNYDFWSGYHYYYYGMDVW	1	-1	false
CARLRGWEDIVVVPAAMIPEYYYYMDVW	1	-1	false
CARSSGWPANWFDPW	1	-1	false
CARTSNPGNLGYSSGWYLWRGHTPDYW	1	-1	false
CARDIEWFDPW	1	-1	false
CARALSYVDCSSTSCYGGGYW	1	-1	false
CARAAGYSSGAYFDYW	1	-1	false
CLTTDTATNYYMDVW	1	-1	false
CASALPTRFFRGYCSSTSCHGDAFDIW	1	-1	false
CARDSRYCSGGSCYSSPFDYW	1	-1	false
CARTTTIFGVVTFYYYYMDVW	1	-1	false
CARKSTPNYRIDFDIW	1	-1	false
CARSITIFGVAYYYMDVW	1	5	false
CAREGFSPDKLGYCSSTSCYAS	1	-1	false
CTRELTPTVTFDYW	2	-1	false
CARGMANNWFDPW	1	-1	false
CARGRGRGNYFDYW	1	-1	false
CARLLHYDFWSGYYTAEAFDIW	1	-1	false
CARVVYYGMDVW	1	-1	false
CARGGGICSGGSCYAPQPYNWFDPW	1	-1	false
CARDGGYDFWSGYYFTGKLKQGNWFDPW	1	-1	false
CATYAASGSYLNVYW	1	-1	false
CARDGGIVVVTEPYWFDPW	1	-1	false
CARDWRPSYGDYAGGSEKIDYW	1	-1	false
CARVPMGDPYYYDSSGYYYSALRPVGGANDYW	1	-1	false
CARVLFGYCSSTSCYIKEDYYYYYMDVW	1	-1	false
CARAVTLRYFEGYYMDVW	1	-1	false
CARDGEYCSSTSCYVAYW	1	-1	false
CARESCSSTSCYYSYYYYYMDVW	1	-1	false
CARDREWELLPENDAFDIW	1	-1	false
CARDRLIQWELLVHNWFDPW	1	-1	false
CARDRAVVVPAAILTAFAENYYYYGMDVW	1	-1	false
CARDRGGYDFWSGYYADYW	1	-1	false
CARDRYDSSGYHWFDPW	1	-1	false
CARDRSLRRVPAAKYYYYMDVW	1	-1	false
CARDRFIFHGSGPPRENYYYYGMDVW	1	-1	false
CARDPHYDFWSGYEHDYPDYW	1	-1	false
CARDPHLSWNYW	1	-1	false
CARDPRYSSSWSFDYW	1	-1	false
CARDPGTVAGNW	1	-1	false
CARDLGVLRFLEWFEGGYYYYYGMDVW	1	-1	false
CAKDGAGMATHSWGYFDLW	1	-1	false
CAKDGPGSSSRGSFDYW	1	-1	false
CAKEGGYYYDSSGYFGYW	1	-1	false
CAKEPAYYGSGSYDYW	1	-1	false
CAKEPTPPLGAIDYW	1	-1	false
CAKGKYRYCSSTSCYANFDYW	1	-1	false
CAKGADYDFWSGLFDYW	1	-1	false
CAKGASSGSYLLYYFDYW	1	-1	false
CAKGGGYCSSTSCYIKELYYFDYW	1	-1	false
CAKGEYQLLNW	1	-1	false
CAKGWGLVIIRTPAFDYW	1	-1	false
CAKGWSRLFDYW	1	-1	false
CAKGPWLFDGSARRPLDYW	1	-1	false
CAKGLVPAALSYYYYYYMDVW	1	-1	false
CAKGNLAAAAQFDYW	2	-1	false
CAKGMVEGDYVIVALVGYYYYGMDVW	1	-1	false
CAKGKGGRFLEWTNNWFDPW	1	-1	false
CAKGNIAAALGVGEHPGFQYGMDVW	1	-1	false
CAKGVTYYDFWSGYYYFDYW	1	-1	false
CAKGPMVGGYSYGYTPLYYYGMDVW	1	-1	false
CAKPGDRSSHDFWSAQWAFDIW	1	-1	false
CAKPPNTELGYCSSTSCYLVHW	1	-1	false
CAKPLWFGEFSEGMDVW	1	-1	false
CAKRRAAATDYW	1	-1	false
CAKQDPNYDFWSGYLTNIDYW	1	-1	false
CAKQRHIVVVPAAIGYW	1	-1	false
CAKHSGWNYEGSVRLRPRNFDYW	1	-1	false
CAKSYCSGGSCYFIPARYYYYGMDVW	1	-1	false
CAKSLDVAVAVPGFDYW	1	-1	false
CAKRGRLDTPLDYW	1	-1	false
CAKRGTTGTSGQYYFDYW	1	-1	false
CAKRQDREYSNHFDYW	1	-1	false
CAKNNLVMITFGGVIHNLQGDKIGLNFDYW	1	-1	false
CAKNTARGVAGTEWYFDLW	1	-1	false
CAKTYYYDSSGLSYMDVW	1	-1	false
CARGPDIVVIPAAMSSPPSGGMDVW	1	-1	false
CATFAIYNYYYMDVW	1	-1	false
CARLGYCSGGSCAKLRDYW	1	-1	false
CARGRYCSSTSCYPPHGSRRYYYMDVW	1	-1	false
CSGRADPTVTTQSFDYW	1	-1	false
CARGQSREWSRYRNNWFDPW	2	-1	false
CARGQRGYYYYYYMDVW	2	16	false
CARGRVFWSGYYSPDYYYYYMDVW	2	-1	false
CARGRRIAVAGTWGGYYYYMDVW	1	-1	false
CARGRSEVATTVRGFYYYYYYMDVW	1	-1	false
CARGRYSSGWYSWFDPW	1	-1	false
CARGRNFYYGSGSQPRAFDYW	2	-1	false
CARGRSEAVNYYYYYMDVW	1	-1	false
CARGREYQLMNYYMDVW	1	-1	false
CARGRGPQLRYYYYYYMDVW	1	-1	false
CARGRVVVRGARAYYYYMDVW	1	-1	false
CARGPGIVVVPAAMSGGLPDYYYYMDVW	1	-1	false
CARGLRRYSSDKVWFDPW	1	-1	false
CARGLVVVPAAKRVDTAMGYYYYYGMDVW	1	-1	false
CARGLGDGYSYGLIGTNYFDYW	1	-1	false
CARGLASGYDPPAHFDYW	2	-1	false
CARGLAPNGKSNYFDYW	1	-1	false
CARGLGCSSTSCYFSGEW	1	-1	false
CARGLPYRYYGSGSYYNPGLARYYGMDVW	1	-1	false
CARGVEWDIVVVPAAKGDFDYW	2	-1	false
CARGVGRYCSSTSCYSYYYYYMDVW	1	16	false
CARGVGLPRYCSSTSCYAGWFDPW	1	-1	false
CARGGIQRNYYYYYMDVW	1	-1	false
CARGGGVTTFRRRRYAFDIW	1	-1	false
CARGGGYCSSTSCYTDFDYW	1	-1	false
CAKSWGRPYTAPTPGVDYW	1	-1	false
CAIVVSSSSPNGMDVW	1	-1	false
CAKDLEWEPKLGGLDVW	1	-1	false
CAKVPVDYYDSSGSPAYW	1	-1	false
CARERRVSSFRYYYYYYMDVW	1	-1	false
CARERGLSYYYDSSGYFRDAFDIW	1	-1	false
CARGLWFGELPRIYYFDYW	2	-1	false
CARGCSSTSCQGGMDVW	1	-1	false
CARAFRSSGWYIDYW	1	-1	false
CARGGISSRYCSSTSCHYGMDVW	1	-1	false
CARGSWGPAGKTYGDYGIGYW	2	-1	false
CARGPVPAAIDYW	1	-1	false
CARGKIDGYYYFDYW	1	-1	false
CARDSLGEVLRFLEWLSLGPWFDPW	1	-1	false
CARDLGGFDYW	1	-1	false
CARDPKRFLEWFGTLSRKPYYYYGMDVW	1	-1	false
CARDETPRPVNYGDYSVRYW	1	-1	false
CARDDDSSGYYDYW	1	-1	false
CARDKRVGPDYGGKIFYYYYGMDVW	1	-1	false
CARDMFPRIAVSLPAADIW	1	-1	false
CARDSGDSSGYYYVFYFDYW	1	-1	false
CAREMSGIAAAGNDYYYYGMDVW	2	-1	false
CAREFRIAAAGYYYYGMDVW	1	-1	false
CAREVLRYFDWSRPRFDPW	1	-1	false
CAREFPPIPDDSIAAAAHIHFDYW	1	-1	false
CARAYVGSDDSSGYYYWHGMDVW	1	-1	false
CARAPTPAMVRGVVKAGYYYYGMDVW	1	-1	false
CARVYSSGWDTYYYYGMDVW	1	-1	false
CARVRLQLWLLGPFDYW	1	-1	false
CARPKYSSGWYGDLDYW	1	-1	false
CARGAPFNYYDSSLKIDYW	1	-1	false
CARGGGIAVAGGDYW	1	10	false
CARGSSRAAARLEMDVW	2	-1	false
CARGYWGRVAGPGVDYW	1	-1	false
CARGKMSRIVVVPAAIPENDYW	1	-1	false
CARGSYCSSTSCYRGSVVYW	1	-1	false
CARGTNVGFDYW	1	-1	false
CARGSYYYMDVW	1	16	false
CARALNILTGYYNPTDYYYYYYGMDVW	1	-1	false
CARDCSSTSCYLSYYGMDVW	1	-1	false
CARDYYDFWSGYFDLHTKTYNWFDPW	1	-1	false
CARESEGGYCSSTSCSRDAFDIW	1	-1	false
CAREVGYRFDPW	1	-1	false
CARVPKRVVPAAMEGAFDIW	1	-1	false
CARVVPAARSPGYYYYMDVW	2	-1	false
CARVSGYSGYDYYYYYMDVW	1	16	false
CARVGDYEGDLDYW	1	-1	false
CARSYDILTGYYPEYYYYGMDVW	1	-1	false
CARFTAGTTEYYYYYYGMDVW	1	-1	false
CARWSAADTYYYYGMDVW	1	-1	false
CARTYCSSTSCYEGNSWFDPW	1	-1	false
CARSKTKYCSSTSCYVRRAFDIW	1	-1	false
CARPPRKYYDFWSGPVNWFDPW	1	-1	false
CARRWLRRLTDRNWFDPW	1	-1	false
CARRGKDYDFWSGYFGRYYYYYMDVW	1	-1	false
CARVSSYYDFWGYYYYMDVW	1	-1	false
CAREPYSLYYYYYYMDVW	1	-1	false
CATHIVATITVDYW	1	-1	false
CATRYFDWLLYDYYYMDVW	1	-1	false
CAGDPGVW	1	-1	false
CARAGSAGCSSTSCYDPFDYW	1	-1	false
CARSSTSCTPGCWFDPW	1	-1	false
CARTTIRDADSSGYYRTPDYW	1	-1	false
CAMVQAGGSEYYYYMDVW	1	-1	false
CATLRDYGDSTFDYW	1	-1	false
CARSSIAARPYYYYYGMDVW	1	-1	false
CAGSIAALSSW	1	-1	false
CARDPYYDFWSGYYRSDYNWFDPW	1	-1	false
CAREDIGDDYVWGSYRTTDYFDYW	1	-1	false
CARGEDSSGWYDGPPYYYGMDVW	1	-1	false
CARGVVPAAMQAGYYYYYMDVW	1	-1	false
CARVSSSWVNWFDPW	1	-1	false
CARGLYRQYQLLTGHYYGMDVW	1	-1	false
CARDSQLALEKKMDVW	1	-1	false
CARRMTPLFDYW	1	-1	false
CAQSSSTSSRGQTIDFW	1	-1	false
CAHNLPEILDGDYYGGYFDYW	1	-1	false
CAHRRHQLLLNNWFDPW	1	-1	false
CAHRLLGNWFDPW	1	-1	false
CAHRRGDYVWGSYRYSGYFDYW	1	-1	false
CAHTSTTIFGVAHYKGVWFDPW	1	-1	false
CAHAVVSIITGSPRGYYFDYW	1	-1	false
CAHRRGVVVPAVNNWFDPW	1	-1	false
CAHRRGCSSTSCYDDAFDIW	1	-1	false
CAHRLGYCSGGSCYSSSEYFQHW	1	-1	false
CAHRWRQQLLFDYW	1	-1	false
CAHSRSSITIFGVVIPYFDYW	1	-1	false
CAHSTGFWSGYYTFGLFDYW	1	-1	false
CAHSTLAVAGTW	1	-1	false
CAHSTIFGAAEYFQHW	1	-1	false
CAHSDDFWSGPYDYW	2	-1	false
CARDLDMVNFDYW	1	-1	false
CARDQWQEQWLVQSVADWFDPW	1	-1	false
CARDQDIVVVPAAMQPEFDYW	1	-1	false
CARDFMGRGEHYDFWSGSERAGPDYW	1	-1	false
CARDLESSSTSPGFDPW	1	-1	false
CARDLAEYYDFWSGYSDAFDIW	1	7	true
CARDLSVAGSLDYW	1	-1	false
CARDLESWGSGSYYTSFDYW	1	-1	false
CARDLSGYSYGYVYYW	3	-1	false
CARDSVVVVPAARINWFDPW	1	-1	false
CARDVGYYDSSGYYGGYYYYYGMDVW	1	16	false
CARDGQAYCGGDCYSRYW	1	2	false
CARDGDITIFGVVMHYYYYYMDVW	1	-1	false
CARDGTSCSIW	1	-1	false
CARDGSSVNWFDPW	2	-1	false
CARDASEGKIW	1	-1	false
CARDNWTQAQNFDYW	1	-1	false
CARDTYYDFWSGYYTPPKRKYYYYYYGMDVW	1	-1	false
CARDSEVPAAMLRGIDAFDIW	1	-1	false
CARDITMVQGGGAFDIW	1	-1	false
CARDPSAGQKRLVGGYW	1	-1	false
CARDPRSGIGVVW	1	-1	false
CARDPLLHDYFLW	1	-1	false
CAREGHSSSWGIDYW	1	-1	false
CAREAVISYHYFDYW	1	-1	false
CARELGPLDCSGGSCYSSFLYYYYGMDVW	1	-1	false
CARGKYRFDYW	1	-1	false
CARGSPRGVTTFGQFDYW	1	-1	false
CARGWKSRYYYYGMDVW	1	-1	false
CARGDTAMVPEGYYYYGMDVW	1	-1	false
CARGGYTVTTYFDYW	1	-1	false
CARVAGTTPYDDAFDIW	1	-1	false
CAKTPTMVRGMVFDYW	1	-1	false
CAKTSRGQLWFGRRYFQHW	1	-1	false
CAKWWGVAVAGAFLDFDYW	1	-1	false
CAKSADYSNRYYYYYYMDVW	1	-1	false
CAKFSDNNIVVITPLDYW	2	-1	false
CAKLGGALIQLWLGRGGYGMDVW	1	-1	false
CAKFVSWEPTDAFDIW	1	-1	false
CAKEVAATPYYYYYGMDVW	1	-1	false
CAKGPPGRSITIFGAHDDRWFDPW	1	-1	false
CAKGYYDFWSGYYADDYW	1	-1	false
CAKGGHDPW	1	-1	false
CAKVKAAAVAGHFDYW	1	-1	false
CAKTTYYDFWSGDPWFDPW	1	-1	false
CAKLYCSSTSCWDYW	1	-1	false
CAKHDAYYYYGMDVW	1	-1	false
CANGANRMVQGVNYYYYMDVW	1	-1	false
CANGRRGRGWDWFDPW	1	-1	false
CANRWFGENYW	1	-1	false
CANTLAAAGTDNWFDPW	1	-1	false
CANINIYYGMDVW	1	-1	false
CANEPAAHHDAFDIW	1	-1	false
CANGPSGYDFARMDVW	1	-1	false
CAILRVVTALWGSPLIDYW	1	-1	false
CARNEDITIFGVVIKGVLDYW	1	-1	false
CARPSDSYGDYVFGHFDYW	1	-1	false
CASPPGYCSSTSCYFPRYW	1	-1	false
CATNTGVDTAMARLNYYYYYYGMDVW	1	-1	false
CAEDRVPAAIYWFDPW	1	-1	false
CAAVYDFWSGYAYYYYYYMDVW	1	-1	false
CAAAPYQLPYLYYYYYMDVW	1	-1	false
CAATPVAGTDFDYW	1	-1	false
CAKRAPYSSSFPPFDYW	1	-1	false
CATPSYVVVTAIGHAFDIW	1	-1	false
CAKSPPYSGYDRLGFDPW	1	-1	false
CAKDRGGKTNAATMDAFDIW	1	-1	false
CARGAWAAAGTGWFDPW	2	-1	false
CARGAQTTVKSAWLGYW	1	-1	false
CARGSDQLLCMTNW	1	-1	false
CARGSAHYDFWSGYPRYYYYMDVW	1	-1	false
CARGFIDIVVVPAASRFDYW	1	-1	false
CARGTKGRNKRIVVVPAAHHYMDVW	1	-1	false
CARGTSSYSSSWYAAPHWYFDLW	1	-1	false
CARGRGRWLVPGYYYYGMDVW	1	-1	false
CARGIPSTEGGVGETDYW	1	-1	false
CARGIVVVPAAYMDVW	1	-1	false
CARGKDDYGDYDEYYFDYW	1	-1	false
CARGRAFDIW	3	-1	false
CARGSDDFWSGYRSRFYYYYMDVW	1	-1	false
CARGGRVTTRGWGYYYYYMDVW	1	-1	false
CARGGGDISIAVAGPGIIDYW	1	-1	false
CARGGTRRRMDVW	1	-1	false
CARGGQRGLYCSGGSCQTPPYYYYYYYMDVW	1	-1	false
CARGVYCSSTSCYPPGHNWFDPW	1	-1	false
CARGPGIAVAGTAENHLILVRFDPW	1	-1	false
CARGHMTTVTTWFDPW	1	-1	false
CARGSDLGYCTGGVCSDFDYW	1	-1	false
CARGKGRGIVVVPAAHAYYFDYW	1	-1	false
CARGNRFVGARTW	1	-1	false
CARGYFWSGYPSYYYYYYMDVW	1	-1	false
CARGGRDCSSTSCYRRGGRLRDYYMDVW	1	-1	false
CARGLASYCSSTSCYVGGGNYFDYW	1	-1	false
CARGLYCSSTSCPYFDYW	1	-1	false
CARGFRVGLWFRSNGALDYW	1	-1	false
CARVVVVVPAASLFRHYYYYYMDVW	1	-1	false
CARVRYSSSYRITGTTGGYYYYGMDVW	1	-1	false
CARVGDQPSDSSGWSFHFDYW	1	-1	false
CARVRNTIFGVVKGGHDYW	1	-1	false
CARPESGSYAWGAFDIW	1	-1	false
CASAGVDLDYW	1	-1	false
CARGGYCSSTSCYKERWFDPW	1	-1	false
CARVYYDFWSGYSAFDYW	1	-1	false
CARDQHGAFDIW	1	-1	false
CARDKGPMAAGPFDYW	1	-1	false
CARDFFLGTMTHYFDYW	1	-1	false
CARGGLYYDFWSGYMYYFDYW	1	-1	false
CARDFYVVTAHGGIFDYW	1	-1	false
CARGWGIAAAGTDYW	1	-1	false
CARGFGLRHLRHDIPDYW	1	-1	false
CARAPDYSTTFFDYW	1	-1	false
CARPEGYYDSSGYSFDYW	1	-1	false
CARDGEGDDYGDYLDYYYMDVW	1	-1	false
CARDEDFDWLLPMGYW	1	-1	false
CNVDIVATRSRRDFDYW	1	-1	false
CARDSKDCSSTSCQNYYYYYMDVW	1	-1	false
CARDYSIDYYYYYYMDVW	1	-1	false
CARDFTAMGDAFDIW	1	-1	false
CARDGGFWLEWLLWMDVW	1	-1	false
CARDPALRFLEWLSYHDAFDIW	1	-1	false
CARDRTHYDFWSGYGYW	1	-1	false
CARDSGLNYW	1	-1	false
CARDTDPSSTSSNFDYW	1	-1	false
CARERVPDVYGDSTEDYW	1	-1	false
CARENGAEDYW	1	-1	false
CARESAFWSGYYTGRWFDPW	1	-1	false
CARDPTEDTAMVELGVSW	1	-1	false
CARDPCSSTSCSQPFDYW	1	-1	false
CARDRIVVVPADSDWFDPW	1	-1	false
CARVQQWLGPFDYW	1	-1	false
CARGIAVAGCDYW	2	-1	false
CARGGAGYSSGWYGGNYW	1	-1	false
CARGSNFEGSGYSYW	1	-1	false
CARGLAAGYNWFDPW	1	-1	false
CASGEQVLDVW	1	-1	false
CARGGRYCSSTSCRLYDYYYMDVW	1	-1	false
CARGRGPRRGRVTGTHSWFDPW	1	-1	false
CARFLIAAAGPFDYW	1	-1	false
CARERRGITLVQGRRSKYYFDFW	1	-1	false
CARVGIMITFGGVIVGGGFDYW	1	3	true
CARQSCSSTSCYPFDYW	1	-1	false
CAXGARGTIFGVGGGYYYYYYMDVW	1	-1	false
CARDIEIRYFDWQNANYYYYYYMDVW	1	-1	false
CARQRTSCWDPW	1	-1	false
CAQEGYYDFWSAYSGYYYYMDVW	1	-1	false
CARETGYSYGYYYYYYMDVW	1	16	false
CAREADFWSGYLSNDAFDIW	1	-1	false
CARESWRGSGYYFDYW	1	-1	false
CARDRCSSTSCYFGPPYNWFDPW	1	-1	false
CARDTHQYCSSTSCPLDAFDIW	1	-1	false
CARDSGVYCSSTSCYGGNFDYW	1	-1	false
CARELELTNWFDPW	2	-1	false
CARERVGYCSSTSCYEDYYYYMDVW	1	-1	false
CAREPTQYNWNDDIWFDPW	1	-1	false
CARAIAQGYDFWSGSEDWFDPW	1	-1	false
CASSPRLLNWFDPW	2	-1	false
CAHMVWLPNMDVW	1	-1	false
CAHSTVTTVFPYDYW	1	-1	false
CAHYHALPDPGPDFDYW	1	-1	false
CAHLIQHYDFWSGYLYYFDYW	1	-1	false
CAHLYCSSTSCPRRFDAFDIW	1	-1	false
CARRTKSITIFEVVSWFDPW	1	-1	false
CARTTGRYNWNYGAFDIW	1	-1	false
CARGPVRSNVWYCSSTSCPRRPEYFQHW	1	-1	false
CAGLTYYYGMDVW	1	-1	false
CARRPVVVVAATEKDAFDIW	1	-1	false
CARPRGNELIVPAATYYFDYW	1	-1	false
CARKVGQWLVPGWFDPW	1	-1	false
CARHNPGNGWFDPW	1	-1	false
CARHKPIKHYYYMDVW	1	-1	false
CARHRRDLVVNHYYYYMDVW	1	-1	false
CARHVNYYGSGSYGPGPPNWFDPW	1	-1	false
CARHVFSYGGKVYYYYGMDVW	1	-1	false
CARHGGVDTAMVSHYYYYYYMDVW	1	-1	false
CARHAVDTLPAALNWFDPW	1	-1	false
CARHSPSDIVVVPAAMPVGDDAFDIW	1	-1	false
CARHPRPDGTPLNYYYYMDVW	1	-1	false
CARHPLDTAMVVGEVDYW	1	-1	false
CARHRSTSFDAFDIW	1	-1	false
CARQAGIAAAGTGWYFDYW	2	-1	false
CARQDLFGRSSSLPRPIDYW	1	-1	false
CARQTSDTITIFGVSYFDYW	1	-1	false
